year,sitecode,species_4code_IBP,territories
1991,BGGR,TRES,0.25
1991,BGGR,RWBL,14
1991,BGGR,BANS,4
1991,BGGR,FISP,4
1991,BGGR,EAME,2.5
1991,BGGR,SOSP,2.5
1991,BGGR,KILL,2
1991,BGGR,BRTH,1
1991,BGGR,CHSP,1
1991,BGGR,EUST,1
1991,BGGR,EAKI,0.5
1991,DCJS,TRES,6
1991,DCJS,CHSP,5.5
1991,DCJS,NHWR,4.5
1991,DCJS,SOSP,3
1991,DCJS,EUST,2
1991,DCJS,AMCR,1
1991,DCJS,FISP,1
1991,DCJS,NOFL,1
1991,DCJS,NOMO,1
1991,DCJS,RWBL,1
1991,DCSD,RWBL,4
1991,DCSD,EAKI,3.5
1991,DCSD,TRES,3.5
1991,DCSD,CHSP,2
1991,DCSD,FISP,1
1991,DCSD,NHWR,1
1991,DCSD,BAOR,0.5
1991,IDSS,TRES,6
1991,IDSS,CHSP,5
1991,IDSS,EUST,5
1991,IDSS,SOSP,5
1991,IDSS,EAKI,3
1991,IDSS,KILL,3
1991,IDSS,RWBL,2.5
1991,IDSS,NOMO,2
1991,IDSS,BOBO,1
1991,IDSS,MALL,1
1991,RARO,GHOW,0.25
1991,RARO,RWBL,18
1991,RARO,SOSP,14
1991,RARO,NHWR,11.5
1991,RARO,YEWA,9.5
1991,RARO,EAWP,9
1991,RARO,COYE,7
1991,RARO,TRES,7
1991,RARO,BAOR,6
1991,RARO,EUST,5.5
1991,RARO,EAKI,5
1991,RARO,COGR,4.5
1991,RARO,BHCO,3.5
1991,RARO,REVI,3
1991,RARO,FISP,2.5
1991,RARO,AGOL,2
1991,RARO,DOWO,2
1991,RARO,GCFL,2
1991,RARO,BCCH,1.5
1991,RARO,NOFL,1.5
1991,RARO,AMWO,1
1991,RARO,BLJA,1
1991,RARO,EATO,1
1991,RARO,GRCA,1
1991,RARO,HAWO,1
1991,RARO,WAVI,1
1991,ROIS,RWBL,28
1991,ROIS,SOSP,19.5
1991,ROIS,EAWP,14.5
1991,ROIS,NHWR,12.5
1991,ROIS,YEWA,11.5
1991,ROIS,COYE,9
1991,ROIS,TRES,8
1991,ROIS,EAKI,7.5
1991,ROIS,EUST,7.5
1991,ROIS,BAOR,5.5
1991,ROIS,COGR,5.5
1991,ROIS,WAVI,5.5
1991,ROIS,AGOL,4
1991,ROIS,LEFL,4
1991,ROIS,AMRE,3
1991,ROIS,BCCH,3
1991,ROIS,BHCO,3
1991,ROIS,DOWO,2.5
1991,ROIS,GCFL,2
1991,ROIS,REVI,2
1991,ROIS,AMRO,1
1991,ROIS,CARW,1
1991,ROIS,CEDW,1
1991,ROIS,GHOW,1
1991,ROIS,NOCA,1
1991,ROIS,SWSP,1
1991,ROIS,NOFL,0.5
1991,ROMF,RWBL,15
1991,ROMF,NHWR,14
1991,ROMF,SOSP,11.5
1991,ROMF,BAOR,11
1991,ROMF,TRES,11
1991,ROMF,EAWP,9
1991,ROMF,REVI,9
1991,ROMF,COGR,7
1991,ROMF,EAKI,6.5
1991,ROMF,YEWA,5.5
1991,ROMF,COYE,4.5
1991,ROMF,DOWO,4.5
1991,ROMF,GCFL,4.5
1991,ROMF,NOFL,3
1991,ROMF,BCCH,2.5
1991,ROMF,AMRO,2
1991,ROMF,BLJA,2
1991,ROMF,EATO,2
1991,ROMF,EUST,2
1991,ROMF,NOCA,2
1991,ROMF,RBWO,2
1991,ROMF,WBNU,2
1991,ROMF,AMWO,1
1991,ROMF,BHCO,1
1991,ROMF,RHWO,1
1991,ROMS,RWBL,21.5
1991,ROMS,SOSP,15
1991,ROMS,YEWA,13
1991,ROMS,EAWP,11.5
1991,ROMS,COYE,8.5
1991,ROMS,BAOR,8
1991,ROMS,NHWR,7
1991,ROMS,EUST,6.5
1991,ROMS,TRES,6
1991,ROMS,COGR,4.5
1991,ROMS,EAKI,4.5
1991,ROMS,AMRE,4
1991,ROMS,REVI,4
1991,ROMS,WAVI,4
1991,ROMS,AMRO,3
1991,ROMS,GCFL,3
1991,ROMS,BCCH,2
1991,ROMS,BHCO,2
1991,ROMS,DOWO,2
1991,ROMS,NOFL,2
1991,ROMS,AMWO,1
1991,ROMS,BLJA,1
1991,ROMS,CEDW,1
1991,ROMS,NOCA,1
1991,ROMS,WBNU,1
1991,ROWB,BTNW,0.25
1991,ROWB,NHWR,11
1991,ROWB,RWBL,10
1991,ROWB,TRES,9
1991,ROWB,BAOR,4
1991,ROWB,COYE,4
1991,ROWB,EAWP,3
1991,ROWB,GCFL,3
1991,ROWB,SOSP,3
1991,ROWB,AMRO,2.5
1991,ROWB,YEWA,2.5
1991,ROWB,COGR,2
1991,ROWB,EAKI,2
1991,ROWB,NOFL,2
1991,ROWB,RHWO,2
1991,ROWB,BGGN,1
1991,ROWB,BHCO,1
1991,ROWB,BLJA,1
1991,ROWB,CHSP,1
1991,ROWB,DOWO,1
1991,ROWB,EUST,1
1991,ROWB,EWPW,1
1991,ROWB,MODO,1
1991,ROWB,WAVI,1
1991,ROWB,AGOL,0.5
1991,ROWP,SOSP,16
1991,ROWP,TRES,8.5
1991,ROWP,NHWR,5
1991,ROWP,MAWR,4
1991,ROWP,BAOR,3
1991,ROWP,EAKI,3
1991,ROWP,EAWP,3
1991,ROWP,EUST,3
1991,ROWP,YEWA,2.5
1991,ROWP,AGOL,2
1991,ROWP,AMRO,2
1991,ROWP,COGR,2
1991,ROWP,ABDU,1
1991,ROWP,CEDW,1
1991,ROWP,MALL,1
1991,ROWP,PROW,1
1991,ROWP,REVI,1
1991,ROWP,CANG,0.5
1991,ROWP,COYE,0.5
1991,SRS1,SPSA,3.5
1991,SRS1,KILL,2.5
1991,SRS1,RWBL,2.5
1991,SRS1,EAKI,1
1991,SRS1,EABL,0.5
1991,SRS2,BHCO,0.25
1991,SRS2,KILL,2.5
1991,SRS2,RWBL,2
1991,SRS2,SPSA,1.5
1991,SRS2,CHSP,1
1991,SRS2,EAKI,0.5
1991,STDP,RWBL,30
1991,STDP,SOSP,9
1991,STDP,YEWA,4.5
1991,STDP,COYE,4
1991,STDP,TRES,4
1991,STDP,EAKI,3.5
1991,STDP,BAOR,1
1991,STDP,BCCH,1
1991,STDP,COGR,1
1991,STDP,NHWR,0.5
1991,TMSL,RWBL,12
1991,TMSL,COYE,10.5
1991,TMSL,SOSP,10.5
1991,TMSL,NHWR,10
1991,TMSL,COGR,6.5
1991,TMSL,BCCH,4
1991,TMSL,MODO,3.5
1991,TMSL,AGOL,3
1991,TMSL,BRTH,3
1991,TMSL,CARW,3
1991,TMSL,EAKI,3
1991,TMSL,EAWP,3
1991,TMSL,GRCA,3
1991,TMSL,BAOR,2.5
1991,TMSL,TRES,2.5
1991,TMSL,AMWO,2
1991,TMSL,GCFL,2
1991,TMSL,YEWA,2
1991,TMSL,BBCU,1
1991,TMSL,BLJA,1
1991,TMSL,CEDW,1
1991,TMSL,CHSP,1
1991,TMSL,EATO,1
1991,TMSL,FISP,1
1991,TMSL,MALL,1
1991,TMSL,NOCA,1
1991,TMSL,SWSP,1
1991,TMSL,NOFL,0.5
1991,WPWC,NHWR,20.5
1991,WPWC,COYE,8
1991,WPWC,CHSP,5
1991,WPWC,EATO,5
1991,WPWC,BAOR,4.5
1991,WPWC,RWBL,4.5
1991,WPWC,EAWP,3
1991,WPWC,FISP,2.5
1991,WPWC,SOSP,2.5
1991,WPWC,BCCH,2
1991,WPWC,GCFL,2
1991,WPWC,GRCA,2
1991,WPWC,MODO,2
1991,WPWC,BRTH,1.5
1991,WPWC,EAKI,1.5
1991,WPWC,AMRO,1
1991,WPWC,BHCO,1
1991,WPWC,BLJA,1
1991,WPWC,CAWA,1
1991,WPWC,CEDW,1
1991,WPWC,CWWI,1
1991,WPWC,NOFL,1
1991,WPWC,TRES,1
1991,WPWC,COGR,0.5
1992,DCSD,EUST,0.25
1992,DCSD,SOSP,0.25
1992,DCSD,TRES,6
1992,DCSD,EAKI,4
1992,DCSD,SPSA,3
1992,DCSD,BAOR,2
1992,DCSD,FISP,2
1992,DCSD,NHWR,2
1992,DCSD,RWBL,2
1992,DCSD,CHSP,1.5
1992,RARO,CARW,0.25
1992,RARO,RWBL,11.5
1992,RARO,NHWR,10
1992,RARO,SOSP,7.5
1992,RARO,EUST,6
1992,RARO,TRES,6
1992,RARO,REVI,5.5
1992,RARO,YEWA,5.5
1992,RARO,COGR,5
1992,RARO,EAKI,5
1992,RARO,EAWP,5
1992,RARO,BAOR,4.5
1992,RARO,COYE,3.5
1992,RARO,BHCO,2.5
1992,RARO,FISP,2
1992,RARO,NOFL,2
1992,RARO,GCFL,1.5
1992,RARO,AMKE,1
1992,RARO,AMWO,1
1992,RARO,BLJA,1
1992,RARO,DOWO,1
1992,RARO,WAVI,1
1992,RARO,WODU,1
1992,ROIS,RWBL,24
1992,ROIS,NHWR,18
1992,ROIS,SOSP,14
1992,ROIS,YEWA,11.5
1992,ROIS,EAWP,9.5
1992,ROIS,TRES,9
1992,ROIS,COYE,8.5
1992,ROIS,EAKI,8.5
1992,ROIS,BAOR,6.5
1992,ROIS,EUST,6.5
1992,ROIS,COGR,5
1992,ROIS,LEFL,5
1992,ROIS,WAVI,5
1992,ROIS,AMRE,3
1992,ROIS,GCFL,3
1992,ROIS,REVI,3
1992,ROIS,AGOL,2
1992,ROIS,BHCO,2
1992,ROIS,MODO,2
1992,ROIS,SWSP,2
1992,ROIS,AMRO,1
1992,ROIS,DOWO,1
1992,ROIS,NOFL,1
1992,ROIS,RTHA,1
1992,ROIS,GHOW,0.5
1992,TMSL,RWBL,11.5
1992,TMSL,COYE,9
1992,TMSL,NHWR,8.5
1992,TMSL,SOSP,8.5
1992,TMSL,COGR,6
1992,TMSL,YEWA,4.5
1992,TMSL,EAWP,4
1992,TMSL,FISP,3.5
1992,TMSL,BAOR,3
1992,TMSL,BCCH,3
1992,TMSL,BRTH,3
1992,TMSL,CHSP,3
1992,TMSL,GCFL,3
1992,TMSL,GRCA,3
1992,TMSL,MODO,3
1992,TMSL,TRES,3
1992,TMSL,EAKI,2.5
1992,TMSL,CARW,2
1992,TMSL,EATO,2
1992,TMSL,NOCA,2
1992,TMSL,SWSP,2
1992,TMSL,AGOL,1
1992,TMSL,AMWO,1
1992,TMSL,BHCO,1
1992,TMSL,CEDW,1
1992,TMSL,EUST,1
1992,TMSL,EWPW,1
1992,TMSL,INBU,1
1992,TMSL,MALL,1
1992,TMSL,VIRA,1
1992,TMSL,WODU,1
1992,TMSL,EAPH,0.5
1992,TMSL,NOFL,0.5
1993,IDSS,TRES,13.5
1993,IDSS,RWBL,9
1993,IDSS,CHSP,4
1993,IDSS,SOSP,4
1993,IDSS,EAKI,3.5
1993,IDSS,BRTH,3
1993,IDSS,COGR,3
1993,IDSS,EUST,2.5
1993,IDSS,FISP,2
1993,IDSS,KILL,2
1993,IDSS,AMRO,1
1993,IDSS,SPSA,1
1993,SRS1,RWBL,3.5
1993,SRS1,EAKI,1.5
1993,SRS1,KILL,1
1993,SRS1,SPSA,1
1993,SRS2,SOSP,2
1993,SRS2,CHSP,1
1993,SRS2,KILL,1
1993,SRS2,RWBL,0.5
1993,STDP,FISP,0.25
1993,STDP,RWBL,41
1993,STDP,SOSP,8.5
1993,STDP,COYE,6
1993,STDP,TRES,5.5
1993,STDP,EAKI,4
1993,STDP,BAOR,2
1993,STDP,COGR,2
1993,STDP,MODO,2
1993,STDP,YEWA,2
1993,STDP,NHWR,1.5
1993,STDP,CEDW,1
1993,WPWC,NHWR,27.5
1993,WPWC,GRCA,6
1993,WPWC,BAOR,5.5
1993,WPWC,CHSP,5.5
1993,WPWC,COYE,5.5
1993,WPWC,SOSP,5
1993,WPWC,TRES,4.5
1993,WPWC,MODO,4
1993,WPWC,EATO,3.5
1993,WPWC,FISP,3.5
1993,WPWC,EAWP,3
1993,WPWC,EWPW,3
1993,WPWC,RWBL,3
1993,WPWC,BCCH,2.5
1993,WPWC,GCFL,2.5
1993,WPWC,BHCO,2
1993,WPWC,CEDW,2
1993,WPWC,EAKI,1.5
1993,WPWC,EUST,1.5
1993,WPWC,NOCA,1.5
1993,WPWC,BLBW,1
1993,WPWC,BLJA,1
1993,WPWC,BRCR,1
1993,WPWC,CARW,1
1993,WPWC,COGR,1
1993,WPWC,CWWI,1
1993,WPWC,DOWO,1
1993,WPWC,LEFL,1
1993,WPWC,MAWA,1
1993,WPWC,NOFL,1
1993,WPWC,RBNU,1
1993,WPWC,REVI,1
1993,WPWC,WEVI,1
1993,WPWC,YBCU,1
1993,WPWC,AMRO,0.5
1993,WPWC,BRTH,0.5
1993,WPWC,MALL,0.5
1993,WPWC,YEWA,0.5
1994,ROMF,TRES,18.5
1994,ROMF,NHWR,14
1994,ROMF,EAWP,12
1994,ROMF,BAOR,9
1994,ROMF,RWBL,7
1994,ROMF,REVI,6
1994,ROMF,COYE,5
1994,ROMF,SOSP,4.5
1994,ROMF,YEWA,4.5
1994,ROMF,EUST,3.5
1994,ROMF,EAKI,3
1994,ROMF,GCFL,3
1994,ROMF,BHCO,2
1994,ROMF,DOWO,2
1994,ROMF,INBU,2
1994,ROMF,RBWO,2
1994,ROMF,WAVI,2
1994,ROMF,BCCH,1
1994,ROMF,BLJA,1
1994,ROMF,COGR,1
1994,ROMF,NOFL,1
1994,ROMF,RTHA,0.5
1994,ROMF,YBCU,1
1994,ROMF,AMRE,0.5
1994,ROMF,BGGN,0.5
1994,ROMF,RHWO,0.5
1994,ROMS,EAWP,13
1994,ROMS,RWBL,12.5
1994,ROMS,NHWR,12
1994,ROMS,SOSP,8
1994,ROMS,COYE,7.5
1994,ROMS,TRES,7
1994,ROMS,BAOR,6
1994,ROMS,YEWA,6
1994,ROMS,WAVI,3
1994,ROMS,BHCO,2
1994,ROMS,COGR,2
1994,ROMS,EAKI,2
1994,ROMS,EUST,2
1994,ROMS,GCFL,2
1994,ROMS,AMRO,1.5
1994,ROMS,AMRE,1
1994,ROMS,BCCH,1
1994,ROMS,BLJA,1
1994,ROMS,CEDW,1
1994,ROMS,DOWO,1
1994,ROMS,NOCA,1
1994,ROMS,NOFL,1
1994,ROMS,REVI,1
1994,ROMS,RHWO,1
1994,ROMS,WBNU,1
1994,ROMS,YBCU,1
1994,ROMS,GHOW,0.5
1994,ROWB,RWBL,16.5
1994,ROWB,NHWR,12
1994,ROWB,TRES,11
1994,ROWB,EAWP,10
1994,ROWB,YEWA,7.5
1994,ROWB,BAOR,6
1994,ROWB,WAVI,5.5
1994,ROWB,COYE,4.5
1994,ROWB,EUST,4
1994,ROWB,REVI,4
1994,ROWB,AMRO,3
1994,ROWB,GRCA,3
1994,ROWB,MODO,3
1994,ROWB,SOSP,3
1994,ROWB,COGR,2
1994,ROWB,DOWO,2
1994,ROWB,EAKI,2
1994,ROWB,EWPW,2
1994,ROWB,GCFL,2
1994,ROWB,NOFL,2
1994,ROWB,YBCU,2
1994,ROWB,BGGN,1.5
1994,ROWB,AMRE,1
1994,ROWB,BCCH,1
1994,ROWB,BLJA,1
1994,ROWB,CHSP,1
1994,ROWB,RTHU,1
1994,ROWB,RBWO,0.5
1994,ROWP,TRES,17
1994,ROWP,RWBL,16
1994,ROWP,SOSP,8
1994,ROWP,EAWP,6
1994,ROWP,YEWA,5.5
1994,ROWP,BAOR,5
1994,ROWP,EUST,5
1994,ROWP,COGR,4
1994,ROWP,COYE,3
1994,ROWP,EAKI,3
1994,ROWP,MAWR,1.5
1994,ROWP,NOFL,2
1994,ROWP,AMRO,1
1994,ROWP,DOWO,1
1994,ROWP,GHOW,1
1994,ROWP,NHWR,1
1994,ROWP,RHWO,1
1994,ROWP,MODO,0.5
1995,BGGR,RWBL,12
1995,BGGR,SOSP,10
1995,BGGR,FISP,7.5
1995,BGGR,EAKI,3
1995,BGGR,KILL,3
1995,BGGR,TRES,3
1995,BGGR,COYE,2
1995,BGGR,EAME,2
1995,BGGR,NRWS,2
1995,BGGR,BHCO,1
1995,BGGR,YEWA,1
1995,DCJS,SOSP,11
1995,DCJS,CHSP,8
1995,DCJS,TRES,6
1995,DCJS,FISP,4
1995,DCJS,BHCO,2
1995,DCJS,BRTH,2
1995,DCJS,KILL,2
1995,DCJS,NOMO,1
1995,DCJS,NRWS,1
1995,DCJS,RWBL,1
1995,IDSS,TRES,22
1995,IDSS,EUST,6
1995,IDSS,SOSP,5.5
1995,IDSS,CHSP,5
1995,IDSS,FISP,3
1995,IDSS,NHWR,2.5
1995,IDSS,BHCO,2
1995,IDSS,EAKI,2
1995,IDSS,KILL,2
1995,IDSS,NRWS,2
1995,IDSS,RWBL,2
1995,IDSS,SPSA,2
1995,IDSS,COGR,1
1995,WPWC,NHWR,22.5
1995,WPWC,SOSP,9
1995,WPWC,CHSP,6.5
1995,WPWC,EATO,6
1995,WPWC,BAOR,5.5
1995,WPWC,BHCO,4
1995,WPWC,COYE,4
1995,WPWC,GRCA,4
1995,WPWC,RWBL,3.5
1995,WPWC,BLJA,3
1995,WPWC,COGR,3
1995,WPWC,EAKI,3
1995,WPWC,EAWP,3
1995,WPWC,GCFL,3
1995,WPWC,NOCA,3
1995,WPWC,AMRO,2
1995,WPWC,BCCH,2
1995,WPWC,EWPW,2
1995,WPWC,MODO,2
1995,WPWC,TRES,2
1995,WPWC,YEWA,2
1995,WPWC,AGOL,1
1995,WPWC,BRTH,1
1995,WPWC,CARW,1
1995,WPWC,CWWI,1
1995,WPWC,FISP,1
1995,WPWC,WEVI,1
1995,WPWC,NOFL,0.5
1996,DCSD,TRES,6.5
1996,DCSD,SOSP,3.5
1996,DCSD,EAKI,2.5
1996,DCSD,CHSP,1
1996,DCSD,FISP,0.5
1996,DCSD,SPSA,0.5
1996,RARO,BCCH,0.25
1996,RARO,RBWO,0.25
1996,RARO,RWBL,14
1996,RARO,NHWR,13.5
1996,RARO,COYE,9.5
1996,RARO,YEWA,9.5
1996,RARO,TRES,8
1996,RARO,SOSP,7
1996,RARO,AMRE,5.5
1996,RARO,BAOR,5.5
1996,RARO,EAKI,5.5
1996,RARO,EAWP,5.5
1996,RARO,WAVI,5
1996,RARO,MODO,4
1996,RARO,REVI,4
1996,RARO,COGR,3
1996,RARO,BGGN,2
1996,RARO,EUST,2
1996,RARO,BHCO,1
1996,RARO,BLJA,1
1996,RARO,EATO,1
1996,RARO,EWPW,1
1996,RARO,GCFL,1
1996,RARO,GRCA,1
1996,RARO,NOFL,1
1996,RARO,RTHU,1
1996,RARO,WBNU,1
1996,RARO,YBCU,1
1996,RARO,FISP,0.5
1996,RARO,INBU,0.5
1996,ROIS,GHOW,0.25
1996,ROIS,RWBL,28
1996,ROIS,YEWA,18
1996,ROIS,COYE,14
1996,ROIS,SOSP,11
1996,ROIS,NHWR,10
1996,ROIS,EAWP,9.5
1996,ROIS,TRES,9
1996,ROIS,WAVI,7
1996,ROIS,SWSP,4.5
1996,ROIS,BAOR,3.5
1996,ROIS,EUST,3.5
1996,ROIS,EAKI,3
1996,ROIS,MAWR,3
1996,ROIS,REVI,3
1996,ROIS,AMRE,2.5
1996,ROIS,COGR,2
1996,ROIS,AMWO,1
1996,ROIS,DOWO,1
1996,ROIS,EWPW,1
1996,ROIS,GRCA,1
1996,ROIS,LEFL,1
1996,ROIS,NOFL,1
1996,TMSL,RWBL,18
1996,TMSL,YEWA,17
1996,TMSL,COYE,15
1996,TMSL,NHWR,13
1996,TMSL,GRCA,10
1996,TMSL,SOSP,10
1996,TMSL,CHSP,7.5
1996,TMSL,EAWP,6
1996,TMSL,EATO,5
1996,TMSL,BAOR,4
1996,TMSL,TRES,4
1996,TMSL,AMRE,3
1996,TMSL,BHCO,3
1996,TMSL,BRTH,3
1996,TMSL,EAKI,3
1996,TMSL,NOCA,3
1996,TMSL,REVI,3
1996,TMSL,MODO,2.5
1996,TMSL,AMWO,2
1996,TMSL,BGGN,2
1996,TMSL,EWPW,2
1996,TMSL,GCFL,2
1996,TMSL,RTHU,1
1996,TMSL,SWSP,2
1996,TMSL,AGOL,1
1996,TMSL,BCCH,1
1996,TMSL,BLJA,1
1996,TMSL,CEDW,1
1996,TMSL,COGR,1
1996,TMSL,MAWR,1
1996,TMSL,WEVI,1
1997,IDSS,TRES,19
1997,IDSS,RWBL,10
1997,IDSS,SOSP,6
1997,IDSS,FISP,5
1997,IDSS,CHSP,3
1997,IDSS,EAKI,1.5
1997,IDSS,NHWR,1.5
1997,IDSS,BHCO,1
1997,IDSS,BRTH,1
1997,IDSS,EUST,1
1997,IDSS,KILL,1
1997,IDSS,NOMO,1
1997,IDSS,SPSA,1
1997,ROWB,EATO,0.25
1997,ROWB,RBWO,0.25
1997,ROWB,TRES,14
1997,ROWB,RWBL,13
1997,ROWB,NHWR,12
1997,ROWB,BAOR,11
1997,ROWB,EAWP,8
1997,ROWB,YEWA,7.5
1997,ROWB,COYE,6
1997,ROWB,REVI,5
1997,ROWB,EUST,4
1997,ROWB,EAKI,3.5
1997,ROWB,CHSP,3
1997,ROWB,NOFL,3
1997,ROWB,WAVI,3
1997,ROWB,GRCA,2.5
1997,ROWB,AMRE,2
1997,ROWB,BCCH,2
1997,ROWB,BGGN,2
1997,ROWB,BLJA,2
1997,ROWB,GCFL,2
1997,ROWB,YBCU,2
1997,ROWB,MODO,1.5
1997,ROWB,AMRO,1
1997,ROWB,COGR,1
1997,ROWB,DOWO,1
1997,ROWB,EWPW,1
1997,ROWB,NOCA,1
1997,ROWB,RTHA,1
1997,ROWB,RTHU,1
1997,ROWB,SOSP,1
1997,ROWP,RWBL,22
1997,ROWP,TRES,14
1997,ROWP,YEWA,11
1997,ROWP,SOSP,10
1997,ROWP,EAWP,6
1997,ROWP,BAOR,5
1997,ROWP,COYE,5
1997,ROWP,EAKI,4
1997,ROWP,EUST,3
1997,ROWP,COGR,2
1997,ROWP,NOCA,2
1997,ROWP,REVI,2
1997,ROWP,WAVI,2
1997,ROWP,AMRO,1.5
1997,ROWP,DOWO,1
1997,ROWP,GRCA,1
1997,ROWP,NHWR,1
1997,ROWP,LEBI,1
1997,ROWP,MODO,1
1997,ROWP,WIFL,1
1997,SRS1,RWBL,5
1997,SRS1,KILL,1
1997,SRS1,SOSP,1
1997,SRS1,EAKI,0.5
1997,SRS1,SPSA,0.5
1997,SRS2,SOSP,2.5
1997,SRS2,RWBL,2
1997,SRS2,TRES,2
1997,SRS2,EAKI,0.5
1998,BGGR,FISP,6.5
1998,BGGR,RWBL,4
1998,BGGR,EAKI,3.5
1998,BGGR,SOSP,3.5
1998,BGGR,TRES,3
1998,BGGR,BANS,2
1998,BGGR,CHSP,2
1998,BGGR,COYE,2
1998,BGGR,BAOR,1
1998,BGGR,EAME,1
1998,BGGR,GRCA,1
1998,BGGR,KILL,1
1998,BGGR,MODO,1
1998,BGGR,NOFL,1
1998,BGGR,BRTH,0.5
1998,ROMS,NHWR,14.5
1998,ROMS,EAWP,8.5
1998,ROMS,YEWA,8
1998,ROMS,COYE,7
1998,ROMS,TRES,7
1998,ROMS,WAVI,6
1998,ROMS,EAKI,5.5
1998,ROMS,RWBL,5.5
1998,ROMS,SOSP,5.5
1998,ROMS,BAOR,5
1998,ROMS,EUST,4
1998,ROMS,GCFL,3.5
1998,ROMS,BCCH,3
1998,ROMS,BLJA,2
1998,ROMS,COGR,2
1998,ROMS,NOFL,2
1998,ROMS,REVI,2
1998,ROMS,AMRE,1
1998,ROMS,AMWO,1
1998,ROMS,BHCO,1
1998,ROMS,DOWO,1
1998,ROMS,RBWO,1
1998,ROMS,RTHU,1
1998,ROMS,WBNU,1
1998,ROMS,GHOW,0.5
1998,STDP,RWBL,24.5
1998,STDP,SOSP,9
1998,STDP,YEWA,9
1998,STDP,COYE,8
1998,STDP,TRES,4.5
1998,STDP,EAKI,2
1998,STDP,BAOR,1.5
1998,STDP,COGR,1
1998,STDP,MODO,1
1998,STDP,WAVI,1
1998,STDP,GCFL,0.5
1998,WPWC,NHWR,16
1998,WPWC,SOSP,9.5
1998,WPWC,COYE,6
1998,WPWC,RWBL,5
1998,WPWC,YEWA,5
1998,WPWC,CHSP,4
1998,WPWC,MODO,4
1998,WPWC,EAKI,3.5
1998,WPWC,CARW,3
1998,WPWC,COGR,3
1998,WPWC,EAWP,3
1998,WPWC,BAOR,2.5
1998,WPWC,EWPW,2.5
1998,WPWC,AMRO,2
1998,WPWC,EATO,2
1998,WPWC,GCFL,2
1998,WPWC,GRCA,2
1998,WPWC,BCCH,1
1998,WPWC,BHCO,1
1998,WPWC,BLJA,1
1998,WPWC,TRES,1
1998,WPWC,WIWR,1
1998,WPWC,WTSP,1
1998,WPWC,BRTH,0.5
1999,DCJS,SOSP,35
1999,DCJS,CHSP,18
1999,DCJS,FISP,10
1999,DCJS,TRES,6.5
1999,DCJS,BHCO,5
1999,DCJS,EWPW,2
1999,DCJS,WISN,2
1999,DCJS,YEWA,1.5
1999,DCJS,AMRO,1
1999,DCJS,KILL,0.5
1999,RARO,RWBL,18
1999,RARO,BAOR,10.5
1999,RARO,TRES,10
1999,RARO,YEWA,8.5
1999,RARO,EAWP,7.5
1999,RARO,NHWR,7.5
1999,RARO,COYE,7
1999,RARO,EAKI,6.5
1999,RARO,REVI,6.5
1999,RARO,SOSP,5.5
1999,RARO,EWPW,5
1999,RARO,WAVI,4
1999,RARO,COGR,3
1999,RARO,GCFL,3
1999,RARO,NOFL,3
1999,RARO,AMWO,2
1999,RARO,BGGN,2
1999,RARO,GRCA,2
1999,RARO,BHCO,1.5
1999,RARO,BCCH,1
1999,RARO,EATO,1
1999,RARO,FISP,1
1999,RARO,RBWO,1
1999,RARO,LEFL,0.25
1999,RARO,RTHA,0.25
1999,ROMF,NHWR,30
1999,ROMF,TRES,29
1999,ROMF,BAOR,15
1999,ROMF,EAWP,12.5
1999,ROMF,REVI,12
1999,ROMF,RWBL,9
1999,ROMF,COYE,6.5
1999,ROMF,EAKI,6.5
1999,ROMF,YEWA,6
1999,ROMF,GCFL,5.5
1999,ROMF,EATO,3
1999,ROMF,SOSP,2.5
1999,ROMF,AMRO,2
1999,ROMF,BHCO,2
1999,ROMF,BLJA,2
1999,ROMF,EUST,2
1999,ROMF,NOFL,2
1999,ROMF,RBWO,2
1999,ROMF,WAVI,2
1999,ROMF,AMRE,1
1999,ROMF,BGGN,1
1999,ROMF,DOWO,1
1999,ROMF,EWPW,1
1999,ROMF,GRCA,1
1999,ROMF,NOCA,1
1999,ROMF,SCTA,1
1999,ROMF,WEVI,1
1999,ROMS,NHWR,14
1999,ROMS,BAOR,10.5
1999,ROMS,EAWP,10
1999,ROMS,RWBL,8
1999,ROMS,TRES,8
1999,ROMS,SOSP,7
1999,ROMS,EAKI,6
1999,ROMS,WAVI,6
1999,ROMS,YEWA,5
1999,ROMS,COYE,4.5
1999,ROMS,EUST,4
1999,ROMS,GCFL,3
1999,ROMS,BLJA,2
1999,ROMS,COGR,2
1999,ROMS,EATO,2
1999,ROMS,REVI,2
1999,ROMS,AMWO,1
1999,ROMS,BCCH,1
1999,ROMS,BGGN,1
1999,ROMS,BHCO,1
1999,ROMS,NOFL,1
1999,ROMS,RBWO,1
2000,DCJS,CHSP,9.5
2000,DCJS,SOSP,9
2000,DCJS,TRES,6
2000,DCJS,FISP,5
2000,DCJS,YEWA,3.5
2000,DCJS,RWBL,2
2000,DCJS,KILL,1.5
2000,DCJS,AMRO,1
2000,DCJS,CEDW,1
2000,ROIS,GHOW,0.25
2000,ROIS,RWBL,29
2000,ROIS,YEWA,22
2000,ROIS,COYE,13.5
2000,ROIS,NHWR,13.5
2000,ROIS,SOSP,11.5
2000,ROIS,TRES,10
2000,ROIS,EAWP,9
2000,ROIS,WAVI,6.5
2000,ROIS,EAKI,5
2000,ROIS,AMRE,4
2000,ROIS,BAOR,4
2000,ROIS,COGR,4
2000,ROIS,GRCA,4
2000,ROIS,REVI,4
2000,ROIS,SWSP,3.5
2000,ROIS,EUST,3
2000,ROIS,GCFL,3
2000,ROIS,AMRO,2
2000,ROIS,BCCH,2
2000,ROIS,BHCO,2
2000,ROIS,MODO,2
2000,ROIS,AMWO,1
2000,ROIS,BGGN,1
2000,ROIS,BLJA,1
2000,ROIS,LEFL,1
2000,ROIS,NOCA,1
2000,ROIS,NOFL,1
2000,ROIS,DOWO,0.5
2000,ROMF,NHWR,22
2000,ROMF,EAWP,14.5
2000,ROMF,TRES,14
2000,ROMF,BAOR,9.5
2000,ROMF,SOSP,8
2000,ROMF,REVI,7
2000,ROMF,COYE,6
2000,ROMF,WAVI,6
2000,ROMF,INBU,5
2000,ROMF,RWBL,5
2000,ROMF,BCCH,4
2000,ROMF,DOWO,4
2000,ROMF,EAKI,4
2000,ROMF,EUST,4
2000,ROMF,GRCA,4
2000,ROMF,BGGN,3
2000,ROMF,GCFL,3
2000,ROMF,MODO,3
2000,ROMF,NOFL,3
2000,ROMF,RHWO,3
2000,ROMF,YEWA,3
2000,ROMF,AMRO,2
2000,ROMF,BLJA,2
2000,ROMF,CEDW,2
2000,ROMF,RBWO,2
2000,ROMF,WBNU,2
2000,ROMF,AMRE,1
2000,ROMF,COGR,1
2000,ROMF,EATO,1
2000,ROMF,EWPW,1
2000,ROMF,HAWO,1
2000,ROMF,NOCA,1
2000,ROMF,RTHU,1
2000,ROMF,YBCU,1
2000,ROMF,RTHA,0.5
2000,TMSL,YEWA,28
2000,TMSL,RWBL,17.5
2000,TMSL,NHWR,13
2000,TMSL,COYE,12.5
2000,TMSL,GRCA,9
2000,TMSL,SOSP,8.5
2000,TMSL,CHSP,8
2000,TMSL,EAWP,5
2000,TMSL,TRES,5
2000,TMSL,AMWO,4
2000,TMSL,BRTH,4
2000,TMSL,EAKI,4
2000,TMSL,GCFL,4
2000,TMSL,MODO,4
2000,TMSL,EWPW,3
2000,TMSL,SWSP,3
2000,TMSL,BCCH,2
2000,TMSL,CEDW,2
2000,TMSL,AMRO,1
2000,TMSL,BAOR,1
2000,TMSL,BGGN,1
2000,TMSL,BLJA,1
2000,TMSL,CARW,1
2000,TMSL,COGR,1
2000,TMSL,EATO,1
2000,TMSL,MALL,1
2000,TMSL,MAWR,1
2000,TMSL,NOCA,1
2000,TMSL,RTHU,1
2001,DCSD,CHSP,5.5
2001,DCSD,EAKI,3
2001,DCSD,TRES,3
2001,DCSD,SOSP,1
2001,DCSD,FISP,0.5
2001,DCSD,NOMO,0.5
2001,RARO,NHWR,19
2001,RARO,RWBL,10
2001,RARO,BAOR,7
2001,RARO,EAWP,7
2001,RARO,SOSP,7
2001,RARO,COYE,6
2001,RARO,TRES,6
2001,RARO,EAKI,5.5
2001,RARO,FISP,4.5
2001,RARO,YEWA,4
2001,RARO,EUST,2.5
2001,RARO,AMWO,2
2001,RARO,BHCO,2
2001,RARO,BLJA,2
2001,RARO,DOWO,2
2001,RARO,EATO,2
2001,RARO,GRCA,2
2001,RARO,REVI,2
2001,RARO,WAVI,2
2001,RARO,NOFL,1.5
2001,RARO,COGR,1
2001,RARO,YBCU,1
2001,ROIS,RWBL,26
2001,ROIS,YEWA,17.5
2001,ROIS,EAWP,10.5
2001,ROIS,COYE,8.5
2001,ROIS,NHWR,8.5
2001,ROIS,SOSP,8.5
2001,ROIS,TRES,8
2001,ROIS,WAVI,6
2001,ROIS,AMRE,4
2001,ROIS,GRCA,4
2001,ROIS,REVI,4
2001,ROIS,BAOR,3
2001,ROIS,EAKI,3
2001,ROIS,BCCH,2
2001,ROIS,BHCO,2
2001,ROIS,EUST,2
2001,ROIS,SWSP,2
2001,ROIS,AMRO,1.5
2001,ROIS,MODO,1.5
2001,ROIS,AGOL,1
2001,ROIS,AMWO,1
2001,ROIS,BGGN,1
2001,ROIS,COGR,1
2001,ROIS,GCFL,1
2001,ROIS,NOCA,1
2001,ROIS,NOFL,1
2001,ROIS,RBWO,1
2001,TMSL,YEWA,16
2001,TMSL,RWBL,14
2001,TMSL,GRCA,9
2001,TMSL,NHWR,6
2001,TMSL,COYE,5
2001,TMSL,CEDW,4
2001,TMSL,COGR,4
2001,TMSL,EATO,4
2001,TMSL,TRES,4
2001,TMSL,MODO,3.5
2001,TMSL,BCCH,3
2001,TMSL,CHSP,3
2001,TMSL,SOSP,3
2001,TMSL,AMRO,2
2001,TMSL,AMWO,2
2001,TMSL,BHCO,2
2001,TMSL,BRTH,2
2001,TMSL,EAKI,2
2001,TMSL,EWPW,2
2001,TMSL,GCFL,2
2001,TMSL,LEFL,2
2001,TMSL,AGOL,1
2001,TMSL,BGGN,1
2001,TMSL,BLJA,1
2001,TMSL,CARW,1
2001,TMSL,EAWP,1
2001,TMSL,EUST,1
2001,TMSL,NOCA,1
2001,TMSL,NOFL,1
2001,TMSL,WEVI,1
2001,TMSL,WIFL,1
2001,TMSL,YBCU,1
2002,ROWB,RWBL,12
2002,ROWB,NHWR,10.5
2002,ROWB,TRES,8
2002,ROWB,YEWA,7
2002,ROWB,GRCA,5
2002,ROWB,BAOR,4
2002,ROWB,COYE,4
2002,ROWB,EWPW,4
2002,ROWB,EAKI,3
2002,ROWB,EAWP,3
2002,ROWB,SOSP,3
2002,ROWB,COGR,2
2002,ROWB,EUST,2
2002,ROWB,GCFL,2
2002,ROWB,AMRO,1
2002,ROWB,BCCH,1
2002,ROWB,BGGN,1
2002,ROWB,BHCO,1
2002,ROWB,CHSP,1
2002,ROWB,DOWO,1
2002,ROWB,EATO,1
2002,ROWB,HOME,1
2002,ROWB,NOCA,1
2002,ROWB,NOFL,1
2002,ROWB,REVI,1
2002,ROWB,WAVI,1
2002,ROWB,YBCU,1
2002,ROWP,RWBL,16
2002,ROWP,YEWA,12
2002,ROWP,COYE,7.5
2002,ROWP,EAWP,6
2002,ROWP,TRES,6
2002,ROWP,SOSP,5
2002,ROWP,BAOR,3
2002,ROWP,EAKI,3
2002,ROWP,GRCA,3
2002,ROWP,CARW,2
2002,ROWP,EUST,2
2002,ROWP,NOCA,2
2002,ROWP,WAVI,2
2002,ROWP,AMWO,1
2002,ROWP,BHCO,1
2002,ROWP,CHSP,1
2002,ROWP,COGR,1
2002,ROWP,NHWR,1
2002,ROWP,MAWR,1
2002,ROWP,NOFL,1
2002,ROWP,WIFL,1
2002,ROWP,WODU,1
2002,SRS1,RWBL,5
2002,SRS1,EAKI,2
2002,SRS1,KILL,2
2002,SRS1,CHSP,0.5
2002,SRS2,KILL,3
2002,SRS2,RWBL,3
2002,SRS2,SPSA,2
2002,SRS2,EAKI,1
2002,SRS2,CHSP,0.5
2002,WPWC,YEWA,14
2002,WPWC,NHWR,8
2002,WPWC,CHSP,6
2002,WPWC,GRCA,6
2002,WPWC,EAWP,5
2002,WPWC,EATO,4
2002,WPWC,BHCO,3
2002,WPWC,TRES,3
2002,WPWC,AMRO,2
2002,WPWC,BAOR,2
2002,WPWC,BCCH,2
2002,WPWC,COYE,2
2002,WPWC,MODO,2
2002,WPWC,RWBL,1.5
2002,WPWC,BLJA,1
2002,WPWC,CEDW,1
2002,WPWC,COGR,1
2002,WPWC,EWPW,1
2002,WPWC,FISP,1
2002,WPWC,GCFL,1
2002,WPWC,NOCA,1
2002,WPWC,REVI,1
2002,WPWC,SOSP,1
2002,WPWC,EAKI,0.5
2002,WPWC,LEFL,0.5
2003,BGGR,FISP,6
2003,BGGR,COYE,4
2003,BGGR,RWBL,4
2003,BGGR,CHSP,3
2003,BGGR,EAKI,3
2003,BGGR,KILL,3
2003,BGGR,NRWS,3
2003,BGGR,SOSP,3
2003,BGGR,BANS,2
2003,BGGR,MODO,2
2003,BGGR,NOMO,2
2003,BGGR,TRES,2
2003,BGGR,YEWA,2
2003,BGGR,BAOR,1.5
2003,BGGR,EUST,1
2003,BGGR,NOFL,1
2003,IDSS,TRES,10.5
2003,IDSS,CHSP,6
2003,IDSS,BRTH,5
2003,IDSS,KILL,5
2003,IDSS,EAKI,3
2003,IDSS,SOSP,3
2003,IDSS,NOMO,2.5
2003,IDSS,COGR,2
2003,IDSS,EUST,2
2003,IDSS,MODO,2
2003,IDSS,WAVI,2
2003,IDSS,BHCO,1
2003,IDSS,NHWR,1
2003,IDSS,RWBL,1
2003,IDSS,COYE,0.5
2003,IDSS,YEWA,0.5
2003,STDP,BRTH,0.25
2003,STDP,EWPW,0.25
2003,STDP,GRCA,0.25
2003,STDP,RWBL,31
2003,STDP,YEWA,8
2003,STDP,COYE,7.5
2003,STDP,EAKI,5
2003,STDP,SOSP,3.5
2003,STDP,BAOR,2
2003,STDP,SWSP,2
2003,STDP,TRES,2
2003,STDP,CHSP,1.5
2003,STDP,CEDW,1
2003,STDP,EAWP,1
2003,STDP,FISP,1
2003,STDP,MALL,1
2003,STDP,SORA,1
2003,WPWC,YEWA,14
2003,WPWC,NHWR,8.5
2003,WPWC,CHSP,7
2003,WPWC,COYE,6.5
2003,WPWC,GRCA,5.5
2003,WPWC,EATO,5
2003,WPWC,EAWP,4.5
2003,WPWC,REVI,4
2003,WPWC,BAOR,2.5
2003,WPWC,NOCA,2.5
2003,WPWC,BCCH,2
2003,WPWC,EAKI,2
2003,WPWC,GCFL,2
2003,WPWC,RWBL,2
2003,WPWC,SOSP,2
2003,WPWC,WEVI,2
2003,WPWC,CARW,1.5
2003,WPWC,AMRE,1
2003,WPWC,BHCO,1
2003,WPWC,BLJA,1
2003,WPWC,COHA,1
2003,WPWC,EWPW,1
2003,WPWC,FISP,1
2003,WPWC,MODO,1
2003,WPWC,PIWA,1
2003,WPWC,AMRO,0.5
2004,DCJS,SOSP,8.5
2004,DCJS,CHSP,6
2004,DCJS,FISP,4
2004,DCJS,EAKI,2
2004,DCJS,MODO,2
2004,DCJS,RWBL,2
2004,DCJS,TRES,2
2004,DCJS,EATO,1.5
2004,DCJS,YEWA,1.5
2004,DCJS,AMRO,1
2004,DCJS,BRTH,1
2004,DCJS,COGR,1
2004,DCJS,HOFI,1
2004,DCJS,NHWR,1
2004,DCJS,NOMO,1
2004,IDSS,TRES,10.5
2004,IDSS,CHSP,7
2004,IDSS,EAKI,2.5
2004,IDSS,BRTH,2
2004,IDSS,COGR,2
2004,IDSS,FISP,2
2004,IDSS,NHWR,2
2004,IDSS,KILL,2
2004,IDSS,MODO,2
2004,IDSS,NOMO,2
2004,IDSS,EUST,1
2004,IDSS,EWPW,1
2004,ROMF,SWSP,0.25
2004,ROMF,NHWR,24.5
2004,ROMF,TRES,17
2004,ROMF,COYE,14.5
2004,ROMF,BAOR,12
2004,ROMF,EAWP,12
2004,ROMF,SOSP,9
2004,ROMF,GRCA,8
2004,ROMF,INBU,8
2004,ROMF,RWBL,6.5
2004,ROMF,EAKI,6
2004,ROMF,EUST,5.5
2004,ROMF,YEWA,5.5
2004,ROMF,REVI,4.5
2004,ROMF,BHCO,4
2004,ROMF,MODO,4
2004,ROMF,NOFL,4
2004,ROMF,GCFL,3.5
2004,ROMF,COGR,3
2004,ROMF,DOWO,3
2004,ROMF,EATO,3
2004,ROMF,RBWO,3
2004,ROMF,WAVI,3
2004,ROMF,AMRO,2.5
2004,ROMF,EWPW,2.5
2004,ROMF,AMRE,2
2004,ROMF,BCCH,2
2004,ROMF,BLJA,2
2004,ROMF,NOCA,2
2004,ROMF,RBGR,2
2004,ROMF,WBNU,2
2004,ROMF,YBCU,2
2004,ROMF,FISP,1.5
2004,ROMF,AMWO,1
2004,ROMF,BBCU,1
2004,ROMF,BGGN,1
2004,ROMF,HAWO,1
2004,ROMF,SCTA,1
2004,ROMF,RTHA,0.5
2004,ROMS,NHWR,18.5
2004,ROMS,COYE,14
2004,ROMS,TRES,12
2004,ROMS,YEWA,12
2004,ROMS,SOSP,11.5
2004,ROMS,EAWP,10.5
2004,ROMS,RWBL,10
2004,ROMS,BAOR,9
2004,ROMS,GRCA,8
2004,ROMS,EAKI,7
2004,ROMS,WAVI,7
2004,ROMS,INBU,6
2004,ROMS,EUST,5
2004,ROMS,AMRO,4
2004,ROMS,FISP,4
2004,ROMS,BCCH,3.5
2004,ROMS,BLJA,3.5
2004,ROMS,COGR,3
2004,ROMS,GCFL,3
2004,ROMS,NOFL,3
2004,ROMS,REVI,3
2004,ROMS,WBNU,3
2004,ROMS,BHCO,2
2004,ROMS,EATO,2
2004,ROMS,NOCA,2
2004,ROMS,RBWO,2
2004,ROMS,DOWO,1.5
2004,ROMS,BGGN,1
2004,ROMS,CSWA,1
2004,ROMS,HAWO,1
2004,ROMS,RTHU,1
2004,ROMS,YBCU,1
2005,ROIS,YEWA,18
2005,ROIS,RWBL,14.5
2005,ROIS,NHWR,12.5
2005,ROIS,SOSP,10.5
2005,ROIS,EAWP,10
2005,ROIS,COYE,9
2005,ROIS,AMRO,5
2005,ROIS,GRCA,5
2005,ROIS,REVI,5
2005,ROIS,WAVI,5
2005,ROIS,TRES,4.5
2005,ROIS,BAOR,4
2005,ROIS,EAKI,4
2005,ROIS,BHCO,3
2005,ROIS,DOWO,3
2005,ROIS,EUST,3
2005,ROIS,MODO,3
2005,ROIS,GCFL,2.5
2005,ROIS,AMWO,2
2005,ROIS,BCCH,2
2005,ROIS,COGR,2
2005,ROIS,INBU,2
2005,ROIS,AGOL,1
2005,ROIS,AMRE,1
2005,ROIS,BGGN,1
2005,ROIS,BLJA,1
2005,ROIS,NOCA,1
2005,ROIS,NOFL,1
2005,ROIS,WIFL,1
2005,ROIS,RBWO,0.5
2005,ROMS,NHWR,18.5
2005,ROMS,YEWA,16.5
2005,ROMS,RWBL,12
2005,ROMS,EAWP,11.5
2005,ROMS,SOSP,10.5
2005,ROMS,BAOR,8.5
2005,ROMS,GRCA,8
2005,ROMS,COYE,7.5
2005,ROMS,TRES,7
2005,ROMS,WAVI,6.5
2005,ROMS,EAKI,6
2005,ROMS,BHCO,5
2005,ROMS,FISP,5
2005,ROMS,MODO,5
2005,ROMS,DOWO,4
2005,ROMS,AMRO,3
2005,ROMS,BCCH,3
2005,ROMS,BLJA,3
2005,ROMS,COGR,3
2005,ROMS,GCFL,3
2005,ROMS,INBU,3
2005,ROMS,EATO,2
2005,ROMS,EUST,2
2005,ROMS,NOCA,2
2005,ROMS,RBWO,2
2005,ROMS,NOFL,1.5
2005,ROMS,AMWO,1
2005,ROMS,BGGN,1
2005,ROMS,CHSW,1
2005,ROMS,YBCU,1
2005,ROMS,WISN,0.5
2005,TMSL,YEWA,35
2005,TMSL,RWBL,17
2005,TMSL,NHWR,9
2005,TMSL,GRCA,7
2005,TMSL,COYE,6
2005,TMSL,CHSP,4
2005,TMSL,COGR,4
2005,TMSL,EATO,4
2005,TMSL,BAOR,3.5
2005,TMSL,SOSP,3.5
2005,TMSL,BCCH,3
2005,TMSL,BHCO,3
2005,TMSL,BRTH,3
2005,TMSL,EAKI,3
2005,TMSL,TRES,3
2005,TMSL,AMRO,2
2005,TMSL,AMWO,2
2005,TMSL,BGGN,2
2005,TMSL,CARW,2
2005,TMSL,CEDW,2
2005,TMSL,EAWP,2
2005,TMSL,EWPW,2
2005,TMSL,LEFL,2
2005,TMSL,MODO,2
2005,TMSL,SWSP,2
2005,TMSL,YBCU,2
2005,TMSL,AGOL,1
2005,TMSL,BLJA,1
2005,TMSL,CSWA,1
2005,TMSL,FISP,1
2005,TMSL,GCFL,1
2005,TMSL,MAWR,1
2005,TMSL,VIRA,1
2005,TMSL,WEVI,1
2006,IDSS,TRES,9.5
2006,IDSS,CHSP,5
2006,IDSS,FISP,4
2006,IDSS,BRTH,2.5
2006,IDSS,COGR,2.5
2006,IDSS,EAKI,2.5
2006,IDSS,NOMO,2.5
2006,IDSS,NHWR,2
2006,IDSS,MODO,2
2006,IDSS,RWBL,1.5
2006,IDSS,GRCA,1
2006,STDP,EWPW,0.25
2006,STDP,RWBL,30
2006,STDP,YEWA,15.5
2006,STDP,COYE,11
2006,STDP,SOSP,9.5
2006,STDP,EAKI,5
2006,STDP,NHWR,5
2006,STDP,BAOR,3.5
2006,STDP,CHSP,3
2006,STDP,MODO,2.5
2006,STDP,TRES,2.5
2006,STDP,EATO,2
2006,STDP,FISP,2
2006,STDP,SWSP,2
2006,STDP,AMRO,1.5
2006,STDP,EAWP,1.5
2006,STDP,REVI,1.5
2006,STDP,BCCH,1
2006,STDP,COGR,1
2006,STDP,HOME,1
2006,STDP,LEFL,1
2006,STDP,PBGR,1
2006,STDP,WAVI,1
2006,STDP,GCFL,0.5
2006,STDP,NRWS,0.5
2007,SRS1,CEDW,0.25
2007,SRS1,YEWA,0.25
2007,SRS1,CHSP,5.5
2007,SRS1,RWBL,5
2007,SRS1,SOSP,3.5
2007,SRS1,FISP,3
2007,SRS1,KILL,2.5
2007,SRS1,EAKI,1
2007,SRS1,NOMO,1
2007,SRS1,SPSA,1
2007,SRS2,FISP,0.25
2007,SRS2,WIFL,0.25
2007,SRS2,RWBL,5
2007,SRS2,SOSP,4.5
2007,SRS2,CHSP,4
2007,SRS2,KILL,2
2007,SRS2,TRES,1
2007,SRS2,AMRO,0.5
2007,SRS2,SPSA,0.5
2007,WPWC,YEWA,14.5
2007,WPWC,NHWR,12
2007,WPWC,GRCA,7
2007,WPWC,EATO,6
2007,WPWC,COYE,5.5
2007,WPWC,CHSP,4
2007,WPWC,EAWP,4
2007,WPWC,EWPW,4
2007,WPWC,REVI,4
2007,WPWC,NOCA,3
2007,WPWC,RWBL,2.5
2007,WPWC,FISP,2
2007,WPWC,GCFL,2
2007,WPWC,AMRO,1.5
2007,WPWC,BAOR,1.5
2007,WPWC,BCCH,1
2007,WPWC,BLJA,1
2007,WPWC,EAKI,1
2007,WPWC,MAWA,1
2007,WPWC,MODO,1
2007,WPWC,NOFL,1
2007,WPWC,PIWA,1
2007,WPWC,RBNU,1
2007,WPWC,SOSP,1
2007,WPWC,YBCU,1
2007,WPWC,WODU,0.5
2008,BGGR,RWBL,7.5
2008,BGGR,FISP,7
2008,BGGR,EAKI,3
2008,BGGR,TRES,2.5
2008,BGGR,CHSP,2
2008,BGGR,COYE,2
2008,BGGR,YEWA,2
2008,BGGR,AGOL,1
2008,BGGR,AMWO,1
2008,BGGR,BAOR,1
2008,BGGR,CEDW,1
2008,BGGR,EUST,1
2008,BGGR,NOMO,1
2008,BGGR,NRWS,1
2008,BGGR,BRTH,0.5
2008,BGGR,SOSP,0.5
2008,DCSD,EUST,0.25
2008,DCSD,SOSP,0.25
2008,DCSD,CHSP,6.5
2008,DCSD,FISP,6
2008,DCSD,RWBL,5
2008,DCSD,NHWR,4
2008,DCSD,TRES,4
2008,DCSD,CEDW,2
2008,DCSD,EAKI,2
2008,DCSD,EAWP,2
2008,DCSD,KILL,2
2008,DCSD,AMRO,1
2008,DCSD,BHCO,1
2008,DCSD,NOMO,1
2008,DCSD,YEWA,1
2008,DCSD,AGOL,0.5
2008,IDSS,CHSP,5.5
2008,IDSS,FISP,5
2008,IDSS,TRES,5
2008,IDSS,RWBL,4
2008,IDSS,NHWR,3
2008,IDSS,BRTH,2
2008,IDSS,EAKI,2
2008,IDSS,EUST,2
2008,IDSS,GRCA,2
2008,IDSS,KILL,2
2008,IDSS,AMRO,1.5
2008,IDSS,SOSP,1.5
2008,IDSS,AMWO,1
2008,IDSS,COGR,1
2008,IDSS,EWPW,1
2008,IDSS,NOMO,1
2008,IDSS,YBCU,1
2008,RARO,YEWA,18
2008,RARO,NHWR,10
2008,RARO,RWBL,6
2008,RARO,BAOR,4.5
2008,RARO,COYE,4.5
2008,RARO,EAWP,4.5
2008,RARO,TRES,4
2008,RARO,BGGN,3
2008,RARO,FISP,3
2008,RARO,GRCA,3
2008,RARO,WAVI,3
2008,RARO,BHCO,2
2008,RARO,DOWO,2
2008,RARO,OROR,2
2008,RARO,SOSP,2
2008,RARO,AMWO,1
2008,RARO,BCCH,1
2008,RARO,BLJA,1
2008,RARO,CEDW,1
2008,RARO,COGR,1
2008,RARO,EAKI,1
2008,RARO,EATO,1
2008,RARO,EUST,1
2008,RARO,EWPW,1
2008,RARO,GCFL,1
2008,RARO,INBU,1
2008,RARO,NOFL,1
2008,RARO,REVI,1
2008,ROWB,YEWA,12
2008,ROWB,NHWR,10
2008,ROWB,BAOR,6
2008,ROWB,COYE,5
2008,ROWB,RWBL,5
2008,ROWB,GRCA,4
2008,ROWB,BLJA,3
2008,ROWB,EAWP,3
2008,ROWB,GCFL,3
2008,ROWB,TRES,3
2008,ROWB,RBWO,2
2008,ROWB,REVI,2
2008,ROWB,EAKI,1.5
2008,ROWB,FISP,1.5
2008,ROWB,AMRO,1
2008,ROWB,AMWO,1
2008,ROWB,BCCH,1
2008,ROWB,BHCO,1
2008,ROWB,COGR,1
2008,ROWB,DOWO,1
2008,ROWB,EWPW,1
2008,ROWB,HAWO,1
2008,ROWB,INBU,1
2008,ROWB,MODO,1
2008,ROWB,RTHA,1
2008,ROWB,YBCU,1
2008,ROWB,EATO,0.5
2008,ROWB,NOFL,0.5
2008,ROWP,RWBL,12.5
2008,ROWP,YEWA,10
2008,ROWP,EAWP,5
2008,ROWP,GRCA,4
2008,ROWP,REVI,4
2008,ROWP,BAOR,3
2008,ROWP,EAKI,3
2008,ROWP,EUST,3
2008,ROWP,NHWR,3
2008,ROWP,TRES,3
2008,ROWP,WAVI,2
2008,ROWP,AMRO,1.5
2008,ROWP,AMWO,1
2008,ROWP,CHSP,1
2008,ROWP,COYE,1
2008,ROWP,DOWO,1
2008,ROWP,EWPW,1
2008,ROWP,MODO,1
2008,ROWP,RTHU,1
2008,ROWP,SOSP,1
2009,DCJS,CHSP,29
2009,DCJS,FISP,10
2009,DCJS,YEWA,8.5
2009,DCJS,SOSP,7.5
2009,DCJS,AMRO,3
2009,DCJS,BHCO,3
2009,DCJS,BRTH,3
2009,DCJS,EATO,2.5
2009,DCJS,NHWR,2.5
2009,DCJS,NOMO,2.5
2009,DCJS,TRES,2.5
2009,DCJS,GRCA,2
2009,DCJS,MODO,2
2009,DCJS,EUST,1.5
2009,DCJS,BGGN,1
2009,DCJS,EWPW,1
2009,DCJS,HOFI,1
2009,DCJS,KILL,1
2009,DCJS,EAWP,0.5
2009,ROIS,YEWA,16
2009,ROIS,NHWR,8
2009,ROIS,RWBL,7.5
2009,ROIS,SOSP,7
2009,ROIS,BAOR,5
2009,ROIS,TRES,5
2009,ROIS,COYE,4
2009,ROIS,EAWP,4
2009,ROIS,GRCA,4
2009,ROIS,AMRE,3
2009,ROIS,AMRO,3
2009,ROIS,COGR,3
2009,ROIS,REVI,3
2009,ROIS,DOWO,2
2009,ROIS,EAKI,2
2009,ROIS,LEFL,2
2009,ROIS,MODO,2
2009,ROIS,NOCA,2
2009,ROIS,WAVI,2
2009,ROIS,AMWO,1
2009,ROIS,BCCH,1
2009,ROIS,BHCO,1
2009,ROIS,EABL,1
2009,ROIS,GCFL,1
2009,ROIS,INBU,1
2009,ROIS,NOFL,1
2009,ROIS,OROR,1
2009,ROIS,WIFL,1
2009,ROIS,YBCU,1
2009,ROIS,SWSP,0.5
2009,ROMF,AGOS,0.25
2009,ROMF,NHWR,11
2009,ROMF,YEWA,10
2009,ROMF,AMRE,9
2009,ROMF,TRES,8
2009,ROMF,EAWP,7
2009,ROMF,BAOR,6
2009,ROMF,GRCA,4
2009,ROMF,RWBL,3.5
2009,ROMF,GCFL,3
2009,ROMF,LEFL,3
2009,ROMF,SOSP,3
2009,ROMF,COYE,2.5
2009,ROMF,AMRO,2
2009,ROMF,DOWO,2
2009,ROMF,EATO,2
2009,ROMF,INBU,2
2009,ROMF,RBWO,2
2009,ROMF,REVI,2
2009,ROMF,AMWO,1
2009,ROMF,BCCH,1
2009,ROMF,BGGN,1
2009,ROMF,BHCO,1
2009,ROMF,BLJA,1
2009,ROMF,COGR,1
2009,ROMF,EAKI,1
2009,ROMF,EASO,1
2009,ROMF,EUST,1
2009,ROMF,EWPW,1
2009,ROMF,NOCA,1
2009,ROMF,NOFL,1
2009,ROMF,SCTA,1
2009,ROMF,VEER,1
2009,ROMF,WAVI,1
2009,ROMF,RTHA,0.5
2009,ROMF,SWSP,0.5
2009,ROMS,NSWO,0.25
2009,ROMS,YEWA,15
2009,ROMS,NHWR,11
2009,ROMS,RWBL,9.5
2009,ROMS,GRCA,6.5
2009,ROMS,SOSP,6.5
2009,ROMS,BAOR,6
2009,ROMS,COYE,5
2009,ROMS,EAWP,5
2009,ROMS,TRES,5
2009,ROMS,AMRO,3
2009,ROMS,EAKI,2.5
2009,ROMS,BHCO,2
2009,ROMS,COGR,2
2009,ROMS,RTHU,2
2009,ROMS,BCCH,1
2009,ROMS,BLJA,1
2009,ROMS,CEDW,1
2009,ROMS,CHSW,1
2009,ROMS,EATO,1
2009,ROMS,EUST,1
2009,ROMS,NOFL,1
2009,ROMS,REVI,1
2009,ROMS,WBNU,1
2009,STDP,AMRO,0.25
2009,STDP,BAOR,0.25
2009,STDP,GCFL,0.25
2009,STDP,MODO,0.25
2009,STDP,RWBL,29
2009,STDP,YEWA,9
2009,STDP,SOSP,6
2009,STDP,CEDW,5
2009,STDP,COYE,5
2009,STDP,EAKI,5
2009,STDP,GRCA,2
2009,STDP,FISP,1.5
2009,STDP,HOME,1
2009,STDP,NHWR,1
2009,STDP,CHSP,0.5
2009,STDP,EATO,0.5
2009,STDP,EWPW,0.5
2009,STDP,SWSP,0.5
2009,TMSL,YEWA,27.5
2009,TMSL,RWBL,13.5
2009,TMSL,GRCA,11
2009,TMSL,NHWR,8.5
2009,TMSL,COYE,7
2009,TMSL,TRES,7
2009,TMSL,SOSP,6
2009,TMSL,EATO,5
2009,TMSL,CHSP,4.5
2009,TMSL,AMRO,4
2009,TMSL,BAOR,3
2009,TMSL,BCCH,3
2009,TMSL,BGGN,3
2009,TMSL,BRTH,3
2009,TMSL,EAKI,3
2009,TMSL,COGR,2
2009,TMSL,EAWP,2
2009,TMSL,LEFL,2
2009,TMSL,MODO,2
2009,TMSL,REVI,2
2009,TMSL,EWPW,1.5
2009,TMSL,SWSP,1.5
2009,TMSL,BHCO,1
2009,TMSL,GHOW,1
2009,TMSL,NOCA,1
2009,TMSL,WIFL,1
2009,TMSL,FISP,0.5
2010,DCJS,CHSP,19.5
2010,DCJS,FISP,8.5
2010,DCJS,YEWA,8.5
2010,DCJS,SOSP,6.5
2010,DCJS,TRES,4
2010,DCJS,BHCO,2
2010,DCJS,BRTH,1.5
2010,DCJS,KILL,1.5
2010,DCJS,MODO,1.5
2010,DCJS,BGGN,1
2010,DCJS,EATO,1
2010,DCJS,EUST,1
2010,DCJS,NHWR,1
2010,DCJS,NOMO,1
2010,DCJS,RWBL,1
2010,DCJS,AMRO,0.5
2010,DCJS,GRCA,0.5
2010,RARO,YEWA,29
2010,RARO,COYE,12.5
2010,RARO,RWBL,12
2010,RARO,NHWR,11.5
2010,RARO,SOSP,9
2010,RARO,TRES,6
2010,RARO,BAOR,5
2010,RARO,EAWP,5
2010,RARO,FISP,5
2010,RARO,EUST,4
2010,RARO,OROR,4
2010,RARO,REVI,4
2010,RARO,WAVI,4
2010,RARO,INBU,3.5
2010,RARO,EAKI,3
2010,RARO,EATO,3
2010,RARO,GRCA,3
2010,RARO,LEFL,3
2010,RARO,AMWO,2
2010,RARO,BCCH,2
2010,RARO,COGR,2
2010,RARO,DOWO,2
2010,RARO,GCFL,2
2010,RARO,MODO,2
2010,RARO,NOCA,2
2010,RARO,EWPW,1.5
2010,RARO,BGGN,1
2010,RARO,BHCO,1
2010,RARO,NOFL,1
2010,ROIS,MODO,0.25
2010,ROIS,YEWA,12
2010,ROIS,NHWR,8.5
2010,ROIS,COYE,8
2010,ROIS,RWBL,8
2010,ROIS,TRES,7
2010,ROIS,SOSP,6.5
2010,ROIS,EAWP,6
2010,ROIS,GRCA,6
2010,ROIS,WAVI,6
2010,ROIS,EUST,4
2010,ROIS,AMRO,3
2010,ROIS,BAOR,3
2010,ROIS,DOWO,3
2010,ROIS,GCFL,2.5
2010,ROIS,BCCH,2
2010,ROIS,CEDW,2
2010,ROIS,COGR,2
2010,ROIS,EAKI,2
2010,ROIS,NOCA,2
2010,ROIS,NOFL,2
2010,ROIS,AMRE,1
2010,ROIS,BBCU,1
2010,ROIS,BHCO,1
2010,ROIS,BLJA,1
2010,ROIS,EASO,1
2010,ROIS,EATO,1
2010,ROIS,WIFL,1
2010,ROMF,RTHA,0.25
2010,ROMF,YEWA,24.5
2010,ROMF,TRES,23
2010,ROMF,NHWR,19.5
2010,ROMF,GRCA,9
2010,ROMF,SOSP,8
2010,ROMF,AMRE,6.5
2010,ROMF,BAOR,6
2010,ROMF,EAWP,6
2010,ROMF,REVI,6
2010,ROMF,COYE,5.5
2010,ROMF,RWBL,5
2010,ROMF,DOWO,4
2010,ROMF,EATO,4
2010,ROMF,GCFL,4
2010,ROMF,INBU,3.5
2010,ROMF,WAVI,3
2010,ROMF,BHCO,2
2010,ROMF,COGR,2
2010,ROMF,EAKI,2
2010,ROMF,EWPW,2
2010,ROMF,NOFL,2
2010,ROMF,RBWO,2
2010,ROMF,RTHU,2
2010,ROMF,YBCU,2
2010,ROMF,AMRO,1
2010,ROMF,AMWO,1
2010,ROMF,BGGN,1
2010,ROMF,BLJA,1
2010,ROMF,EUST,1
2010,ROMF,FISP,1
2010,ROMF,NOCA,1
2010,ROMF,WBNU,1
2010,ROMS,SWSP,0.25
2010,ROMS,YEWA,16
2010,ROMS,NHWR,12
2010,ROMS,RWBL,9.5
2010,ROMS,SOSP,9.5
2010,ROMS,COYE,6
2010,ROMS,EAWP,6
2010,ROMS,TRES,6
2010,ROMS,WAVI,6
2010,ROMS,DOWO,4
2010,ROMS,EUST,4
2010,ROMS,GCFL,4
2010,ROMS,GRCA,4
2010,ROMS,BAOR,3
2010,ROMS,EAKI,3
2010,ROMS,AMRO,2
2010,ROMS,BCCH,2
2010,ROMS,BHCO,2
2010,ROMS,BLJA,2
2010,ROMS,EATO,2
2010,ROMS,NOFL,2
2010,ROMS,NOCA,1.5
2010,ROMS,BGGN,1
2010,ROMS,FISP,1
2010,ROMS,REVI,1
2010,ROMS,WBNU,1
2010,ROMS,WIFL,0.5
2010,SRS1,EAKI,0.25
2010,SRS1,RWBL,12
2010,SRS1,FISP,8
2010,SRS1,CHSP,2.5
2010,SRS1,KILL,2
2010,SRS1,MALL,1
2010,SRS1,WISN,1
2010,SRS1,EWPW,0.5
2010,SRS2,EAKI,0.25
2010,SRS2,RWBL,7
2010,SRS2,KILL,1
2010,SRS2,WISN,1
2011,BGGR,RWBL,12
2011,BGGR,FISP,11
2011,BGGR,YEWA,6
2011,BGGR,COYE,5
2011,BGGR,BRTH,3.5
2011,BGGR,AGOL,3
2011,BGGR,CHSP,2
2011,BGGR,EATO,2
2011,BGGR,NRWS,2
2011,BGGR,SOSP,2
2011,BGGR,BHCO,1
2011,BGGR,CEDW,1
2011,BGGR,TRES,1
2011,IDSS,CHSP,11
2011,IDSS,FISP,10
2011,IDSS,YEWA,7
2011,IDSS,SOSP,5
2011,IDSS,TRES,5
2011,IDSS,RWBL,4
2011,IDSS,EAKI,3
2011,IDSS,GRCA,3
2011,IDSS,NHWR,3
2011,IDSS,AMRO,2
2011,IDSS,BHCO,2
2011,IDSS,BRTH,2
2011,IDSS,NOMO,2
2011,IDSS,COYE,1.5
2011,IDSS,AMWO,1
2011,IDSS,WISN,0.5
2011,STDP,RWBL,29
2011,STDP,YEWA,15
2011,STDP,SOSP,6.5
2011,STDP,COYE,6
2011,STDP,EAKI,3.5
2011,STDP,NHWR,3
2011,STDP,AMRO,2
2011,STDP,BAOR,2
2011,STDP,EWPW,2
2011,STDP,FISP,2
2011,STDP,PBGR,2
2011,STDP,AGOL,1
2011,STDP,BBCU,1
2011,STDP,BRTH,1
2011,STDP,CEDW,1
2011,STDP,EATO,1
2011,STDP,GCFL,1
2011,STDP,GRCA,1
2011,STDP,HOME,1
2011,STDP,LEFL,1
2011,STDP,WAVI,1
2011,STDP,EAWP,0.5
2011,STDP,MODO,0.5
2012,DCJS,CHSP,17
2012,DCJS,SOSP,10.5
2012,DCJS,FISP,9
2012,DCJS,YEWA,8
2012,DCJS,TRES,5
2012,DCJS,EWPW,4
2012,DCJS,EATO,3
2012,DCJS,KILL,3
2012,DCJS,EAKI,2
2012,DCJS,RWBL,1.5
2012,DCJS,AMRO,1
2012,DCJS,AMWO,1
2012,DCJS,BHCO,1
2012,DCJS,BRTH,1
2012,DCJS,COGR,1
2012,DCJS,COYE,1
2012,DCJS,CWWI,1
2012,DCJS,MODO,1
2012,DCJS,WISN,1
2012,DCJS,GCFL,0.5
2012,IDSS,FISP,9
2012,IDSS,CHSP,7
2012,IDSS,SOSP,6
2012,IDSS,YEWA,6
2012,IDSS,TRES,5
2012,IDSS,RWBL,4
2012,IDSS,EAKI,3
2012,IDSS,BHCO,2
2012,IDSS,BRTH,2
2012,IDSS,CEDW,2
2012,IDSS,BOBO,1
2012,IDSS,EWPW,1
2012,IDSS,GCFL,1
2012,IDSS,NOMO,1
2012,TMSL,YEWA,20
2012,TMSL,RWBL,13
2012,TMSL,COYE,10
2012,TMSL,EATO,10
2012,TMSL,GRCA,10
2012,TMSL,SOSP,5
2012,TMSL,TRES,5
2012,TMSL,CHSP,4
2012,TMSL,EWPW,4
2012,TMSL,MODO,4
2012,TMSL,AMRO,3
2012,TMSL,BCCH,3
2012,TMSL,GCFL,3
2012,TMSL,NOCA,3
2012,TMSL,BAOR,2
2012,TMSL,COGR,2
2012,TMSL,FISP,2
2012,TMSL,MAWR,2
2012,TMSL,SWSP,2
2012,TMSL,YBCU,2
2012,TMSL,EAKI,1.5
2012,TMSL,AGOL,1
2012,TMSL,AMWO,1
2012,TMSL,BHCO,1
2012,TMSL,BRTH,1
2012,TMSL,CEDW,1
2012,TMSL,NHWR,1
2012,TMSL,RBNU,1
2012,TMSL,WIFL,1
2012,TMSL,GRHE,0.5
2012,TMSL,WISN,0.5
2012,WPWC,YEWA,28
2012,WPWC,GRCA,11
2012,WPWC,NHWR,10
2012,WPWC,COYE,7
2012,WPWC,EATO,6
2012,WPWC,CHSP,5
2012,WPWC,REVI,5
2012,WPWC,RWBL,3
2012,WPWC,AMRO,2
2012,WPWC,BAOR,2
2012,WPWC,BCCH,2
2012,WPWC,EWPW,2
2012,WPWC,SOSP,2
2012,WPWC,TRES,2
2012,WPWC,EAKI,1.5
2012,WPWC,CARW,1
2012,WPWC,CEDW,1
2012,WPWC,FISP,1
2012,WPWC,BHCO,1
2012,WPWC,MODO,1
2012,WPWC,WEVI,1
2012,WPWC,COHA,0.5
2013,DCSD,FISP,8
2013,DCSD,CHSP,7
2013,DCSD,NHWR,6
2013,DCSD,RWBL,4
2013,DCSD,TRES,4
2013,DCSD,EAWP,2
2013,DCSD,BAOR,1
2013,DCSD,EAKI,1
2013,DCSD,EWPW,1
2013,DCSD,NOMO,1
2013,DCSD,WAVI,1
2013,DCSD,YEWA,1
2013,DCSD,BRTH,0.5
2013,DCSD,EATO,0.5
2013,ROWB,EAKI,0.25
2013,ROWB,COYE,9
2013,ROWB,YEWA,9
2013,ROWB,NHWR,8
2013,ROWB,RWBL,7.5
2013,ROWB,GRCA,6.5
2013,ROWB,EAWP,5
2013,ROWB,GCFL,5
2013,ROWB,REVI,4
2013,ROWB,TRES,4
2013,ROWB,BAOR,3
2013,ROWB,BCCH,3
2013,ROWB,EWPW,3
2013,ROWB,NOCA,3
2013,ROWB,AMRO,2
2013,ROWB,BHCO,2
2013,ROWB,BLJA,2
2013,ROWB,DOWO,2
2013,ROWB,EATO,2
2013,ROWB,MODO,2
2013,ROWB,NOFL,2
2013,ROWB,BRTH,1
2013,ROWB,EASO,1
2013,ROWB,EUST,1
2013,ROWB,WODU,1
2013,ROWB,RTHA,0.5
2013,SRS1,RWBL,15
2013,SRS1,FISP,5
2013,SRS1,CHSP,3.5
2013,SRS1,MAWR,2
2013,SRS1,SOSP,2
2013,SRS1,YEWA,1.5
2013,SRS1,KILL,1
2013,SRS1,WISN,1
2013,SRS2,RWBL,10
2013,SRS2,CHSP,2
2013,SRS2,SOSP,1.5
2013,SRS2,FISP,1
2013,SRS2,YEWA,1
2016,BGGR,YEWA,15
2016,BGGR,RWBL,11
2016,BGGR,FISP,8
2016,BGGR,COYE,6
2016,BGGR,CHSP,4
2016,BGGR,AGOL,3
2016,BGGR,BRTH,3
2016,BGGR,EAKI,3
2016,BGGR,EATO,3
2016,BGGR,MODO,2
2016,BGGR,EWPW,0.25
2016,BGGR,NRWS,1
2016,BGGR,SOSP,1
2016,BGGR,TRES,1
2016,DCJS,GRCA,0.25
2016,DCJS,KILL,0.25
2016,DCJS,CHSP,17.5
2016,DCJS,FISP,10
2016,DCJS,SOSP,4
2016,DCJS,YEWA,3.5
2016,DCJS,BRTH,3
2016,DCJS,EATO,3
2016,DCJS,EAKI,2
2016,DCJS,BGGN,1
2016,DCJS,GCFL,1
2016,DCJS,RWBL,1
2016,DCJS,TRES,1
2016,DCJS,COYE,0.5
2016,DCSD,COYE,0.25
2016,DCSD,NHWR,8
2016,DCSD,FISP,7
2016,DCSD,YEWA,6
2016,DCSD,CHSP,4
2016,DCSD,RWBL,3
2016,DCSD,EAKI,2
2016,DCSD,AMRO,1
2016,DCSD,BGGN,1
2016,DCSD,BRTH,1
2016,DCSD,CEDW,1
2016,DCSD,EATO,1
2016,DCSD,SOSP,0.5
2016,IDSS,FISP,10.5
2016,IDSS,CHSP,7.5
2016,IDSS,TRES,6
2016,IDSS,COYE,4
2016,IDSS,RWBL,4
2016,IDSS,EAKI,3
2016,IDSS,AMWO,2
2016,IDSS,BRTH,2
2016,IDSS,NHWR,2
2016,IDSS,GCFL,1.5
2016,IDSS,NOMO,1.5
2016,IDSS,EATO,1
2016,IDSS,EUST,1
2016,IDSS,GRCA,1
2016,IDSS,YEWA,1
2016,RARO,YEWA,28
2016,RARO,RWBL,12
2016,RARO,COYE,10
2016,RARO,NHWR,8
2016,RARO,EAWP,6
2016,RARO,REVI,5.5
2016,RARO,EAKI,5
2016,RARO,GRCA,5
2016,RARO,TRES,5
2016,RARO,EATO,4
2016,RARO,FISP,4
2016,RARO,BAOR,3
2016,RARO,GCFL,3
2016,RARO,INBU,3
2016,RARO,EUST,2
2016,RARO,EWPW,2
2016,RARO,OROR,2
2016,RARO,WAVI,2
2016,RARO,YBCU,2
2016,RARO,BHCO,1
2016,RARO,DOWO,1
2016,RARO,BANS,1
2016,RARO,BGGN,1
2016,RARO,BLJA,1
2016,RARO,COGR,1
2016,RARO,EASO,1
2016,RARO,MODO,1
2016,RARO,NOCA,1
2016,RARO,NOFL,1
2016,RARO,RBWO,1
2016,RARO,RTHU,1
2016,RARO,SOSP,1
2016,RARO,SWSP,1
2016,RARO,WBNU,1
2016,ROIS,COGR,0.25
2016,ROIS,OROR,0.25
2016,ROIS,YEWA,46
2016,ROIS,RWBL,15
2016,ROIS,NHWR,13.5
2016,ROIS,COYE,9.5
2016,ROIS,WAVI,8.5
2016,ROIS,EAWP,7
2016,ROIS,REVI,6.5
2016,ROIS,AMRE,6
2016,ROIS,GRCA,6
2016,ROIS,SOSP,4.5
2016,ROIS,BCCH,4
2016,ROIS,EAKI,4
2016,ROIS,TRES,4
2016,ROIS,AMRO,3.5
2016,ROIS,BAOR,3
2016,ROIS,BGGN,3
2016,ROIS,BHCO,3
2016,ROIS,LEFL,3
2016,ROIS,MODO,3
2016,ROIS,AMWO,2
2016,ROIS,BRTH,2
2016,ROIS,EUST,2
2016,ROIS,GCFL,2
2016,ROIS,INBU,2
2016,ROIS,NOFL,2
2016,ROIS,WBNU,2
2016,ROIS,AGOL,1
2016,ROIS,CHSW,1
2016,ROIS,MAWR,1
2016,ROIS,NOCA,1
2016,ROIS,YBCU,1
2016,ROIS,DOWO,0.5
2016,ROMF,YEWA,22
2016,ROMF,NHWR,10
2016,ROMF,COYE,9
2016,ROMF,REVI,9
2016,ROMF,AMRE,7
2016,ROMF,EAWP,7
2016,ROMF,GRCA,7
2016,ROMF,RWBL,7
2016,ROMF,TRES,7
2016,ROMF,BAOR,5.5
2016,ROMF,INBU,5
2016,ROMF,COGR,4
2016,ROMF,GCFL,4
2016,ROMF,BGGN,3
2016,ROMF,EAKI,3
2016,ROMF,NOFL,3
2016,ROMF,SOSP,3
2016,ROMF,AMRO,2
2016,ROMF,BCCH,2
2016,ROMF,DOWO,2
2016,ROMF,NOCA,2
2016,ROMF,RBGR,2
2016,ROMF,RBWO,2
2016,ROMF,YBCU,2
2016,ROMF,OROR,1.5
2016,ROMF,RTHU,1.5
2016,ROMF,WAVI,1.5
2016,ROMF,BLJA,1
2016,ROMF,CHSW,1
2016,ROMF,EWPW,1
2016,ROMF,HAWO,1
2016,ROMF,WBNU,1
2016,ROMF,AMCR,0.5
2016,ROMF,EATO,0.5
2016,ROMS,RTHU,0.25
2016,ROMS,YEWA,35
2016,ROMS,RWBL,15
2016,ROMS,NHWR,11.5
2016,ROMS,COYE,10
2016,ROMS,EAWP,10
2016,ROMS,REVI,9
2016,ROMS,WAVI,9
2016,ROMS,GRCA,7
2016,ROMS,INBU,6
2016,ROMS,BAOR,5
2016,ROMS,EAKI,5
2016,ROMS,SOSP,5
2016,ROMS,AMRO,3
2016,ROMS,BCCH,3
2016,ROMS,BHCO,3
2016,ROMS,COGR,2
2016,ROMS,DOWO,2
2016,ROMS,EWPW,2
2016,ROMS,GCFL,2
2016,ROMS,MODO,2
2016,ROMS,NOCA,2
2016,ROMS,NOFL,2
2016,ROMS,RBWO,2
2016,ROMS,TRES,2
2016,ROMS,YBCU,2
2016,ROMS,BGGN,1.5
2016,ROMS,AMWO,1
2016,ROMS,BLJA,1
2016,ROMS,CHSW,1
2016,ROMS,EATO,1
2016,ROMS,EUST,1
2016,ROMS,OROR,1
2016,ROMS,WBNU,1
2016,ROMS,AMRE,0.5
2016,ROWB,AMRE,0.25
2016,ROWB,CHSP,0.25
2016,ROWB,YEWA,11
2016,ROWB,COYE,9
2016,ROWB,RWBL,8.5
2016,ROWB,NHWR,7
2016,ROWB,REVI,6
2016,ROWB,BAOR,5
2016,ROWB,EAWP,4.5
2016,ROWB,GCFL,4
2016,ROWB,GRCA,4
2016,ROWB,WAVI,4
2016,ROWB,EAKI,3
2016,ROWB,MODO,3
2016,ROWB,NOFL,3
2016,ROWB,TRES,3
2016,ROWB,AMRO,2
2016,ROWB,BCCH,2
2016,ROWB,BLJA,2
2016,ROWB,COGR,2
2016,ROWB,EATO,2
2016,ROWB,YBCU,2
2016,ROWB,SWSP,1.5
2016,ROWB,BRTH,1
2016,ROWB,EUST,1
2016,ROWB,EWPW,1
2016,ROWP,RWBL,22
2016,ROWP,YEWA,21
2016,ROWP,COYE,11
2016,ROWP,WAVI,6
2016,ROWP,EAWP,5
2016,ROWP,GRCA,5
2016,ROWP,EAKI,4
2016,ROWP,BAOR,3
2016,ROWP,NHWR,3
2016,ROWP,MODO,3
2016,ROWP,AMRO,2.5
2016,ROWP,SOSP,2.5
2016,ROWP,CHSP,2
2016,ROWP,CHSW,2
2016,ROWP,COGR,2
2016,ROWP,EUST,2
2016,ROWP,NOFL,2
2016,ROWP,TRES,2
2016,ROWP,AMRE,1
2016,ROWP,AMWO,1
2016,ROWP,BRTH,1
2016,ROWP,CSWA,1
2016,ROWP,EATO,1
2016,ROWP,OROR,1
2016,ROWP,REVI,1
2016,ROWP,RTHU,1
2016,ROWP,YBCU,1
2016,ROWP,LEBI,0.5
2016,ROWP,SWSP,0.5
2016,SRS1,NOFL,0.25
2016,SRS1,RWBL,10
2016,SRS1,CHSP,4
2016,SRS1,SOSP,3
2016,SRS1,FISP,2.5
2016,SRS1,YEWA,2
2016,SRS1,AMRO,1
2016,SRS1,BRTH,1
2016,SRS1,EAKI,1
2016,SRS1,KILL,1
2016,SRS2,COYE,0.25
2016,SRS2,RWBL,5
2016,SRS2,KILL,3
2016,SRS2,YEWA,2.5
2016,SRS2,CHSP,2
2016,SRS2,EAKI,1
2016,SRS2,FISP,1
2016,SRS2,SOSP,1
2016,SRS2,EATO,0.5
2016,SRS2,WISN,0.5
2016,STDP,RWBL,32
2016,STDP,YEWA,17.5
2016,STDP,COYE,13.5
2016,STDP,SOSP,5
2016,STDP,EAKI,4
2016,STDP,CHSP,2.5
2016,STDP,FISP,2
2016,STDP,NHWR,2
2016,STDP,MODO,2
2016,STDP,SWSP,2
2016,STDP,BAOR,1
2016,STDP,BCCH,1
2016,STDP,EATO,1
2016,STDP,HOME,1
2016,STDP,PBGR,1
2016,STDP,TRES,1
2016,TMSL,YEWA,28
2016,TMSL,RWBL,13
2016,TMSL,COYE,6
2016,TMSL,CHSP,5.5
2016,TMSL,BCCH,4
2016,TMSL,NHWR,4
2016,TMSL,MODO,4
2016,TMSL,EAKI,3
2016,TMSL,EATO,3
2016,TMSL,GRCA,3
2016,TMSL,MAWR,3
2016,TMSL,SWSP,3
2016,TMSL,NOCA,2
2016,TMSL,REVI,2
2016,TMSL,SOSP,2
2016,TMSL,AMCR,1
2016,TMSL,AMRE,1
2016,TMSL,AMRO,1
2016,TMSL,BLJA,1
2016,TMSL,BRTH,1
2016,TMSL,EWPW,1
2016,TMSL,FISP,1
2016,TMSL,GCFL,1
2016,TMSL,INBU,1
2016,TMSL,TRES,1
2016,TMSL,WEVI,1
2016,TMSL,YBCU,1
2016,WPWC,YEWA,19
2016,WPWC,NHWR,11
2016,WPWC,COYE,9
2016,WPWC,GRCA,8
2016,WPWC,REVI,7
2016,WPWC,EATO,6
2016,WPWC,CHSP,5
2016,WPWC,AMRO,4
2016,WPWC,MODO,4
2016,WPWC,BCCH,3
2016,WPWC,EAKI,3
2016,WPWC,RWBL,3
2016,WPWC,SOSP,3
2016,WPWC,NOCA,2
2016,WPWC,PIWA,2
2016,WPWC,AMRE,1
2016,WPWC,BAOR,1
2016,WPWC,BHCO,1
2016,WPWC,BLJA,1
2016,WPWC,COGR,1
2016,WPWC,EAWP,1
2016,WPWC,EWPW,1
2016,WPWC,FISP,1
2016,WPWC,GCFL,1
2016,WPWC,NOFL,1
2016,WPWC,TRES,1
2016,WPWC,YBCU,0.5
2017,RARO,RWBL,15
2017,RARO,YEWA,12
2017,RARO,NHWR,11
2017,RARO,COYE,8
2017,RARO,EAKI,3
2017,RARO,GRCA,3
2017,RARO,REVI,3
2017,RARO,FISP,2.5
2017,RARO,BAOR,2
2017,RARO,EATO,2
2017,RARO,EAWP,2
2017,RARO,YBCU,2
2017,RARO,AMWO,3
2017,RARO,SWSP,1.5
2017,RARO,INBU,1
2017,RARO,BBCU,1
2017,RARO,BLJA,1
2017,RARO,COGR,1
2017,RARO,NOCA,1
2017,RARO,TRES,1
2017,RARO,WBNU,1
2017,ROWB,YEWA,19
2017,ROWB,NHWR,6
2017,ROWB,COYE,5
2017,ROWB,RWBL,5
2017,ROWB,EWPW,4
2017,ROWB,BAOR,3
2017,ROWB,EAWP,3
2017,ROWB,REVI,3
2017,ROWB,AMWO,2
2017,ROWB,BCCH,2
2017,ROWB,EATO,2
2017,ROWB,GCFL,2
2017,ROWB,GRCA,2
2017,ROWB,LEFL,2
2017,ROWB,TRES,2
2017,ROWB,YBCU,2
2017,ROWB,BRTH,1
2017,ROWB,EUST,1
2017,ROWB,MODO,1
2017,ROWB,NOFL,1
2017,ROWB,RBWO,1
2017,ROWP,YEWA,25
2017,ROWP,RWBL,18
2017,ROWP,COYE,11
2017,ROWP,WAVI,9
2017,ROWP,EAWP,8
2017,ROWP,GRCA,6
2017,ROWP,MAWR,6
2017,ROWP,EAKI,5
2017,ROWP,EUST,5
2017,ROWP,TRES,5
2017,ROWP,REVI,4
2017,ROWP,SWSP,4
2017,ROWP,COGR,3
2017,ROWP,NHWR,3
2017,ROWP,AMRO,2
2017,ROWP,BAOR,2
2017,ROWP,CEDW,2
2017,ROWP,EATO,2
2017,ROWP,GCFL,2
2017,ROWP,MODO,2
2017,ROWP,SOSP,2
2017,ROWP,AMRE,1
2017,ROWP,BCCH,1
2017,ROWP,BLJA,1
2017,ROWP,BRTH,1
2017,ROWP,CARW,1
2017,ROWP,CHSP,1
2017,ROWP,CHSW,1
2017,ROWP,DOWO,1
2017,ROWP,EASO,1
2017,ROWP,LEFL,1
2017,ROWP,NOCA,1
2017,ROWP,NOFL,1
2017,ROWP,RTHU,1
2017,ROWP,WODU,1
2017,TMSL,NOFL,0.25
2017,TMSL,YEWA,20.5
2017,TMSL,COYE,7
2017,TMSL,RWBL,6
2017,TMSL,GRCA,3
2017,TMSL,AMRO,2
2017,TMSL,BCCH,2
2017,TMSL,CHSP,2
2017,TMSL,EATO,2
2017,TMSL,INBU,2
2017,TMSL,SOSP,2
2017,TMSL,YBCU,2
2017,TMSL,AMWO,1
2017,TMSL,BBCU,1
2017,TMSL,EAKI,1
2017,TMSL,EAWP,1
2017,TMSL,EWPW,1
2017,TMSL,NHWR,1
2017,TMSL,MAWR,1
2017,TMSL,REVI,1
2017,TMSL,SWSP,1
2017,TMSL,WEVI,1
2017,TMSL,CEDW,0.5
2017,TMSL,GCFL,0.5
2017,WPWC,YEWA,14
2017,WPWC,RWBL,5
2017,WPWC,NHWR,3.5
2017,WPWC,COYE,3
2017,WPWC,EWPW,3
2017,WPWC,CHSP,2
2017,WPWC,EATO,2
2017,WPWC,MODO,2
2017,WPWC,AMRO,1
2017,WPWC,BCCH,1
2017,WPWC,BLJA,1
2017,WPWC,EAKI,1
2017,WPWC,GRCA,1
2017,WPWC,NOCA,1
2017,WPWC,REVI,1
2018,DCJS,CHSP,14
2018,DCJS,FISP,9
2018,DCJS,YEWA,8.5
2018,DCJS,EATO,4
2018,DCJS,BRTH,3
2018,DCJS,SOSP,3
2018,DCJS,AMRO,2
2018,DCJS,EUST,2
2018,DCJS,EWPW,2
2018,DCJS,BGGN,1
2018,DCJS,EAKI,1
2018,DCJS,NHWR,1
2018,DCJS,MODO,1
2018,DCJS,NOCA,1
2018,DCJS,RWBL,1
2018,DCJS,TRES,1
2018,IDSS,FISP,8
2018,IDSS,CHSP,7
2018,IDSS,RWBL,6
2018,IDSS,SOSP,4
2018,IDSS,BRTH,3
2018,IDSS,EAKI,2
2018,IDSS,EATO,2
2018,IDSS,NOCA,2
2018,IDSS,YEWA,2
2018,IDSS,AMRO,1
2018,IDSS,AMWO,1
2018,IDSS,BGGN,1
2018,IDSS,COGR,1
2018,IDSS,EUST,1
2018,IDSS,EWPW,1
2018,IDSS,MALL,1
2018,IDSS,TRES,1
2018,IDSS,YBCU,0.5
2018,ROMF,CHSW,0.25
2018,ROMF,YEWA,18
2018,ROMF,NHWR,16
2018,ROMF,COYE,15
2018,ROMF,REVI,13
2018,ROMF,EAWP,9.5
2018,ROMF,GRCA,6.5
2018,ROMF,WAVI,6
2018,ROMF,AMRE,5
2018,ROMF,BAOR,5
2018,ROMF,EUST,5
2018,ROMF,AMRO,3.5
2018,ROMF,EAKI,3.5
2018,ROMF,GCFL,3
2018,ROMF,INBU,3
2018,ROMF,RWBL,3
2018,ROMF,BCCH,2
2018,ROMF,DOWO,2
2018,ROMF,EWPW,2
2018,ROMF,MODO,2
2018,ROMF,NOFL,2
2018,ROMF,RBWO,2
2018,ROMF,TRES,2
2018,ROMF,WBNU,2
2018,ROMF,AMWO,1
2018,ROMF,BGGN,1
2018,ROMF,COGR,1
2018,ROMF,NOCA,1
2018,ROMF,WITU,1
2018,ROMF,YBCU,1
2018,ROMF,YTVI,1
2018,ROMF,SOSP,0.5
2018,ROMS,WITU,0.25
2018,ROMS,YEWA,37.5
2018,ROMS,NHWR,16
2018,ROMS,REVI,15
2018,ROMS,RWBL,15
2018,ROMS,COYE,11.5
2018,ROMS,GRCA,11
2018,ROMS,WAVI,10
2018,ROMS,EAWP,8.5
2018,ROMS,BAOR,7
2018,ROMS,SOSP,7
2018,ROMS,EAKI,6
2018,ROMS,BGGN,4
2018,ROMS,EUST,4
2018,ROMS,TRES,4
2018,ROMS,INBU,3
2018,ROMS,NOFL,3
2018,ROMS,AMRE,2.5
2018,ROMS,BHCO,2
2018,ROMS,CHSW,2
2018,ROMS,DOWO,2
2018,ROMS,GCFL,2
2018,ROMS,MODO,2
2018,ROMS,NOCA,2
2018,ROMS,RBWO,2
2018,ROMS,WBNU,2
2018,ROMS,YBCU,2
2018,ROMS,EWPW,1.5
2018,ROMS,AMRO,1
2018,ROMS,AMWO,1
2018,ROMS,BCCH,1
2018,ROMS,COGR,1
2018,ROMS,OROR,1
2018,ROMS,RHWO,1
2018,ROMS,RTHA,1
2018,ROMS,YTVI,1
2018,ROMS,EABL,0.5
2018,ROMS,WIFL,0.5
2018,STDP,GCFL,0.25
2018,STDP,YEWA,17.5
2018,STDP,RWBL,16
2018,STDP,COYE,14
2018,STDP,SOSP,9
2018,STDP,EATO,7
2018,STDP,CHSP,5
2018,STDP,FISP,5
2018,STDP,BRTH,4
2018,STDP,NHWR,4
2018,STDP,MODO,4
2018,STDP,BAOR,3
2018,STDP,EAKI,3
2018,STDP,TRES,3
2018,STDP,AMRO,2
2018,STDP,OROR,2
2018,STDP,PBGR,2
2018,STDP,WAVI,2
2018,STDP,AGOL,1
2018,STDP,BCCH,1
2018,STDP,COGR,1
2018,STDP,HOME,1
2018,STDP,MAWR,1
2018,STDP,NOFL,1
2018,STDP,VIRA,1
2018,STDP,YBCU,1
2018,STDP,BLJA,0.5
2019,RARO,BRTH,0.25
2019,RARO,SORA,0.25
2019,RARO,WODU,0.25
2019,RARO,RWBL,22
2019,RARO,COYE,14
2019,RARO,YEWA,11.5
2019,RARO,NHWR,11
2019,RARO,REVI,5.5
2019,RARO,BAOR,4
2019,RARO,EAKI,4
2019,RARO,EAWP,4
2019,RARO,TRES,4
2019,RARO,WAVI,4
2019,RARO,GRCA,3.5
2019,RARO,COGR,2.5
2019,RARO,EWPW,2.5
2019,RARO,AMWO,2
2019,RARO,DOWO,2
2019,RARO,FISP,2
2019,RARO,GCFL,2
2019,RARO,MODO,2
2019,RARO,NOFL,2
2019,RARO,AMRO,1
2019,RARO,BCCH,1
2019,RARO,BGGN,1
2019,RARO,CEDW,1
2019,RARO,EUST,1
2019,RARO,NOCA,1
2019,RARO,SOSP,1
2019,RARO,WBNU,1
2019,RARO,EATO,0.5
2019,RARO,SWSP,0.5
2019,ROIS,YEWA,35
2019,ROIS,RWBL,24
2019,ROIS,WAVI,15
2019,ROIS,NHWR,14.5
2019,ROIS,COYE,10
2019,ROIS,EAKI,6
2019,ROIS,GRCA,6
2019,ROIS,REVI,6
2019,ROIS,EAWP,4
2019,ROIS,EUST,4
2019,ROIS,MAWR,4
2019,ROIS,SOSP,4
2019,ROIS,TRES,4
2019,ROIS,BAOR,3
2019,ROIS,COGR,3
2019,ROIS,INBU,3
2019,ROIS,WODU,3
2019,ROIS,AMRE,2
2019,ROIS,AMRO,2
2019,ROIS,AMWO,2
2019,ROIS,GCFL,2
2019,ROIS,MODO,2
2019,ROIS,NOFL,2
2019,ROIS,RBWO,2
2019,ROIS,NOCA,1.5
2019,ROIS,BAEA,1
2019,ROIS,BBCU,1
2019,ROIS,BGGN,1
2019,ROIS,DOWO,1
2019,ROIS,GRHE,1
2019,ROIS,LEBI,1
2019,ROIS,LEFL,1
2019,ROIS,OROR,1
2019,ROIS,WBNU,1
2019,ROIS,BLJA,0.5
2019,ROIS,WIFL,0.5
2019,ROMS,CHSW,0.25
2019,ROMS,RTHU,0.25
2019,ROMS,YEWA,41
2019,ROMS,NHWR,17.5
2019,ROMS,RWBL,16
2019,ROMS,WAVI,12.5
2019,ROMS,REVI,11.5
2019,ROMS,COYE,10
2019,ROMS,GRCA,9
2019,ROMS,SOSP,7
2019,ROMS,EAKI,6.5
2019,ROMS,EAWP,6
2019,ROMS,BAOR,5.5
2019,ROMS,EUST,5
2019,ROMS,TRES,5
2019,ROMS,BGGN,4
2019,ROMS,AMRE,3
2019,ROMS,GCFL,3
2019,ROMS,INBU,3
2019,ROMS,AMRO,2
2019,ROMS,BCCH,2
2019,ROMS,COGR,2
2019,ROMS,NOFL,2
2019,ROMS,BHCO,1
2019,ROMS,BLJA,1
2019,ROMS,DOWO,1
2019,ROMS,EWPW,1
2019,ROMS,HAWO,1
2019,ROMS,MODO,1
2019,ROMS,NOCA,1
2019,ROMS,OROR,1
2019,ROMS,RBWO,1
2019,ROMS,WBNU,1
2019,ROWB,YEWA,11.5
2019,ROWB,RWBL,10.5
2019,ROWB,NHWR,8
2019,ROWB,REVI,6
2019,ROWB,COYE,5.5
2019,ROWB,EWPW,5
2019,ROWB,AMRE,4
2019,ROWB,EAWP,4
2019,ROWB,BAOR,3
2019,ROWB,BCCH,3
2019,ROWB,GRCA,3
2019,ROWB,MODO,3
2019,ROWB,AMRO,2.5
2019,ROWB,BLJA,2
2019,ROWB,BRTH,2
2019,ROWB,EATO,2
2019,ROWB,GCFL,2
2019,ROWB,RBWO,2
2019,ROWB,YBCU,2
2019,ROWB,BGGN,1
2019,ROWB,CHSP,1
2019,ROWB,COGR,1
2019,ROWB,DOWO,1
2019,ROWB,EAKI,1
2019,ROWB,EUST,1
2019,ROWB,NOFL,1
2019,ROWP,RWBL,25
2019,ROWP,YEWA,23
2019,ROWP,COYE,7
2019,ROWP,GRCA,7
2019,ROWP,REVI,7
2019,ROWP,WAVI,7
2019,ROWP,EAKI,6.5
2019,ROWP,SOSP,6
2019,ROWP,COGR,5
2019,ROWP,EAWP,5
2019,ROWP,EUST,4
2019,ROWP,MODO,4
2019,ROWP,TRES,4
2019,ROWP,WODU,3
2019,ROWP,AMRO,2
2019,ROWP,AMWO,2
2019,ROWP,BAOR,2
2019,ROWP,BCCH,2
2019,ROWP,MAWR,1.5
2019,ROWP,DOWO,1
2019,ROWP,EATO,1
2019,ROWP,NHWR,1
2019,ROWP,LEBI,1
2019,ROWP,NOCA,1
2019,ROWP,NOFL,1
2019,ROWP,RTHU,1
2021,BGGR,YEWA,18.5
2021,BGGR,COYE,14
2021,BGGR,RWBL,14
2021,BGGR,FISP,12.5
2021,BGGR,EATO,7
2021,BGGR,CHSP,5
2021,BGGR,EAKI,2.5
2021,BGGR,AGOL,2
2021,BGGR,BRTH,2
2021,BGGR,CEDW,2
2021,BGGR,MODO,2
2021,BGGR,COGR,1
2021,BGGR,NOFL,1
2021,BGGR,REVI,1
2021,BGGR,BAOR,0.5
2021,BGGR,WITU,0.5
2021,DCJS,COYE,0.25
2021,DCJS,NHWR,0.25
2021,DCJS,CHSP,17.5
2021,DCJS,FISP,16
2021,DCJS,YEWA,8
2021,DCJS,EATO,6
2021,DCJS,BRTH,3
2021,DCJS,AMWO,2
2021,DCJS,BCCH,2
2021,DCJS,BHCO,2
2021,DCJS,RWBL,2
2021,DCJS,TRES,2
2021,DCJS,EAKI,1.5
2021,DCJS,BGGN,1
2021,DCJS,CEDW,1
2021,DCJS,COGR,1
2021,DCJS,MODO,1
2021,DCSD,FISP,14.5
2021,DCSD,NHWR,5.5
2021,DCSD,CHSP,4.5
2021,DCSD,YEWA,3
2021,DCSD,RWBL,2.5
2021,DCSD,BCCH,1.5
2021,DCSD,BGGN,1
2021,DCSD,BRTH,1
2021,DCSD,EATO,1
2021,DCSD,EAKI,0.5
2021,DCSD,EWPW,0.5
2021,DCSD,TRES,0.5
2021,IDSS,FISP,11
2021,IDSS,RWBL,8
2021,IDSS,BRTH,5
2021,IDSS,CHSP,4
2021,IDSS,COGR,4
2021,IDSS,AMWO,2
2021,IDSS,EAKI,2
2021,IDSS,EUST,2
2021,IDSS,EWPW,2
2021,IDSS,SOSP,2
2021,IDSS,AMRO,1
2021,IDSS,BCCH,1
2021,IDSS,GRCA,1
2021,IDSS,NHWR,1
2021,IDSS,KILL,1
2021,IDSS,MALL,1
2021,IDSS,MODO,1
2021,IDSS,NOCA,1
2021,IDSS,TRES,1
2021,IDSS,AMCR,0.5
2021,RARO,SWSP,0.25
2021,RARO,YEWA,28
2021,RARO,NHWR,20.5
2021,RARO,RWBL,16.5
2021,RARO,COYE,11.5
2021,RARO,REVI,6
2021,RARO,TRES,5
2021,RARO,WAVI,5
2021,RARO,EAWP,4.5
2021,RARO,BAOR,4
2021,RARO,GRCA,4
2021,RARO,EAKI,3.5
2021,RARO,AMRE,3
2021,RARO,BHCO,3
2021,RARO,GCFL,3
2021,RARO,INBU,2.5
2021,RARO,AMRO,2
2021,RARO,COGR,2
2021,RARO,EWPW,2
2021,RARO,FISP,2
2021,RARO,MODO,1.5
2021,RARO,AMWO,1
2021,RARO,BCCH,1
2021,RARO,BGGN,1
2021,RARO,BLJA,1
2021,RARO,DOWO,1
2021,RARO,EASO,1
2021,RARO,EATO,1
2021,RARO,EUST,1
2021,RARO,LEFL,1
2021,RARO,NOCA,1
2021,RARO,SOSP,1
2021,RARO,YBCU,1
2021,RARO,WBNU,0.5
2021,RARO,WITU,0.5
2021,ROIS,YEWA,42.5
2021,ROIS,RWBL,39.5
2021,ROIS,NHWR,18
2021,ROIS,WAVI,16.5
2021,ROIS,COYE,9.5
2021,ROIS,EAWP,9
2021,ROIS,EUST,9
2021,ROIS,EAKI,8.5
2021,ROIS,TRES,7
2021,ROIS,AMRO,6
2021,ROIS,BAOR,5.5
2021,ROIS,REVI,5
2021,ROIS,BGGN,4
2021,ROIS,COGR,4
2021,ROIS,BCCH,3
2021,ROIS,GRCA,3
2021,ROIS,GCFL,2
2021,ROIS,MODO,2
2021,ROIS,NOFL,2
2021,ROIS,WBNU,2
2021,ROIS,YBCU,2
2021,ROIS,AMRE,1
2021,ROIS,AMWO,1
2021,ROIS,BAEA,1
2021,ROIS,BHCO,1
2021,ROIS,DOWO,1
2021,ROIS,EASO,1
2021,ROIS,MALL,1
2021,ROIS,NOCA,1
2021,ROIS,OROR,1
2021,ROIS,SOSP,1
2021,ROIS,VIRA,1
2021,ROIS,WIFL,1
2021,ROIS,BLJA,0.5
2021,ROIS,WODU,0.5
2021,ROMF,CHSW,0.25
2021,ROMF,RTHU,0.25
2021,ROMF,REVI,16
2021,ROMF,YEWA,15.5
2021,ROMF,RWBL,11.5
2021,ROMF,BAOR,11
2021,ROMF,NHWR,10
2021,ROMF,WAVI,9
2021,ROMF,AMRE,8
2021,ROMF,COGR,7
2021,ROMF,COYE,7
2021,ROMF,EAWP,6.5
2021,ROMF,TRES,6
2021,ROMF,GCFL,5
2021,ROMF,EAKI,3.5
2021,ROMF,EWPW,3
2021,ROMF,GRCA,3
2021,ROMF,AMRO,2.5
2021,ROMF,BHCO,2
2021,ROMF,EUST,2
2021,ROMF,MODO,2
2021,ROMF,NOFL,2
2021,ROMF,RBWO,2
2021,ROMF,YBCU,2
2021,ROMF,AMWO,1
2021,ROMF,BLJA,1
2021,ROMF,INBU,1
2021,ROMF,NOCA,1
2021,ROMF,WBNU,1
2021,ROMF,WITU,1
2021,ROMF,WODU,1
2021,ROMF,GHOW,0.5
2021,ROMF,SWSP,0.5
2021,ROMS,CHSW,0.25
2021,ROMS,CONI,0.25
2021,ROMS,YEWA,47
2021,ROMS,RWBL,31.5
2021,ROMS,NHWR,27.5
2021,ROMS,WAVI,15
2021,ROMS,REVI,14
2021,ROMS,EAWP,12
2021,ROMS,GRCA,10
2021,ROMS,TRES,10
2021,ROMS,COYE,8
2021,ROMS,BAOR,7.5
2021,ROMS,EAKI,7
2021,ROMS,BGGN,4
2021,ROMS,AMRO,3
2021,ROMS,BLJA,3
2021,ROMS,COGR,3
2021,ROMS,GCFL,3
2021,ROMS,BCCH,2
2021,ROMS,BHCO,2
2021,ROMS,DOWO,2
2021,ROMS,EASO,2
2021,ROMS,EUST,2
2021,ROMS,NOFL,2
2021,ROMS,YBCU,2
2021,ROMS,RBWO,1.5
2021,ROMS,AMRE,1
2021,ROMS,AMWO,1
2021,ROMS,BAEA,1
2021,ROMS,NOCA,1
2021,ROMS,RTHU,1
2021,ROMS,SOSP,1
2021,ROMS,VIRA,1
2021,ROMS,MODO,0.5
2021,ROMS,RTHA,0.5
2021,ROWB,BRTH,0.25
2021,ROWB,WBNU,0.25
2021,ROWB,COYE,10.5
2021,ROWB,NHWR,10
2021,ROWB,RWBL,10
2021,ROWB,REVI,8.5
2021,ROWB,YEWA,8.5
2021,ROWB,EAWP,4
2021,ROWB,GRCA,4
2021,ROWB,MODO,4
2021,ROWB,TRES,4
2021,ROWB,AMRE,3
2021,ROWB,AMRO,3
2021,ROWB,BAOR,3
2021,ROWB,YBCU,3
2021,ROWB,BLJA,2
2021,ROWB,COGR,2
2021,ROWB,EAKI,2
2021,ROWB,EUST,2
2021,ROWB,EWPW,2
2021,ROWB,GCFL,2
2021,ROWB,INBU,2
2021,ROWB,RBWO,1.5
2021,ROWB,BAEA,1
2021,ROWB,BCCH,1
2021,ROWB,BHCO,1
2021,ROWB,CHSW,1
2021,ROWB,DOWO,1
2021,ROWB,EASO,1
2021,ROWB,EATO,1
2021,ROWB,NOFL,1
2021,ROWB,SCTA,1
2021,ROWB,SWSP,1
2021,ROWB,WITU,1
2021,ROWP,BEKI,0.25
2021,ROWP,WIFL,0.25
2021,ROWP,RWBL,28
2021,ROWP,YEWA,24
2021,ROWP,COYE,10
2021,ROWP,WAVI,7
2021,ROWP,EAKI,5.5
2021,ROWP,GRCA,5
2021,ROWP,NHWR,4.5
2021,ROWP,MODO,4
2021,ROWP,COGR,3
2021,ROWP,EAWP,3
2021,ROWP,MAWR,3
2021,ROWP,TRES,3
2021,ROWP,AMWO,2
2021,ROWP,BAOR,2
2021,ROWP,EUST,2
2021,ROWP,NOCA,2
2021,ROWP,OROR,2
2021,ROWP,REVI,2
2021,ROWP,YBCU,2
2021,ROWP,AMCR,1
2021,ROWP,AMRE,1
2021,ROWP,AMRO,1
2021,ROWP,BAEA,1
2021,ROWP,BCCH,1
2021,ROWP,CEDW,1
2021,ROWP,CHSW,1
2021,ROWP,EASO,1
2021,ROWP,GRHE,1
2021,ROWP,RTHU,1
2021,ROWP,WODU,1
2021,SRS1,TRES,0.25
2021,SRS1,RWBL,26
2021,SRS1,FISP,6
2021,SRS1,YEWA,5.5
2021,SRS1,CHSP,4
2021,SRS1,BRTH,2
2021,SRS1,NHWR,2
2021,SRS1,MALL,1.5
2021,SRS1,AMBI,1
2021,SRS1,COGR,1
2021,SRS1,EAKI,1
2021,SRS1,AMRO,0.5
2021,SRS1,KILL,0.5
2021,SRS2,BRTH,0.25
2021,SRS2,RWBL,13
2021,SRS2,YEWA,6
2021,SRS2,FISP,2.5
2021,SRS2,SOSP,2.5
2021,SRS2,CHSP,2
2021,SRS2,COYE,2
2021,SRS2,EAKI,1.5
2021,SRS2,AMBI,0.5
2021,SRS2,NHWR,0.5
2021,SRS2,MAWR,0.5
2021,STDP,AMRO,0.25
2021,STDP,YBCU,0.25
2021,STDP,YEWA,17.5
2021,STDP,RWBL,15.5
2021,STDP,COYE,15
2021,STDP,EATO,4.5
2021,STDP,EAKI,4
2021,STDP,CHSP,3
2021,STDP,TRES,3
2021,STDP,BRTH,2.5
2021,STDP,FISP,2.5
2021,STDP,BCCH,2
2021,STDP,COGR,2
2021,STDP,NHWR,2
2021,STDP,PBGR,2
2021,STDP,SOSP,2
2021,STDP,MODO,1.5
2021,STDP,AGOL,1
2021,STDP,BAOR,1
2021,STDP,BHCO,1
2021,STDP,CEDW,1
2021,STDP,MALL,1
2021,STDP,BLJA,0.5
2021,STDP,NOCA,0.5
2021,TMSL,NHWR,0.25
2021,TMSL,MALL,0.25
2021,TMSL,RWBL,20.5
2021,TMSL,YEWA,19
2021,TMSL,COYE,10
2021,TMSL,EATO,5
2021,TMSL,GRCA,4
2021,TMSL,NOCA,4
2021,TMSL,COGR,3.5
2021,TMSL,GCFL,3.5
2021,TMSL,BCCH,3
2021,TMSL,BLJA,3
2021,TMSL,MODO,3
2021,TMSL,YBCU,3
2021,TMSL,AMRO,2.5
2021,TMSL,CHSP,2.5
2021,TMSL,AMWO,2
2021,TMSL,CARW,2
2021,TMSL,REVI,2
2021,TMSL,TRES,2
2021,TMSL,WODU,2
2021,TMSL,EAKI,1.5
2021,TMSL,MAWR,1.5
2021,TMSL,HAWO,1
2021,TMSL,BRTH,0.5
2021,TMSL,FISP,0.5
2021,TMSL,GRHE,0.5
2021,TMSL,INBU,0.5
2021,TMSL,SOSP,0.5
2021,WPWC,NHWR,11
2021,WPWC,EATO,7
2021,WPWC,COYE,6
2021,WPWC,REVI,6
2021,WPWC,CHSP,3.5
2021,WPWC,AMRO,3
2021,WPWC,EAWP,3
2021,WPWC,MODO,2.5
2021,WPWC,BCCH,2
2021,WPWC,GCFL,2
2021,WPWC,GRCA,2
2021,WPWC,NOCA,2
2021,WPWC,PIWA,2
2021,WPWC,EAKI,1.5
2021,WPWC,YEWA,1.5
2021,WPWC,BLJA,1
2021,WPWC,CEDW,1
2021,WPWC,COGR,1
2021,WPWC,EWPW,1
2021,WPWC,SOSP,1
2021,WPWC,SSHA,1
2021,WPWC,YBCU,1
2021,WPWC,AMWO,0.5
2021,WPWC,CARW,0.5
2021,WPWC,EASO,0.5
2021,WPWC,HAWO,0.5
2021,WPWC,RWBL,0.5
