sample,year,sitecode,ABDU,AGOL,AGOS,AMBI,AMCR,AMKE,AMRE,AMRO,AMWO,BAEA,BANS,BAOR,BBCU,BCCH,BEKI,BGGN,BHCO,BLBW,BLJA,BOBO,BRCR,BRTH,BTNW,CANG,CARW,CAWA,CEDW,CHSP,CHSW,COGR,COHA,CONI,COYE,CSWA,CWWI,DOWO,EABL,EAKI,EAME,EAPH,EASO,EATO,EAWP,EUST,EWPW,FISP,GCFL,GHOW,GRCA,GRHE,HAWO,HOFI,HOME,INBU,KILL,LEBI,LEFL,MALL,MAWA,MAWR,MODO,NHWR,NOCA,NOFL,NOMO,NRWS,NSWO,OROR,PBGR,PIWA,PROW,RBGR,RBNU,RBWO,REVI,RHWO,RTHA,RTHU,RWBL,SCTA,SORA,SOSP,SPSA,SSHA,SWSP,TRES,VEER,VIRA,WAVI,WBNU,WEVI,WIFL,WISN,WITU,WIWR,WODU,WTSP,YBCU,YEWA,YTVI,(blank)
1991_BGGR,1991,BGGR,,,,,,,,,,,4,,,,,,,,,,,1,,,,,,1,,,,,,,,,,0.5,2.5,,,,,1,,4,,,,,,,,,2,,,,,,,,,,,,,,,,,,,,,,,,14,,,2.5,,,,0.25,,,,,,,,,,,,,,,
1991_DCJS,1991,DCJS,,,,,1,,,,,,,,,,,,,,,,,,,,,,,5.5,,,,,,,,,,,,,,,,2,,1,,,,,,,,,,,,,,,,4.5,,1,1,,,,,,,,,,,,,,1,,,3,,,,6,,,,,,,,,,,,,,,
1991_DCSD,1991,DCSD,,,,,,,,,,,,0.5,,,,,,,,,,,,,,,,2,,,,,,,,,,3.5,,,,,,,,1,,,,,,,,,,,,,,,,1,,,,,,,,,,,,,,,,,4,,,,,,,3.5,,,,,,,,,,,,,,,
1991_IDSS,1991,IDSS,,,,,,,,,,,,,,,,,,,,1,,,,,,,,5,,,,,,,,,,3,,,,,,5,,,,,,,,,,,3,,,1,,,,,,,2,,,,,,,,,,,,,,2.5,,,5,,,,6,,,,,,,,,,,,,,,
1991_RARO,1991,RARO,,2,,,,,,,1,,,6,,1.5,,,3.5,,1,,,,,,,,,,,4.5,,,7,,,2,,5,,,,1,9,5.5,,2.5,2,0.25,1,,1,,,,,,,,,,,11.5,,1.5,,,,,,,,,,,3,,,,18,,,14,,,,7,,,1,,,,,,,,,,9.5,,
1991_ROIS,1991,ROIS,,4,,,,,3,1,,,,5.5,,3,,,3,,,,,,,,1,,1,,,5.5,,,9,,,2.5,,7.5,,,,,14.5,7.5,,,2,1,,,,,,,,,4,,,,,12.5,1,0.5,,,,,,,,,,,2,,,,28,,,19.5,,,1,8,,,5.5,,,,,,,,,,11.5,,
1991_ROMF,1991,ROMF,,,,,,,,2,1,,,11,,2.5,,,1,,2,,,,,,,,,,,7,,,4.5,,,4.5,,6.5,,,,2,9,2,,,4.5,,,,,,,,,,,,,,,14,2,3,,,,,,,,,,2,9,1,,,15,,,11.5,,,,11,,,,2,,,,,,,,,5.5,,
1991_ROMS,1991,ROMS,,,,,,,4,3,1,,,8,,2,,,2,,1,,,,,,,,1,,,4.5,,,8.5,,,2,,4.5,,,,,11.5,6.5,,,3,,,,,,,,,,,,,,,7,1,2,,,,,,,,,,,4,,,,21.5,,,15,,,,6,,,4,1,,,,,,,,,13,,
1991_ROWB,1991,ROWB,,0.5,,,,,,2.5,,,,4,,,,1,1,,1,,,,0.25,,,,,1,,2,,,4,,,1,,2,,,,,3,1,1,,3,,,,,,,,,,,,,,1,11,,2,,,,,,,,,,,,2,,,10,,,3,,,,9,,,1,,,,,,,,,,2.5,,
1991_ROWP,1991,ROWP,1,2,,,,,,2,,,,3,,,,,,,,,,,,0.5,,,1,,,2,,,0.5,,,,,3,,,,,3,3,,,,,,,,,,,,,,1,,4,,5,,,,,,,,,1,,,,1,,,,,,,16,,,,8.5,,,,,,,,,,,,,2.5,,
1991_SRS1,1991,SRS1,,,,,,,,,,,,,,,,,,,,,,,,,,,,,,,,,,,,,0.5,1,,,,,,,,,,,,,,,,,2.5,,,,,,,,,,,,,,,,,,,,,,,,2.5,,,,3.5,,,,,,,,,,,,,,,,,,
1991_SRS2,1991,SRS2,,,,,,,,,,,,,,,,,0.25,,,,,,,,,,,1,,,,,,,,,,0.5,,,,,,,,,,,,,,,,,2.5,,,,,,,,,,,,,,,,,,,,,,,,2,,,,1.5,,,,,,,,,,,,,,,,,,
1991_STDP,1991,STDP,,,,,,,,,,,,1,,1,,,,,,,,,,,,,,,,1,,,4,,,,,3.5,,,,,,,,,,,,,,,,,,,,,,,,0.5,,,,,,,,,,,,,,,,,30,,,9,,,,4,,,,,,,,,,,,,4.5,,
1991_TMSL,1991,TMSL,,3,,,,,,,2,,,2.5,1,4,,,,,1,,,3,,,3,,1,1,,6.5,,,10.5,,,,,3,,,,1,3,,,1,2,,3,,,,,,,,,1,,,3.5,10,1,0.5,,,,,,,,,,,,,,,12,,,10.5,,,1,2.5,,,,,,,,,,,,,2,,
1991_WPWC,1991,WPWC,,,,,,,,1,,,,4.5,,2,,,1,,1,,,1.5,,,,1,1,5,,0.5,,,8,,1,,,1.5,,,,5,3,,,2.5,2,,2,,,,,,,,,,,,2,20.5,,1,,,,,,,,,,,,,,,4.5,,,2.5,,,,1,,,,,,,,,,,,,,,
1992_DCSD,1992,DCSD,,,,,,,,,,,,2,,,,,,,,,,,,,,,,1.5,,,,,,,,,,4,,,,,,0.25,,2,,,,,,,,,,,,,,,,2,,,,,,,,,,,,,,,,,2,,,0.25,3,,,6,,,,,,,,,,,,,,,
1992_RARO,1992,RARO,,,,,,1,,,1,,,4.5,,,,,2.5,,1,,,,,,0.25,,,,,5,,,3.5,,,1,,5,,,,,5,6,,2,1.5,,,,,,,,,,,,,,,10,,2,,,,,,,,,,,5.5,,,,11.5,,,7.5,,,,6,,,1,,,,,,,1,,,5.5,,
1992_ROIS,1992,ROIS,,2,,,,,3,1,,,,6.5,,,,,2,,,,,,,,,,,,,5,,,8.5,,,1,,8.5,,,,,9.5,6.5,,,3,0.5,,,,,,,,,5,,,,2,18,,1,,,,,,,,,,,3,,1,,24,,,14,,,2,9,,,5,,,,,,,,,,11.5,,
1992_TMSL,1992,TMSL,,1,,,,,,,1,,,3,,3,,,1,,,,,3,,,2,,1,3,,6,,,9,,,,,2.5,,0.5,,2,4,1,1,3.5,3,,3,,,,,1,,,,1,,,3,8.5,2,0.5,,,,,,,,,,,,,,,11.5,,,8.5,,,2,3,,1,,,,,,,,1,,,4.5,,
1993_IDSS,1993,IDSS,,,,,,,,1,,,,,,,,,,,,,,3,,,,,,4,,3,,,,,,,,3.5,,,,,,2.5,,2,,,,,,,,,2,,,,,,,,,,,,,,,,,,,,,,,,9,,,4,1,,,13.5,,,,,,,,,,,,,,,
1993_SRS1,1993,SRS1,,,,,,,,,,,,,,,,,,,,,,,,,,,,,,,,,,,,,,1.5,,,,,,,,,,,,,,,,,1,,,,,,,,,,,,,,,,,,,,,,,,3.5,,,,1,,,,,,,,,,,,,,,,,,
1993_SRS2,1993,SRS2,,,,,,,,,,,,,,,,,,,,,,,,,,,,1,,,,,,,,,,,,,,,,,,,,,,,,,,,1,,,,,,,,,,,,,,,,,,,,,,,,0.5,,,2,,,,,,,,,,,,,,,,,,,
1993_STDP,1993,STDP,,,,,,,,,,,,2,,,,,,,,,,,,,,,1,,,2,,,6,,,,,4,,,,,,,,0.25,,,,,,,,,,,,,,,2,1.5,,,,,,,,,,,,,,,,,41,,,8.5,,,,5.5,,,,,,,,,,,,,2,,
1993_WPWC,1993,WPWC,,,,,,,,0.5,,,,5.5,,2.5,,,2,1,1,,1,0.5,,,1,,2,5.5,,1,,,5.5,,1,1,,1.5,,,,3.5,3,1.5,3,3.5,2.5,,6,,,,,,,,1,0.5,1,,4,27.5,1.5,1,,,,,,,,,1,,1,,,,3,,,5,,,,4.5,,,,,1,,,,,,,1,0.5,,
1994_ROMF,1994,ROMF,,,,,,,0.5,,,,,9,,1,,0.5,2,,1,,,,,,,,,,,1,,,5,,,2,,3,,,,,12,3.5,,,3,,,,,,,2,,,,,,,,14,,1,,,,,,,,,,2,6,0.5,0.5,,7,,,4.5,,,,18.5,,,2,,,,,,,,,1,4.5,,
1994_ROMS,1994,ROMS,,,,,,,1,1.5,,,,6,,1,,,2,,1,,,,,,,,1,,,2,,,7.5,,,1,,2,,,,,13,2,,,2,0.5,,,,,,,,,,,,,,12,1,1,,,,,,,,,,,1,1,,,12.5,,,8,,,,7,,,3,1,,,,,,,,1,6,,
1994_ROWB,1994,ROWB,,,,,,,1,3,,,,6,,1,,1.5,,,1,,,,,,,,,1,,2,,,4.5,,,2,,2,,,,,10,4,2,,2,,3,,,,,,,,,,,,3,12,,2,,,,,,,,,,0.5,4,,,1,16.5,,,3,,,,11,,,5.5,,,,,,,,,2,7.5,,
1994_ROWP,1994,ROWP,,,,,,,,1,,,,5,,,,,,,,,,,,,,,,,,4,,,3,,,1,,3,,,,,6,5,,,,1,,,,,,,,,,,,1.5,0.5,1,,2,,,,,,,,,,,,1,,,16,,,8,,,,17,,,,,,,,,,,,,5.5,,
1995_BGGR,1995,BGGR,,,,,,,,,,,,,,,,,1,,,,,,,,,,,,,,,,2,,,,,3,2,,,,,,,7.5,,,,,,,,,3,,,,,,,,,,,2,,,,,,,,,,,,,12,,,10,,,,3,,,,,,,,,,,,,1,,
1995_DCJS,1995,DCJS,,,,,,,,,,,,,,,,,2,,,,,2,,,,,,8,,,,,,,,,,,,,,,,,,4,,,,,,,,,2,,,,,,,,,,1,1,,,,,,,,,,,,,1,,,11,,,,6,,,,,,,,,,,,,,,
1995_IDSS,1995,IDSS,,,,,,,,,,,,,,,,,2,,,,,,,,,,,5,,1,,,,,,,,2,,,,,,6,,3,,,,,,,,,2,,,,,,,2.5,,,,2,,,,,,,,,,,,,2,,,5.5,2,,,22,,,,,,,,,,,,,,,
1995_WPWC,1995,WPWC,,1,,,,,,2,,,,5.5,,2,,,4,,3,,,1,,,1,,,6.5,,3,,,4,,1,,,3,,,,6,3,,2,1,3,,4,,,,,,,,,,,,2,22.5,3,0.5,,,,,,,,,,,,,,,3.5,,,9,,,,2,,,,,1,,,,,,,,2,,
1996_DCSD,1996,DCSD,,,,,,,,,,,,,,,,,,,,,,,,,,,,1,,,,,,,,,,2.5,,,,,,,,0.5,,,,,,,,,,,,,,,,,,,,,,,,,,,,,,,,,,,,3.5,0.5,,,6.5,,,,,,,,,,,,,,,
1996_RARO,1996,RARO,,,,,,,5.5,,,,,5.5,,0.25,,2,1,,1,,,,,,,,,,,3,,,9.5,,,,,5.5,,,,1,5.5,2,1,0.5,1,,1,,,,,0.5,,,,,,,4,13.5,,1,,,,,,,,,,0.25,4,,,1,14,,,7,,,,8,,,5,1,,,,,,,,1,9.5,,
1996_ROIS,1996,ROIS,,,,,,,2.5,,1,,,3.5,,,,,,,,,,,,,,,,,,2,,,14,,,1,,3,,,,,9.5,3.5,1,,,0.25,1,,,,,,,,1,,,3,,10,,1,,,,,,,,,,,3,,,,28,,,11,,,4.5,9,,,7,,,,,,,,,,18,,
1996_TMSL,1996,TMSL,,1,,,,,3,,2,,,4,,1,,2,3,,1,,,3,,,,,1,7.5,,1,,,15,,,,,3,,,,5,6,,2,,2,,10,,,,,,,,,,,1,2.5,13,3,,,,,,,,,,,,3,,,1,18,,,10,,,2,4,,,,,1,,,,,,,,17,,
1997_IDSS,1997,IDSS,,,,,,,,,,,,,,,,,1,,,,,1,,,,,,3,,,,,,,,,,1.5,,,,,,1,,5,,,,,,,,,1,,,,,,,1.5,,,1,,,,,,,,,,,,,,10,,,6,1,,,19,,,,,,,,,,,,,,,
1997_ROWB,1997,ROWB,,,,,,,2,1,,,,11,,2,,2,,,2,,,,,,,,,3,,1,,,6,,,1,,3.5,,,,0.25,8,4,1,,2,,2.5,,,,,,,,,,,,1.5,12,1,3,,,,,,,,,,0.25,5,,1,1,13,,,1,,,,14,,,3,,,,,,,,,2,7.5,,
1997_ROWP,1997,ROWP,,,,,,,,1.5,,,,5,,,,,,,,,,,,,,,,,,2,,,5,,,1,,4,,,,,6,3,,,,,1,,,,,,,1,,,,,1,1,2,,,,,,,,,,,,2,,,,22,,,10,,,,14,,,2,,,1,,,,,,,11,,
1997_SRS1,1997,SRS1,,,,,,,,,,,,,,,,,,,,,,,,,,,,,,,,,,,,,,0.5,,,,,,,,,,,,,,,,,1,,,,,,,,,,,,,,,,,,,,,,,,5,,,1,0.5,,,,,,,,,,,,,,,,,,
1997_SRS2,1997,SRS2,,,,,,,,,,,,,,,,,,,,,,,,,,,,,,,,,,,,,,0.5,,,,,,,,,,,,,,,,,,,,,,,,,,,,,,,,,,,,,,,,,2,,,2.5,,,,2,,,,,,,,,,,,,,,
1998_BGGR,1998,BGGR,,,,,,,,,,,2,1,,,,,,,,,,0.5,,,,,,2,,,,,2,,,,,3.5,1,,,,,,,6.5,,,1,,,,,,1,,,,,,1,,,1,,,,,,,,,,,,,,,4,,,3.5,,,,3,,,,,,,,,,,,,,,
1998_ROMS,1998,ROMS,,,,,,,1,,1,,,5,,3,,,1,,2,,,,,,,,,,,2,,,7,,,1,,5.5,,,,,8.5,4,,,3.5,0.5,,,,,,,,,,,,,,14.5,,2,,,,,,,,,,1,2,,,1,5.5,,,5.5,,,,7,,,6,1,,,,,,,,,8,,
1998_STDP,1998,STDP,,,,,,,,,,,,1.5,,,,,,,,,,,,,,,,,,1,,,8,,,,,2,,,,,,,,,0.5,,,,,,,,,,,,,,1,,,,,,,,,,,,,,,,,,24.5,,,9,,,,4.5,,,1,,,,,,,,,,9,,
1998_WPWC,1998,WPWC,,,,,,,,2,,,,2.5,,1,,,1,,1,,,0.5,,,3,,,4,,3,,,6,,,,,3.5,,,,2,3,,2.5,,2,,2,,,,,,,,,,,,4,16,,,,,,,,,,,,,,,,,5,,,9.5,,,,1,,,,,,,,,1,,1,,5,,
1999_DCJS,1999,DCJS,,,,,,,,1,,,,,,,,,5,,,,,,,,,,,18,,,,,,,,,,,,,,,,,2,10,,,,,,,,,0.5,,,,,,,,,,,,,,,,,,,,,,,,,,,35,,,,6.5,,,,,,,2,,,,,,1.5,,
1999_RARO,1999,RARO,,,,,,,,,2,,,10.5,,1,,2,1.5,,,,,,,,,,,,,3,,,7,,,,,6.5,,,,1,7.5,,5,1,3,,2,,,,,,,,0.25,,,,,7.5,,3,,,,,,,,,,1,6.5,,0.25,,18,,,5.5,,,,10,,,4,,,,,,,,,,8.5,,
1999_ROMF,1999,ROMF,,,,,,,1,2,,,,15,,,,1,2,,2,,,,,,,,,,,,,,6.5,,,1,,6.5,,,,3,12.5,2,1,,5.5,,1,,,,,,,,,,,,,30,1,2,,,,,,,,,,2,12,,,,9,1,,2.5,,,,29,,,2,,1,,,,,,,,6,,
1999_ROMS,1999,ROMS,,,,,,,,,1,,,10.5,,1,,1,1,,2,,,,,,,,,,,2,,,4.5,,,,,6,,,,2,10,4,,,3,,,,,,,,,,,,,,,14,,1,,,,,,,,,,1,2,,,,8,,,7,,,,8,,,6,,,,,,,,,,5,,
2000_DCJS,2000,DCJS,,,,,,,,1,,,,,,,,,,,,,,,,,,,1,9.5,,,,,,,,,,,,,,,,,,5,,,,,,,,,1.5,,,,,,,,,,,,,,,,,,,,,,,,2,,,9,,,,6,,,,,,,,,,,,,3.5,,
2000_ROIS,2000,ROIS,,,,,,,4,2,1,,,4,,2,,1,2,,1,,,,,,,,,,,4,,,13.5,,,0.5,,5,,,,,9,3,,,3,0.25,4,,,,,,,,1,,,,2,13.5,1,1,,,,,,,,,,,4,,,,29,,,11.5,,,3.5,10,,,6.5,,,,,,,,,,22,,
2000_ROMF,2000,ROMF,,,,,,,1,2,,,,9.5,,4,,3,,,2,,,,,,,,2,,,1,,,6,,,4,,4,,,,1,14.5,4,1,,3,,4,,1,,,5,,,,,,,3,22,1,3,,,,,,,,,,2,7,3,0.5,1,5,,,8,,,,14,,,6,2,,,,,,,,1,3,,
2000_TMSL,2000,TMSL,,,,,,,,1,4,,,1,,2,,1,,,1,,,4,,,1,,2,8,,1,,,12.5,,,,,4,,,,1,5,,3,,4,,9,,,,,,,,,1,,1,4,13,1,,,,,,,,,,,,,,,1,17.5,,,8.5,,,3,5,,,,,,,,,,,,,28,,
2001_DCSD,2001,DCSD,,,,,,,,,,,,,,,,,,,,,,,,,,,,5.5,,,,,,,,,,3,,,,,,,,0.5,,,,,,,,,,,,,,,,,,,0.5,,,,,,,,,,,,,,,,,1,,,,3,,,,,,,,,,,,,,,
2001_RARO,2001,RARO,,,,,,,,,2,,,7,,,,,2,,2,,,,,,,,,,,1,,,6,,,2,,5.5,,,,2,7,2.5,,4.5,,,2,,,,,,,,,,,,,19,,1.5,,,,,,,,,,,2,,,,10,,,7,,,,6,,,2,,,,,,,,,1,4,,
2001_ROIS,2001,ROIS,,1,,,,,4,1.5,1,,,3,,2,,1,2,,,,,,,,,,,,,1,,,8.5,,,,,3,,,,,10.5,2,,,1,,4,,,,,,,,,,,,1.5,8.5,1,1,,,,,,,,,,1,4,,,,26,,,8.5,,,2,8,,,6,,,,,,,,,,17.5,,
2001_TMSL,2001,TMSL,,1,,,,,,2,2,,,,,3,,1,2,,1,,,2,,,1,,4,3,,4,,,5,,,,,2,,,,4,1,1,2,,2,,9,,,,,,,,2,,,,3.5,6,1,1,,,,,,,,,,,,,,,14,,,3,,,,4,,,,,1,1,,,,,,1,16,,
2002_ROWB,2002,ROWB,,,,,,,,1,,,,4,,1,,1,1,,,,,,,,,,,1,,2,,,4,,,1,,3,,,,1,3,2,4,,2,,5,,,,1,,,,,,,,,10.5,1,1,,,,,,,,,,,1,,,,12,,,3,,,,8,,,1,,,,,,,,,1,7,,
2002_ROWP,2002,ROWP,,,,,,,,,1,,,3,,,,,1,,,,,,,,2,,,1,,1,,,7.5,,,,,3,,,,,6,2,,,,,3,,,,,,,,,,,1,,1,2,1,,,,,,,,,,,,,,,16,,,5,,,,6,,,2,,,1,,,,1,,,12,,
2002_SRS1,2002,SRS1,,,,,,,,,,,,,,,,,,,,,,,,,,,,0.5,,,,,,,,,,2,,,,,,,,,,,,,,,,,2,,,,,,,,,,,,,,,,,,,,,,,,5,,,,,,,,,,,,,,,,,,,,,,
2002_SRS2,2002,SRS2,,,,,,,,,,,,,,,,,,,,,,,,,,,,0.5,,,,,,,,,,1,,,,,,,,,,,,,,,,,3,,,,,,,,,,,,,,,,,,,,,,,,3,,,,2,,,,,,,,,,,,,,,,,,
2002_WPWC,2002,WPWC,,,,,,,,2,,,,2,,2,,,3,,1,,,,,,,,1,6,,1,,,2,,,,,0.5,,,,4,5,,1,1,1,,6,,,,,,,,0.5,,,,2,8,1,,,,,,,,,,,,1,,,,1.5,,,1,,,,3,,,,,,,,,,,,,14,,
2003_BGGR,2003,BGGR,,,,,,,,,,,2,1.5,,,,,,,,,,,,,,,,3,,,,,4,,,,,3,,,,,,1,,6,,,,,,,,,3,,,,,,2,,,1,2,3,,,,,,,,,,,,,4,,,3,,,,2,,,,,,,,,,,,,2,,
2003_IDSS,2003,IDSS,,,,,,,,,,,,,,,,,1,,,,,5,,,,,,6,,2,,,0.5,,,,,3,,,,,,2,,,,,,,,,,,5,,,,,,2,1,,,2.5,,,,,,,,,,,,,,1,,,3,,,,10.5,,,2,,,,,,,,,,0.5,,
2003_STDP,2003,STDP,,,,,,,,,,,,2,,,,,,,,,,0.25,,,,,1,1.5,,,,,7.5,,,,,5,,,,,1,,0.25,1,,,0.25,,,,,,,,,1,,,,,,,,,,,,,,,,,,,,,31,,1,3.5,,,2,2,,,,,,,,,,,,,8,,
2003_WPWC,2003,WPWC,,,,,,,1,0.5,,,,2.5,,2,,,1,,1,,,,,,1.5,,,7,,,1,,6.5,,,,,2,,,,5,4.5,,1,1,2,,5.5,,,,,,,,,,,,1,8.5,2.5,,,,,,,1,,,,,4,,,,2,,,2,,,,,,,,,2,,,,,,,,14,,
2004_DCJS,2004,DCJS,,,,,,,,1,,,,,,,,,,,,,,1,,,,,,6,,1,,,,,,,,2,,,,1.5,,,,4,,,,,,1,,,,,,,,,2,1,,,1,,,,,,,,,,,,,,2,,,8.5,,,,2,,,,,,,,,,,,,1.5,,
2004_IDSS,2004,IDSS,,,,,,,,,,,,,,,,,,,,,,2,,,,,,7,,2,,,,,,,,2.5,,,,,,1,1,2,,,,,,,,,2,,,,,,2,2,,,2,,,,,,,,,,,,,,,,,,,,,10.5,,,,,,,,,,,,,,,
2004_ROMF,2004,ROMF,,,,,,,2,2.5,1,,,12,1,2,,1,4,,2,,,,,,,,,,,3,,,14.5,,,3,,6,,,,3,12,5.5,2.5,1.5,3.5,,8,,1,,,8,,,,,,,4,24.5,2,4,,,,,,,,2,,3,4.5,,0.5,,6.5,1,,9,,,0.25,17,,,3,2,,,,,,,,2,5.5,,
2004_ROMS,2004,ROMS,,,,,,,,4,,,,9,,3.5,,1,2,,3.5,,,,,,,,,,,3,,,14,1,,1.5,,7,,,,2,10.5,5,,4,3,,8,,1,,,6,,,,,,,,18.5,2,3,,,,,,,,,,2,3,,,1,10,,,11.5,,,,12,,,7,3,,,,,,,,1,12,,
2005_ROIS,2005,ROIS,,1,,,,,1,5,2,,,4,,2,,1,3,,1,,,,,,,,,,,2,,,9,,,3,,4,,,,,10,3,,,2.5,,5,,,,,2,,,,,,,3,12.5,1,1,,,,,,,,,,0.5,5,,,,14.5,,,10.5,,,,4.5,,,5,,,1,,,,,,,18,,
2005_ROMS,2005,ROMS,,,,,,,,3,1,,,8.5,,3,,1,5,,3,,,,,,,,,,1,3,,,7.5,,,4,,6,,,,2,11.5,2,,5,3,,8,,,,,3,,,,,,,5,18.5,2,1.5,,,,,,,,,,2,,,,,12,,,10.5,,,,7,,,6.5,,,,0.5,,,,,1,16.5,,
2005_TMSL,2005,TMSL,,1,,,,,,2,2,,,3.5,,3,,2,3,,1,,,3,,,2,,2,4,,4,,,6,1,,,,3,,,,4,2,,2,1,1,,7,,,,,,,,2,,,1,2,9,,,,,,,,,,,,,,,,,17,,,3.5,,,2,3,,1,,,1,,,,,,,2,35,,
2006_IDSS,2006,IDSS,,,,,,,,,,,,,,,,,,,,,,2.5,,,,,,5,,2.5,,,,,,,,2.5,,,,,,,,4,,,1,,,,,,,,,,,,2,2,,,2.5,,,,,,,,,,,,,,1.5,,,,,,,9.5,,,,,,,,,,,,,,,
2006_STDP,2006,STDP,,,,,,,,1.5,,,,3.5,,1,,,,,,,,,,,,,,3,,1,,,11,,,,,5,,,,2,1.5,,0.25,2,0.5,,,,,,1,,,,1,,,,2.5,5,,,,0.5,,,1,,,,,,1.5,,,,30,,,9.5,,,2,2.5,,,1,,,,,,,,,,15.5,,
2007_SRS1,2007,SRS1,,,,,,,,,,,,,,,,,,,,,,,,,,,0.25,5.5,,,,,,,,,,1,,,,,,,,3,,,,,,,,,2.5,,,,,,,,,,1,,,,,,,,,,,,,,5,,,3.5,1,,,,,,,,,,,,,,,,0.25,,
2007_SRS2,2007,SRS2,,,,,,,,0.5,,,,,,,,,,,,,,,,,,,,4,,,,,,,,,,,,,,,,,,0.25,,,,,,,,,2,,,,,,,,,,,,,,,,,,,,,,,,5,,,4.5,0.5,,,1,,,,,,0.25,,,,,,,,,
2007_WPWC,2007,WPWC,,,,,,,,1.5,,,,1.5,,1,,,,,1,,,,,,,,,4,,,,,5.5,,,,,1,,,,6,4,,4,2,2,,7,,,,,,,,,,1,,1,12,3,1,,,,,,1,,,1,,4,,,,2.5,,,1,,,,,,,,,,,,,,0.5,,1,14.5,,
2008_BGGR,2008,BGGR,,1,,,,,,,1,,,1,,,,,,,,,,0.5,,,,,1,2,,,,,2,,,,,3,,,,,,1,,7,,,,,,,,,,,,,,,,,,,1,1,,,,,,,,,,,,,7.5,,,0.5,,,,2.5,,,,,,,,,,,,,2,,
2008_DCSD,2008,DCSD,,0.5,,,,,,1,,,,,,,,,1,,,,,,,,,,2,6.5,,,,,,,,,,2,,,,,2,0.25,,6,,,,,,,,,2,,,,,,,4,,,1,,,,,,,,,,,,,,5,,,0.25,,,,4,,,,,,,,,,,,,1,,
2008_IDSS,2008,IDSS,,,,,,,,1.5,1,,,,,,,,,,,,,2,,,,,,5.5,,1,,,,,,,,2,,,,,,2,1,5,,,2,,,,,,2,,,,,,,3,,,1,,,,,,,,,,,,,,4,,,1.5,,,,5,,,,,,,,,,,,1,,,
2008_RARO,2008,RARO,,,,,,,,,1,,,4.5,,1,,3,2,,1,,,,,,,,1,,,1,,,4.5,,,2,,1,,,,1,4.5,1,1,3,1,,3,,,,,1,,,,,,,,10,,1,,,,2,,,,,,,1,,,,6,,,2,,,,4,,,3,,,,,,,,,,18,,
2008_ROWB,2008,ROWB,,,,,,,,1,1,,,6,,1,,,1,,3,,,,,,,,,,,1,,,5,,,1,,1.5,,,,0.5,3,,1,1.5,3,,4,,1,,,1,,,,,,,1,10,,0.5,,,,,,,,,,2,2,,1,,5,,,,,,,3,,,,,,,,,,,,1,12,,
2008_ROWP,2008,ROWP,,,,,,,,1.5,1,,,3,,,,,,,,,,,,,,,,1,,,,,1,,,1,,3,,,,,5,3,1,,,,4,,,,,,,,,,,,1,3,,,,,,,,,,,,,4,,,1,12.5,,,1,,,,3,,,2,,,,,,,,,,10,,
2009_DCJS,2009,DCJS,,,,,,,,3,,,,,,,,1,3,,,,,3,,,,,,29,,,,,,,,,,,,,,2.5,0.5,1.5,1,10,,,2,,,1,,,1,,,,,,2,2.5,,,2.5,,,,,,,,,,,,,,,,,7.5,,,,2.5,,,,,,,,,,,,,8.5,,
2009_ROIS,2009,ROIS,,,,,,,3,3,1,,,5,,1,,,1,,,,,,,,,,,,,3,,,4,,,2,1,2,,,,,4,,,,1,,4,,,,,1,,,2,,,,2,8,2,1,,,,1,,,,,,,3,,,,7.5,,,7,,,0.5,5,,,2,,,1,,,,,,1,16,,
2009_ROMF,2009,ROMF,,,0.25,,,,9,2,1,,,6,,1,,1,1,,1,,,,,,,,,,,1,,,2.5,,,2,,1,,,1,2,7,1,1,,3,,4,,,,,2,,,3,,,,,11,1,1,,,,,,,,,,2,2,,0.5,,3.5,1,,3,,,0.5,8,1,,1,,,,,,,,,,10,,
2009_ROMS,2009,ROMS,,,,,,,,3,,,,6,,1,,,2,,1,,,,,,,,1,,1,2,,,5,,,,,2.5,,,,1,5,1,,,,,6.5,,,,,,,,,,,,,11,,1,,,0.25,,,,,,,,1,,,2,9.5,,,6.5,,,,5,,,,1,,,,,,,,,15,,
2009_STDP,2009,STDP,,,,,,,,0.25,,,,0.25,,,,,,,,,,,,,,,5,0.5,,,,,5,,,,,5,,,,0.5,,,0.5,1.5,0.25,,2,,,,1,,,,,,,,0.25,1,,,,,,,,,,,,,,,,,29,,,6,,,0.5,,,,,,,,,,,,,,9,,
2009_TMSL,2009,TMSL,,,,,,,,4,,,,3,,3,,3,1,,,,,3,,,,,,4.5,,2,,,7,,,,,3,,,,5,2,,1.5,0.5,,1,11,,,,,,,,2,,,,2,8.5,1,,,,,,,,,,,,2,,,,13.5,,,6,,,1.5,7,,,,,,1,,,,,,,27.5,,
2010_DCJS,2010,DCJS,,,,,,,,0.5,,,,,,,,1,2,,,,,1.5,,,,,,19.5,,,,,,,,,,,,,,1,,1,,8.5,,,0.5,,,,,,1.5,,,,,,1.5,1,,,1,,,,,,,,,,,,,,1,,,6.5,,,,4,,,,,,,,,,,,,8.5,,
2010_RARO,2010,RARO,,,,,,,,,2,,,5,,2,,1,1,,,,,,,,,,,,,2,,,12.5,,,2,,3,,,,3,5,4,1.5,5,2,,3,,,,,3.5,,,3,,,,2,11.5,2,1,,,,4,,,,,,,4,,,,12,,,9,,,,6,,,4,,,,,,,,,,29,,
2010_ROIS,2010,ROIS,,,,,,,1,3,,,,3,1,2,,,1,,1,,,,,,,,2,,,2,,,8,,,3,,2,,,1,1,6,4,,,2.5,,6,,,,,,,,,,,,0.25,8.5,2,2,,,,,,,,,,,,,,,8,,,6.5,,,,7,,,6,,,1,,,,,,,12,,
2010_ROMF,2010,ROMF,,,,,,,6.5,1,1,,,6,,,,1,2,,1,,,,,,,,,,,2,,,5.5,,,4,,2,,,,4,6,1,2,1,4,,9,,,,,3.5,,,,,,,,19.5,1,2,,,,,,,,,,2,6,,0.25,2,5,,,8,,,,23,,,3,1,,,,,,,,2,24.5,,
2010_ROMS,2010,ROMS,,,,,,,,2,,,,3,,2,,1,2,,2,,,,,,,,,,,,,,6,,,4,,3,,,,2,6,4,,1,4,,4,,,,,,,,,,,,,12,1.5,2,,,,,,,,,,,1,,,,9.5,,,9.5,,,0.25,6,,,6,1,,0.5,,,,,,,16,,
2010_SRS1,2010,SRS1,,,,,,,,,,,,,,,,,,,,,,,,,,,,2.5,,,,,,,,,,0.25,,,,,,,0.5,8,,,,,,,,,2,,,1,,,,,,,,,,,,,,,,,,,,,12,,,,,,,,,,,,,,1,,,,,,,,
2010_SRS2,2010,SRS2,,,,,,,,,,,,,,,,,,,,,,,,,,,,,,,,,,,,,,0.25,,,,,,,,,,,,,,,,,1,,,,,,,,,,,,,,,,,,,,,,,,7,,,,,,,,,,,,,,1,,,,,,,,
2011_BGGR,2011,BGGR,,3,,,,,,,,,,,,,,,1,,,,,3.5,,,,,1,2,,,,,5,,,,,,,,,2,,,,11,,,,,,,,,,,,,,,,,,,,2,,,,,,,,,,,,,12,,,2,,,,1,,,,,,,,,,,,,6,,
2011_IDSS,2011,IDSS,,,,,,,,2,1,,,,,,,,2,,,,,2,,,,,,11,,,,,1.5,,,,,3,,,,,,,,10,,,3,,,,,,,,,,,,,3,,,2,,,,,,,,,,,,,,4,,,5,,,,5,,,,,,,0.5,,,,,,7,,
2011_STDP,2011,STDP,,1,,,,,,2,,,,2,1,,,,,,,,,1,,,,,1,,,,,,6,,,,,3.5,,,,1,0.5,,2,2,1,,1,,,,1,,,,1,,,,0.5,3,,,,,,,2,,,,,,,,,,29,,,6.5,,,,,,,1,,,,,,,,,,15,,
2012_DCJS,2012,DCJS,,,,,,,,1,1,,,,,,,,1,,,,,1,,,,,,17,,1,,,1,,1,,,2,,,,3,,,4,9,0.5,,,,,,,,3,,,,,,1,,,,,,,,,,,,,,,,,,1.5,,,10.5,,,,5,,,,,,,1,,,,,,8,,
2012_IDSS,2012,IDSS,,,,,,,,,,,,,,,,,2,,,1,,2,,,,,2,7,,,,,,,,,,3,,,,,,,1,9,1,,,,,,,,,,,,,,,,,,1,,,,,,,,,,,,,,4,,,6,,,,5,,,,,,,,,,,,,6,,
2012_TMSL,2012,TMSL,,1,,,,,,3,1,,,2,,3,,,1,,,,,1,,,,,1,4,,2,,,10,,,,,1.5,,,,10,,,4,2,3,,10,0.5,,,,,,,,,,2,4,1,3,,,,,,,,,,1,,,,,,13,,,5,,,2,5,,,,,,1,0.5,,,,,2,20,,
2012_WPWC,2012,WPWC,,,,,,,,2,,,,2,,2,,,1,,,,,,,,1,,1,5,,,0.5,,7,,,,,1.5,,,,6,,,2,1,,,11,,,,,,,,,,,,1,10,,,,,,,,,,,,,5,,,,3,,,2,,,,2,,,,,1,,,,,,,,28,,
2013_DCSD,2013,DCSD,,,,,,,,,,,,1,,,,,,,,,,0.5,,,,,,7,,,,,,,,,,1,,,,0.5,2,,1,8,,,,,,,,,,,,,,,,6,,,1,,,,,,,,,,,,,,4,,,,,,,4,,,1,,,,,,,,,,1,,
2013_ROWB,2013,ROWB,,,,,,,,2,,,,3,,3,,,2,,2,,,1,,,,,,,,,,,9,,,2,,0.25,,,1,2,5,1,3,,5,,6.5,,,,,,,,,,,,2,8,3,2,,,,,,,,,,,4,,0.5,,7.5,,,,,,,4,,,,,,,,,,1,,,9,,
2013_SRS1,2013,SRS1,,,,,,,,,,,,,,,,,,,,,,,,,,,,3.5,,,,,,,,,,,,,,,,,,5,,,,,,,,,1,,,,,2,,,,,,,,,,,,,,,,,,,15,,,2,,,,,,,,,,,1,,,,,,1.5,,
2013_SRS2,2013,SRS2,,,,,,,,,,,,,,,,,,,,,,,,,,,,2,,,,,,,,,,,,,,,,,,1,,,,,,,,,,,,,,,,,,,,,,,,,,,,,,,,,10,,,1.5,,,,,,,,,,,,,,,,,1,,
2016_BGGR,2016,BGGR,,3,,,,,,,,,,,,,,,,,,,,3,,,,,,4,,,,,6,,,,,3,,,,3,,,0.25,8,,,,,,,,,,,,,,,2,,,,,1,,,,,,,,,,,,,11,,,1,,,,1,,,,,,,,,,,,,15,,
2016_DCJS,2016,DCJS,,,,,,,,,,,,,,,,1,,,,,,3,,,,,,17.5,,,,,0.5,,,,,2,,,,3,,,,10,1,,0.25,,,,,,0.25,,,,,,,,,,,,,,,,,,,,,,,,1,,,4,,,,1,,,,,,,,,,,,,3.5,,
2016_DCSD,2016,DCSD,,,,,,,,1,,,,,,,,1,,,,,,1,,,,,1,4,,,,,0.25,,,,,2,,,,1,,,,7,,,,,,,,,,,,,,,,8,,,,,,,,,,,,,,,,,3,,,0.5,,,,,,,,,,,,,,,,,6,,
2016_IDSS,2016,IDSS,,,,,,,,,2,,,,,,,,,,,,,2,,,,,,7.5,,,,,4,,,,,3,,,,1,,1,,10.5,1.5,,1,,,,,,,,,,,,,2,,,1.5,,,,,,,,,,,,,,4,,,,,,,6,,,,,,,,,,,,,1,,
2016_RARO,2016,RARO,,,,,,,,,,,1,3,,,,1,1,,1,,,,,,,,,,,1,,,10,,,1,,5,,,1,4,6,2,2,4,3,,5,,,,,3,,,,,,,1,8,1,1,,,,2,,,,,,1,5.5,,,1,12,,,1,,,1,5,,,2,1,,,,,,,,2,28,,
2016_ROIS,2016,ROIS,,1,,,,,6,3.5,2,,,3,,4,,3,3,,,,,2,,,,,,,1,0.25,,,9.5,,,0.5,,4,,,,,7,2,,,2,,6,,,,,2,,,3,,,1,3,13.5,1,2,,,,0.25,,,,,,,6.5,,,,15,,,4.5,,,,4,,,8.5,2,,,,,,,,1,46,,
2016_ROMF,2016,ROMF,,,,,0.5,,7,2,,,,5.5,,2,,3,,,1,,,,,,,,,,1,4,,,9,,,2,,3,,,,0.5,7,,1,,4,,7,,1,,,5,,,,,,,,10,2,3,,,,1.5,,,,2,,2,9,,,1.5,7,,,3,,,,7,,,1.5,1,,,,,,,,2,22,,
2016_ROMS,2016,ROMS,,,,,,,0.5,3,1,,,5,,3,,1.5,3,,1,,,,,,,,,,1,2,,,10,,,2,,5,,,,1,10,1,2,,2,,7,,,,,6,,,,,,,2,11.5,2,2,,,,1,,,,,,2,9,,,0.25,15,,,5,,,,2,,,9,1,,,,,,,,2,35,,
2016_ROWB,2016,ROWB,,,,,,,0.25,2,,,,5,,2,,,,,2,,,1,,,,,,0.25,,2,,,9,,,,,3,,,,2,4.5,1,1,,4,,4,,,,,,,,,,,,3,7,,3,,,,,,,,,,,6,,,,8.5,,,,,,1.5,3,,,4,,,,,,,,,2,11,,
2016_ROWP,2016,ROWP,,,,,,,1,2.5,1,,,3,,,,,,,,,,1,,,,,,2,2,2,,,11,1,,,,4,,,,1,5,2,,,,,5,,,,,,,0.5,,,,,3,3,,2,,,,1,,,,,,,1,,,1,22,,,2.5,,,0.5,2,,,6,,,,,,,,,1,21,,
2016_SRS1,2016,SRS1,,,,,,,,1,,,,,,,,,,,,,,1,,,,,,4,,,,,,,,,,1,,,,,,,,2.5,,,,,,,,,1,,,,,,,,,0.25,,,,,,,,,,,,,,,10,,,3,,,,,,,,,,,,,,,,,2,,
2016_SRS2,2016,SRS2,,,,,,,,,,,,,,,,,,,,,,,,,,,,2,,,,,0.25,,,,,1,,,,0.5,,,,1,,,,,,,,,3,,,,,,,,,,,,,,,,,,,,,,,,5,,,1,,,,,,,,,,,0.5,,,,,,2.5,,
2016_STDP,2016,STDP,,,,,,,,,,,,1,,1,,,,,,,,,,,,,,2.5,,,,,13.5,,,,,4,,,,1,,,,2,,,,,,,1,,,,,,,,2,2,,,,,,,1,,,,,,,,,,32,,,5,,,2,1,,,,,,,,,,,,,17.5,,
2016_TMSL,2016,TMSL,,,,,1,,1,1,,,,,,4,,,,,1,,,1,,,,,,5.5,,,,,6,,,,,3,,,,3,,,1,1,1,,3,,,,,1,,,,,,3,4,4,2,,,,,,,,,,,,2,,,,13,,,2,,,3,1,,,,,1,,,,,,,1,28,,
2016_WPWC,2016,WPWC,,,,,,,1,4,,,,1,,3,,,1,,1,,,,,,,,,5,,1,,,9,,,,,3,,,,6,1,,1,1,1,,8,,,,,,,,,,,,4,11,2,1,,,,,,2,,,,,7,,,,3,,,3,,,,1,,,,,,,,,,,,0.5,19,,
2017_RARO,2017,RARO,,,,,,,,,3,,,2,1,,,,,,1,,,,,,,,,,,1,,,8,,,,,3,,,,2,2,,,2.5,,,3,,,,,1,,,,,,,,11,1,,,,,,,,,,,,3,,,,15,,,,,,1.5,1,,,,1,,,,,,,,2,12,,
2017_ROWB,2017,ROWB,,,,,,,,,2,,,3,,2,,,,,,,,1,,,,,,,,,,,5,,,,,,,,,2,3,1,4,,2,,2,,,,,,,,2,,,,1,6,,1,,,,,,,,,,1,3,,,,5,,,,,,,2,,,,,,,,,,,,2,19,,
2017_ROWP,2017,ROWP,,,,,,,1,2,,,,2,,1,,,,,1,,,1,,,1,,2,1,1,3,,,11,,,1,,5,,,1,2,8,5,,,2,,6,,,,,,,,1,,,6,2,3,1,1,,,,,,,,,,,4,,,1,18,,,2,,,4,5,,,9,,,,,,,1,,,25,,
2017_TMSL,2017,TMSL,,,,,,,,2,1,,,,1,2,,,,,,,,,,,,,0.5,2,,,,,7,,,,,1,,,,2,1,,1,,0.5,,3,,,,,2,,,,,,1,,1,,0.25,,,,,,,,,,,1,,,,6,,,2,,,1,,,,,,1,,,,,,,2,20.5,,
2017_WPWC,2017,WPWC,,,,,,,,1,,,,,,1,,,,,1,,,,,,,,,2,,,,,3,,,,,1,,,,2,,,3,,,,1,,,,,,,,,,,,2,3.5,1,,,,,,,,,,,,1,,,,5,,,,,,,,,,,,,,,,,,,,14,,
2018_DCJS,2018,DCJS,,,,,,,,2,,,,,,,,1,,,,,,3,,,,,,14,,,,,,,,,,1,,,,4,,2,2,9,,,,,,,,,,,,,,,1,1,1,,,,,,,,,,,,,,,,1,,,3,,,,1,,,,,,,,,,,,,8.5,,
2018_IDSS,2018,IDSS,,,,,,,,1,1,,,,,,,1,,,,,,3,,,,,,7,,1,,,,,,,,2,,,,2,,1,1,8,,,,,,,,,,,,1,,,,,2,,,,,,,,,,,,,,,,6,,,4,,,,1,,,,,,,,,,,,0.5,2,,
2018_ROMF,2018,ROMF,,,,,,,5,3.5,1,,,5,,2,,1,,,,,,,,,,,,,0.25,1,,,15,,,2,,3.5,,,,,9.5,5,2,,3,,6.5,,,,,3,,,,,,,2,16,1,2,,,,,,,,,,2,13,,,,3,,,0.5,,,,2,,,6,2,,,,1,,,,1,18,1,
2018_ROMS,2018,ROMS,,,,,,,2.5,1,1,,,7,,1,,4,2,,,,,,,,,,,,2,1,,,11.5,,,2,0.5,6,,,,,8.5,4,1.5,,2,,11,,,,,3,,,,,,,2,16,2,3,,,,1,,,,,,2,15,1,1,,15,,,7,,,,4,,,10,2,,0.5,,0.25,,,,2,37.5,1,
2018_STDP,2018,STDP,,1,,,,,,2,,,,3,,1,,,,,0.5,,,4,,,,,,5,,1,,,14,,,,,3,,,,7,,,,5,0.25,,,,,,1,,,,,,,1,4,4,,1,,,,2,2,,,,,,,,,,16,,,9,,,,3,,1,2,,,,,,,,,1,17.5,,
2019_RARO,2019,RARO,,,,,,,,1,2,,,4,,1,,1,,,,,,0.25,,,,,1,,,2.5,,,14,,,2,,4,,,,0.5,4,1,2.5,2,2,,3.5,,,,,,,,,,,,2,11,1,2,,,,,,,,,,,5.5,,,,22,,0.25,1,,,0.5,4,,,4,1,,,,,,0.25,,,11.5,,
2019_ROIS,2019,ROIS,,,,,,,2,2,2,1,,3,1,,,1,,,0.5,,,,,,,,,,,3,,,10,,,1,,6,,,,,4,4,,,2,,6,1,,,,3,,1,1,,,4,2,14.5,1.5,2,,,,1,,,,,,2,6,,,,24,,,4,,,,4,,,15,1,,0.5,,,,3,,,35,,
2019_ROMS,2019,ROMS,,,,,,,3,2,,,,5.5,,2,,4,1,,1,,,,,,,,,,0.25,2,,,10,,,1,,6.5,,,,,6,5,1,,3,,9,,1,,,3,,,,,,,1,17.5,1,2,,,,1,,,,,,1,11.5,,,0.25,16,,,7,,,,5,,,12.5,1,,,,,,,,,41,,
2019_ROWB,2019,ROWB,,,,,,,4,2.5,,,,3,,3,,1,,,2,,,2,,,,,,1,,1,,,5.5,,,1,,1,,,,2,4,1,5,,2,,3,,,,,,,,,,,,3,8,,1,,,,,,,,,,2,6,,,,10.5,,,,,,,,,,,,,,,,,,,2,11.5,,
2019_ROWP,2019,ROWP,,,,,,,,2,2,,,2,,2,,,,,,,,,,,,,,,,5,,,7,,,1,,6.5,,,,1,5,4,,,,,7,,,,,,,1,,,,1.5,4,1,1,1,,,,,,,,,,,7,,,1,25,,,6,,,,4,,,7,,,,,,,3,,,23,,
2021_BGGR,2021,BGGR,,2,,,,,,,,,,0.5,,,,,,,,,,2,,,,,2,5,,1,,,14,,,,,2.5,,,,7,,,,12.5,,,,,,,,,,,,,,,2,,,1,,,,,,,,,,,1,,,,14,,,,,,,,,,,,,,,0.5,,,,,18.5,,
2021_DCJS,2021,DCJS,,,,,,,,,2,,,,,2,,1,2,,,,,3,,,,,1,17.5,,1,,,0.25,,,,,1.5,,,,6,,,,16,,,,,,,,,,,,,,,1,0.25,,,,,,,,,,,,,,,,,2,,,,,,,2,,,,,,,,,,,,,8,,
2021_DCSD,2021,DCSD,,,,,,,,,,,,,,1.5,,1,,,,,,1,,,,,,4.5,,,,,,,,,,0.5,,,,1,,,0.5,14.5,,,,,,,,,,,,,,,,5.5,,,,,,,,,,,,,,,,,2.5,,,,,,,0.5,,,,,,,,,,,,,3,,
2021_IDSS,2021,IDSS,,,,,0.5,,,1,2,,,,,1,,,,,,,,5,,,,,,4,,4,,,,,,,,2,,,,,,2,2,11,,,1,,,,,,1,,,1,,,1,1,1,,,,,,,,,,,,,,,,8,,,2,,,,1,,,,,,,,,,,,,,,
2021_RARO,2021,RARO,,,,,,,3,2,1,,,4,,1,,1,3,,1,,,,,,,,,,,2,,,11.5,,,1,,3.5,,,1,1,4.5,1,2,2,3,,4,,,,,2.5,,,1,,,,1.5,20.5,1,,,,,,,,,,,,6,,,,16.5,,,1,,,0.25,5,,,5,0.5,,,,0.5,,,,1,28,,
2021_ROIS,2021,ROIS,,,,,,,1,6,1,1,,5.5,,3,,4,1,,0.5,,,,,,,,,,,4,,,9.5,,,1,,8.5,,,1,,9,9,,,2,,3,,,,,,,,,1,,,2,18,1,2,,,,1,,,,,,,5,,,,39.5,,,1,,,,7,,1,16.5,2,,1,,,,0.5,,2,42.5,,
2021_ROMF,2021,ROMF,,,,,,,8,2.5,1,,,11,,,,,2,,1,,,,,,,,,,0.25,7,,,7,,,,,3.5,,,,,6.5,2,3,,5,0.5,3,,,,,1,,,,,,,2,10,1,2,,,,,,,,,,2,16,,,0.25,11.5,,,,,,0.5,6,,,9,1,,,,1,,1,,2,15.5,,
2021_ROMS,2021,ROMS,,,,,,,1,3,1,1,,7.5,,2,,4,2,,3,,,,,,,,,,0.25,3,,0.25,8,,,2,,7,,,2,,12,2,,,3,,10,,,,,,,,,,,,0.5,27.5,1,2,,,,,,,,,,1.5,14,,0.5,1,31.5,,,1,,,,10,,1,15,,,,,,,,,2,47,,
2021_ROWB,2021,ROWB,,,,,,,3,3,,1,,3,,1,,,1,,2,,,0.25,,,,,,,1,2,,,10.5,,,1,,2,,,1,1,4,2,2,,2,,4,,,,,2,,,,,,,4,10,,1,,,,,,,,,,1.5,8.5,,,,10,1,,,,,1,4,,,,0.25,,,,1,,,,3,8.5,,
2021_ROWP,2021,ROWP,,,,,1,,1,1,2,1,,2,,1,0.25,,,,,,,,,,,,1,,1,3,,,10,,,,,5.5,,,1,,3,2,,,,,5,1,,,,,,,,,,3,4,4.5,2,,,,,2,,,,,,,2,,,1,28,,,,,,,3,,,7,,,0.25,,,,1,,2,24,,
2021_SRS1,2021,SRS1,,,,1,,,,0.5,,,,,,,,,,,,,,2,,,,,,4,,1,,,,,,,,1,,,,,,,,6,,,,,,,,,0.5,,,1.5,,,,2,,,,,,,,,,,,,,,,,26,,,,,,,0.25,,,,,,,,,,,,,5.5,,
2021_SRS2,2021,SRS2,,,,0.5,,,,,,,,,,,,,,,,,,0.25,,,,,,2,,,,,2,,,,,1.5,,,,,,,,2.5,,,,,,,,,,,,,,0.5,,0.5,,,,,,,,,,,,,,,,,13,,,2.5,,,,,,,,,,,,,,,,,6,,
2021_STDP,2021,STDP,,1,,,,,,0.25,,,,1,,2,,,1,,0.5,,,2.5,,,,,1,3,,2,,,15,,,,,4,,,,4.5,,,,2.5,,,,,,,,,,,,1,,,1.5,2,0.5,,,,,,2,,,,,,,,,,15.5,,,2,,,,3,,,,,,,,,,,,0.25,17.5,,
2021_TMSL,2021,TMSL,,,,,,,,2.5,2,,,,,3,,,,,3,,,0.5,,,2,,,2.5,,3.5,,,10,,,,,1.5,,,,5,,,,0.5,3.5,,4,0.5,1,,,0.5,,,,0.25,,1.5,3,0.25,4,,,,,,,,,,,,2,,,,20.5,,,0.5,,,,2,,,,,,,,,,2,,3,19,,
2021_WPWC,2021,WPWC,,,,,,,,3,0.5,,,,,2,,,,,1,,,,,,0.5,,1,3.5,,1,,,6,,,,,1.5,,,0.5,7,3,,1,,2,,2,,0.5,,,,,,,,,,2.5,11,2,,,,,,,2,,,,,6,,,,0.5,,,1,,1,,,,,,,,,,,,,,1,1.5,,
