site_code,sample_year,species_code,breeding_territories
BGGR,1991,BANS,4
BGGR,1991,BRTH,1
BGGR,1991,CHSP,1
BGGR,1991,EAKI,0.5
BGGR,1991,EAME,2.5
BGGR,1991,EUST,1
BGGR,1991,FISP,4
BGGR,1991,KILL,2
BGGR,1991,NRWS,1
BGGR,1991,RWBL,14
BGGR,1991,SOSP,2.5
BGGR,1991,TRES,0.25
BGGR,1995,BHCO,1
BGGR,1995,COYE,2
BGGR,1995,EAKI,3
BGGR,1995,EAME,2
BGGR,1995,FISP,7.5
BGGR,1995,KILL,3
BGGR,1995,NRWS,2
BGGR,1995,RWBL,12
BGGR,1995,SOSP,10
BGGR,1995,TRES,3
BGGR,1995,YWAR,1
BGGR,1998,BANS,2
BGGR,1998,BAOR,1
BGGR,1998,BRTH,0.5
BGGR,1998,CHSP,2
BGGR,1998,COYE,2
BGGR,1998,EAKI,3.5
BGGR,1998,EAME,1
BGGR,1998,FISP,6.5
BGGR,1998,GRCA,1
BGGR,1998,KILL,1
BGGR,1998,MODO,1
BGGR,1998,NOFL,1
BGGR,1998,RWBL,4
BGGR,1998,SOSP,3.5
BGGR,1998,TRES,3
BGGR,2003,BANS,2
BGGR,2003,BAOR,1.5
BGGR,2003,CHSP,3
BGGR,2003,COYE,4
BGGR,2003,EAKI,3
BGGR,2003,EUST,1
BGGR,2003,FISP,6
BGGR,2003,KILL,3
BGGR,2003,MODO,2
BGGR,2003,NOFL,1
BGGR,2003,NOMO,2
BGGR,2003,NRWS,3
BGGR,2003,RWBL,4
BGGR,2003,SOSP,3
BGGR,2003,TRES,2
BGGR,2003,YWAR,2
BGGR,2008,AMGO,1
BGGR,2008,AMWO,1
BGGR,2008,BAOR,1
BGGR,2008,BRTH,0.5
BGGR,2008,CEDW,1
BGGR,2008,CHSP,2
BGGR,2008,COYE,2
BGGR,2008,EAKI,3
BGGR,2008,EUST,1
BGGR,2008,FISP,7
BGGR,2008,NOMO,1
BGGR,2008,NRWS,1
BGGR,2008,RWBL,7.5
BGGR,2008,SOSP,0.5
BGGR,2008,TRES,2.5
BGGR,2008,YWAR,2
BGGR,2011,AMGO,3
BGGR,2011,BHCO,1
BGGR,2011,BRTH,3.5
BGGR,2011,CEDW,1
BGGR,2011,CHSP,2
BGGR,2011,COYE,5
BGGR,2011,EATO,2
BGGR,2011,FISP,11
BGGR,2011,NRWS,2
BGGR,2011,RWBL,12
BGGR,2011,SOSP,2
BGGR,2011,TRES,1
BGGR,2011,YWAR,6
BGGR,2016,AMGO,3
BGGR,2016,BRTH,3
BGGR,2016,CHSP,4
BGGR,2016,COYE,6
BGGR,2016,EAKI,3
BGGR,2016,EATO,3
BGGR,2016,EWPW,1
BGGR,2016,FISP,8
BGGR,2016,MODO,2
BGGR,2016,NRWS,1
BGGR,2016,RWBL,11
BGGR,2016,SOSP,1
BGGR,2016,TRES,1
BGGR,2016,YWAR,15
BGGR,2021,AMGO,2
BGGR,2021,BAOR,0.5
BGGR,2021,BRTH,2
BGGR,2021,CEDW,2
BGGR,2021,CHSP,5
BGGR,2021,COGR,1
BGGR,2021,COYE,14
BGGR,2021,EAKI,2.5
BGGR,2021,EATO,7
BGGR,2021,FISP,12.5
BGGR,2021,MODO,2
BGGR,2021,NOFL,1
BGGR,2021,REVI,1
BGGR,2021,RWBL,14
BGGR,2021,WITU,0.5
BGGR,2021,YWAR,18.5
DCJS,1991,AMCR,1
DCJS,1991,CHSP,5.5
DCJS,1991,EUST,2
DCJS,1991,FISP,1
DCJS,1991,HOWR,4.5
DCJS,1991,NOFL,1
DCJS,1991,NOMO,1
DCJS,1991,RWBL,1
DCJS,1991,SOSP,3
DCJS,1991,TRES,6
DCJS,1995,BHCO,2
DCJS,1995,BRTH,2
DCJS,1995,CHSP,8
DCJS,1995,FISP,4
DCJS,1995,KILL,2
DCJS,1995,NOMO,1
DCJS,1995,NRWS,1
DCJS,1995,RWBL,1
DCJS,1995,SOSP,11
DCJS,1995,TRES,6
DCJS,1999,AMRO,1
DCJS,1999,BHCO,5
DCJS,1999,CHSP,18
DCJS,1999,EWPW,2
DCJS,1999,FISP,10
DCJS,1999,KILL,0.5
DCJS,1999,SOSP,35
DCJS,1999,TRES,6.5
DCJS,1999,WISN,2
DCJS,1999,YWAR,1.5
DCJS,2000,AMRO,1
DCJS,2000,CEDW,1
DCJS,2000,CHSP,9.5
DCJS,2000,FISP,5
DCJS,2000,KILL,1.5
DCJS,2000,RWBL,2
DCJS,2000,SOSP,9
DCJS,2000,TRES,6
DCJS,2000,YWAR,3.5
DCJS,2004,AMRO,1
DCJS,2004,BRTH,1
DCJS,2004,CHSP,6
DCJS,2004,COGR,1
DCJS,2004,EAKI,2
DCJS,2004,EATO,1.5
DCJS,2004,FISP,4
DCJS,2004,HOFI,1
DCJS,2004,HOWR,1
DCJS,2004,MODO,2
DCJS,2004,NOMO,1
DCJS,2004,RWBL,2
DCJS,2004,SOSP,8.5
DCJS,2004,TRES,2
DCJS,2004,YWAR,1.5
DCJS,2009,AMRO,3
DCJS,2009,BGGN,1
DCJS,2009,BHCO,3
DCJS,2009,BRTH,3
DCJS,2009,CHSP,29
DCJS,2009,EATO,2.5
DCJS,2009,EAWP,0.5
DCJS,2009,EUST,1.5
DCJS,2009,EWPW,1
DCJS,2009,FISP,10
DCJS,2009,GRCA,2
DCJS,2009,HOFI,1
DCJS,2009,HOWR,2.5
DCJS,2009,KILL,1
DCJS,2009,MODO,2
DCJS,2009,NOMO,2.5
DCJS,2009,SOSP,7.5
DCJS,2009,TRES,2.5
DCJS,2009,YWAR,8.5
DCJS,2010,AMRO,0.5
DCJS,2010,BGGN,1
DCJS,2010,BHCO,2
DCJS,2010,BRTH,1.5
DCJS,2010,CHSP,19.5
DCJS,2010,EATO,1
DCJS,2010,EUST,1
DCJS,2010,FISP,8.5
DCJS,2010,GRCA,0.5
DCJS,2010,HOWR,1
DCJS,2010,KILL,1.5
DCJS,2010,MODO,1.5
DCJS,2010,NOMO,1
DCJS,2010,RWBL,1
DCJS,2010,SOSP,6.5
DCJS,2010,TRES,4
DCJS,2010,YWAR,8.5
DCJS,2012,AMRO,1
DCJS,2012,AMWO,1
DCJS,2012,BHCO,1
DCJS,2012,BRTH,1
DCJS,2012,CHSP,17
DCJS,2012,COGR,1
DCJS,2012,COYE,1
DCJS,2012,CWWI,1
DCJS,2012,EAKI,2
DCJS,2012,EATO,3
DCJS,2012,EWPW,4
DCJS,2012,FISP,9
DCJS,2012,GCFL,0.5
DCJS,2012,KILL,3
DCJS,2012,MODO,1
DCJS,2012,RWBL,1.5
DCJS,2012,SOSP,10.5
DCJS,2012,TRES,5
DCJS,2012,WISN,1
DCJS,2012,YWAR,8
DCJS,2016,BGGN,1
DCJS,2016,BRTH,3
DCJS,2016,CHSP,17.5
DCJS,2016,COYE,0.5
DCJS,2016,EAKI,2
DCJS,2016,EATO,3
DCJS,2016,FISP,10
DCJS,2016,GCFL,1
DCJS,2016,GRCA,0.25
DCJS,2016,KILL,0.25
DCJS,2016,RWBL,1
DCJS,2016,SOSP,4
DCJS,2016,TRES,1
DCJS,2016,YWAR,3.5
DCJS,2018,AMRO,2
DCJS,2018,BGGN,1
DCJS,2018,BRTH,3
DCJS,2018,CHSP,14
DCJS,2018,EAKI,1
DCJS,2018,EATO,4
DCJS,2018,EUST,2
DCJS,2018,EWPW,2
DCJS,2018,FISP,9
DCJS,2018,HOWR,1
DCJS,2018,MODO,1
DCJS,2018,NOCA,1
DCJS,2018,RWBL,1
DCJS,2018,SOSP,3
DCJS,2018,TRES,1
DCJS,2018,YWAR,8.5
DCJS,2021,AMWO,2
DCJS,2021,BCCH,2
DCJS,2021,BGGN,1
DCJS,2021,BHCO,2
DCJS,2021,BRTH,3
DCJS,2021,CEDW,1
DCJS,2021,CHSP,17.5
DCJS,2021,COGR,1
DCJS,2021,COYE,0.25
DCJS,2021,EAKI,1.5
DCJS,2021,EATO,6
DCJS,2021,FISP,16
DCJS,2021,HOWR,0.25
DCJS,2021,MODO,1
DCJS,2021,RWBL,2
DCJS,2021,TRES,2
DCJS,2021,YWAR,8
DCSD,1991,BAOR,0.5
DCSD,1991,CHSP,2
DCSD,1991,EAKI,3.5
DCSD,1991,FISP,1
DCSD,1991,HOWR,1
DCSD,1991,RWBL,4
DCSD,1991,TRES,3.5
DCSD,1992,BAOR,2
DCSD,1992,CHSP,1.5
DCSD,1992,EAKI,4
DCSD,1992,EUST,0.25
DCSD,1992,FISP,2
DCSD,1992,HOWR,2
DCSD,1992,RWBL,2
DCSD,1992,SOSP,0.25
DCSD,1992,SPSA,3
DCSD,1992,TRES,6
DCSD,1996,CHSP,1
DCSD,1996,EAKI,2.5
DCSD,1996,FISP,0.5
DCSD,1996,SOSP,3.5
DCSD,1996,SPSA,0.5
DCSD,1996,TRES,6.5
DCSD,2001,CHSP,5.5
DCSD,2001,EAKI,3
DCSD,2001,FISP,0.5
DCSD,2001,NOMO,0.5
DCSD,2001,SOSP,1
DCSD,2001,TRES,3
DCSD,2008,AMGO,0.5
DCSD,2008,AMRO,1
DCSD,2008,BHCO,1
DCSD,2008,CEDW,2
DCSD,2008,CHSP,6.5
DCSD,2008,EAKI,2
DCSD,2008,EAWP,2
DCSD,2008,EUST,0.25
DCSD,2008,FISP,6
DCSD,2008,HOWR,4
DCSD,2008,KILL,2
DCSD,2008,NOMO,1
DCSD,2008,RWBL,5
DCSD,2008,SOSP,0.25
DCSD,2008,TRES,4
DCSD,2008,YWAR,1
DCSD,2013,BAOR,1
DCSD,2013,BRTH,0.5
DCSD,2013,CHSP,7
DCSD,2013,EAKI,1
DCSD,2013,EATO,0.5
DCSD,2013,EAWP,2
DCSD,2013,EWPW,1
DCSD,2013,FISP,8
DCSD,2013,HOWR,6
DCSD,2013,NOMO,1
DCSD,2013,RWBL,4
DCSD,2013,TRES,4
DCSD,2013,WAVI,1
DCSD,2013,YWAR,1
DCSD,2016,AMRO,1
DCSD,2016,BGGN,1
DCSD,2016,BRTH,1
DCSD,2016,CEDW,1
DCSD,2016,CHSP,4
DCSD,2016,COYE,0.25
DCSD,2016,EAKI,2
DCSD,2016,EATO,1
DCSD,2016,FISP,7
DCSD,2016,HOWR,8
DCSD,2016,RWBL,3
DCSD,2016,SOSP,0.5
DCSD,2016,YWAR,6
DCSD,2021,BCCH,1.5
DCSD,2021,BGGN,1
DCSD,2021,BRTH,1
DCSD,2021,CHSP,4.5
DCSD,2021,EAKI,0.5
DCSD,2021,EATO,1
DCSD,2021,EWPW,0.5
DCSD,2021,FISP,14.5
DCSD,2021,HOWR,5.5
DCSD,2021,RWBL,2.5
DCSD,2021,TRES,0.5
DCSD,2021,YWAR,3
IDSS,1991,BOBO,1
IDSS,1991,CHSP,5
IDSS,1991,EAKI,3
IDSS,1991,EUST,5
IDSS,1991,KILL,3
IDSS,1991,MALL,1
IDSS,1991,NOMO,2
IDSS,1991,RWBL,2.5
IDSS,1991,SOSP,5
IDSS,1991,TRES,6
IDSS,1993,AMRO,1
IDSS,1993,BRTH,3
IDSS,1993,CHSP,4
IDSS,1993,COGR,3
IDSS,1993,EAKI,3.5
IDSS,1993,EUST,2.5
IDSS,1993,FISP,2
IDSS,1993,KILL,2
IDSS,1993,RWBL,9
IDSS,1993,SOSP,4
IDSS,1993,SPSA,1
IDSS,1993,TRES,14.5
IDSS,1995,BHCO,2
IDSS,1995,CHSP,5
IDSS,1995,COGR,1
IDSS,1995,EAKI,2
IDSS,1995,EUST,6
IDSS,1995,FISP,3
IDSS,1995,HOWR,2.5
IDSS,1995,KILL,2
IDSS,1995,NRWS,2
IDSS,1995,RWBL,2
IDSS,1995,SOSP,5.5
IDSS,1995,SPSA,2
IDSS,1995,TRES,22
IDSS,1997,BHCO,1
IDSS,1997,BRTH,1
IDSS,1997,CHSP,4
IDSS,1997,EAKI,1.5
IDSS,1997,EUST,1
IDSS,1997,FISP,5
IDSS,1997,HOWR,1.5
IDSS,1997,KILL,1
IDSS,1997,NOMO,1
IDSS,1997,RWBL,10
IDSS,1997,SOSP,6
IDSS,1997,SPSA,1
IDSS,1997,TRES,19
IDSS,2003,BHCO,1
IDSS,2003,BRTH,5
IDSS,2003,CHSP,6
IDSS,2003,COGR,2
IDSS,2003,COYE,0.5
IDSS,2003,EAKI,3
IDSS,2003,EUST,2
IDSS,2003,HOWR,1
IDSS,2003,KILL,5
IDSS,2003,MODO,2
IDSS,2003,NOMO,2.5
IDSS,2003,RWBL,1
IDSS,2003,SOSP,3
IDSS,2003,TRES,10.5
IDSS,2003,WAVI,2
IDSS,2003,YWAR,0.5
IDSS,2004,BRTH,2
IDSS,2004,CHSP,7
IDSS,2004,COGR,2
IDSS,2004,EAKI,2.5
IDSS,2004,EUST,1
IDSS,2004,EWPW,1
IDSS,2004,FISP,2
IDSS,2004,HOWR,2
IDSS,2004,KILL,2
IDSS,2004,MODO,2
IDSS,2004,NOMO,2
IDSS,2004,TRES,10.5
IDSS,2006,BRTH,2.5
IDSS,2006,CHSP,5
IDSS,2006,COGR,2.5
IDSS,2006,EAKI,2.5
IDSS,2006,FISP,4
IDSS,2006,GRCA,1
IDSS,2006,HOWR,2
IDSS,2006,MODO,2
IDSS,2006,NOMO,2.5
IDSS,2006,RWBL,1.5
IDSS,2006,TRES,9.5
IDSS,2008,AMRO,1.5
IDSS,2008,AMWO,1
IDSS,2008,BRTH,2
IDSS,2008,CHSP,5.5
IDSS,2008,COGR,1
IDSS,2008,EAKI,2
IDSS,2008,EUST,2
IDSS,2008,EWPW,1
IDSS,2008,FISP,5
IDSS,2008,GRCA,2
IDSS,2008,HOWR,3
IDSS,2008,KILL,2
IDSS,2008,NOMO,1
IDSS,2008,RWBL,4
IDSS,2008,SOSP,1.5
IDSS,2008,TRES,5
IDSS,2008,YBCU,1
IDSS,2011,AMRO,2
IDSS,2011,AMWO,1
IDSS,2011,BHCO,2
IDSS,2011,BRTH,2
IDSS,2011,CHSP,11
IDSS,2011,COYE,1.5
IDSS,2011,EAKI,3
IDSS,2011,FISP,10
IDSS,2011,GRCA,3
IDSS,2011,HOWR,3
IDSS,2011,NOMO,2
IDSS,2011,RWBL,4
IDSS,2011,SOSP,5
IDSS,2011,TRES,5
IDSS,2011,WISN,0.5
IDSS,2011,YWAR,7
IDSS,2012,BHCO,2
IDSS,2012,BOBO,1
IDSS,2012,BRTH,2
IDSS,2012,CEDW,2
IDSS,2012,CHSP,7
IDSS,2012,EAKI,3
IDSS,2012,EWPW,1
IDSS,2012,FISP,9
IDSS,2012,GCFL,1
IDSS,2012,NOMO,1
IDSS,2012,RWBL,4
IDSS,2012,SOSP,6
IDSS,2012,TRES,5
IDSS,2012,YWAR,6
IDSS,2016,AMWO,2
IDSS,2016,BRTH,2
IDSS,2016,CHSP,7.5
IDSS,2016,COYE,4
IDSS,2016,EAKI,3
IDSS,2016,EATO,1
IDSS,2016,EUST,1
IDSS,2016,FISP,10.5
IDSS,2016,GCFL,1.5
IDSS,2016,GRCA,1
IDSS,2016,HOWR,2
IDSS,2016,NOMO,1.5
IDSS,2016,RWBL,4
IDSS,2016,TRES,6
IDSS,2016,YWAR,1
IDSS,2018,AMRO,1
IDSS,2018,AMWO,1
IDSS,2018,BGGN,1
IDSS,2018,BRTH,3
IDSS,2018,CHSP,7
IDSS,2018,COGR,1
IDSS,2018,EAKI,2
IDSS,2018,EATO,2
IDSS,2018,EUST,1
IDSS,2018,EWPW,1
IDSS,2018,FISP,8
IDSS,2018,MALL,1
IDSS,2018,NOCA,2
IDSS,2018,RWBL,6
IDSS,2018,SOSP,4
IDSS,2018,TRES,1
IDSS,2018,YBCU,0.5
IDSS,2018,YWAR,2
IDSS,2021,AMCR,0.5
IDSS,2021,AMRO,1
IDSS,2021,AMWO,2
IDSS,2021,BCCH,1
IDSS,2021,BRTH,5
IDSS,2021,CHSP,4
IDSS,2021,COGR,4
IDSS,2021,EAKI,2
IDSS,2021,EUST,2
IDSS,2021,EWPW,2
IDSS,2021,FISP,11
IDSS,2021,GRCA,1
IDSS,2021,HOWR,1
IDSS,2021,KILL,1
IDSS,2021,MALL,1
IDSS,2021,MODO,1
IDSS,2021,NOCA,1
IDSS,2021,RWBL,8
IDSS,2021,SOSP,2
IDSS,2021,TRES,1
RARO,1991,AMGO,2
RARO,1991,AMWO,1
RARO,1991,BAOR,6
RARO,1991,BCCH,1.5
RARO,1991,BHCO,3.5
RARO,1991,BLJA,1
RARO,1991,COGR,4.5
RARO,1991,COYE,7
RARO,1991,DOWO,2
RARO,1991,EAKI,5
RARO,1991,EATO,1
RARO,1991,EAWP,9
RARO,1991,EUST,5.5
RARO,1991,FISP,2.5
RARO,1991,GCFL,2
RARO,1991,GHOW,0.25
RARO,1991,GRCA,1
RARO,1991,HAWO,1
RARO,1991,HOWR,11.5
RARO,1991,NOFL,1.5
RARO,1991,REVI,3
RARO,1991,RWBL,18
RARO,1991,SOSP,14
RARO,1991,TRES,7
RARO,1991,WAVI,1
RARO,1991,YWAR,9.5
RARO,1992,AMKE,1
RARO,1992,AMWO,1
RARO,1992,BAOR,4.5
RARO,1992,BHCO,2.5
RARO,1992,BLJA,1
RARO,1992,CARW,0.25
RARO,1992,COGR,5
RARO,1992,COYE,3.5
RARO,1992,DOWO,1
RARO,1992,EAKI,5
RARO,1992,EAWP,5
RARO,1992,EUST,6
RARO,1992,FISP,2
RARO,1992,GCFL,1.5
RARO,1992,HOWR,10
RARO,1992,NOFL,2
RARO,1992,REVI,5.5
RARO,1992,RWBL,11.5
RARO,1992,SOSP,7.5
RARO,1992,TRES,6
RARO,1992,WAVI,1
RARO,1992,WODU,1
RARO,1992,YWAR,5.5
RARO,1996,AMRE,5.5
RARO,1996,BAOR,5.5
RARO,1996,BCCH,0.25
RARO,1996,BGGN,2
RARO,1996,BHCO,1
RARO,1996,BLJA,1
RARO,1996,COGR,3
RARO,1996,COYE,9.5
RARO,1996,EAKI,5.5
RARO,1996,EATO,1
RARO,1996,EAWP,5.5
RARO,1996,EUST,2
RARO,1996,EWPW,1
RARO,1996,FISP,0.5
RARO,1996,GCFL,1
RARO,1996,GRCA,1
RARO,1996,HOWR,13.5
RARO,1996,INBU,0.5
RARO,1996,MODO,4
RARO,1996,NOFL,1
RARO,1996,RBWO,0.25
RARO,1996,REVI,4
RARO,1996,RTHU,1
RARO,1996,RWBL,14
RARO,1996,SOSP,7
RARO,1996,TRES,8
RARO,1996,WAVI,5
RARO,1996,WBNU,1
RARO,1996,YBCU,1
RARO,1996,YWAR,9.5
RARO,1999,AMWO,2
RARO,1999,BAOR,10.5
RARO,1999,BCCH,1
RARO,1999,BGGN,2
RARO,1999,BHCO,1.5
RARO,1999,COGR,3
RARO,1999,COYE,7
RARO,1999,EAKI,6.5
RARO,1999,EATO,1
RARO,1999,EAWP,7.5
RARO,1999,EWPW,5
RARO,1999,FISP,1
RARO,1999,GCFL,3
RARO,1999,GRCA,2
RARO,1999,HOWR,7.5
RARO,1999,LEFL,0.5
RARO,1999,NOFL,3
RARO,1999,RBWO,1
RARO,1999,REVI,6.5
RARO,1999,RTHA,0.5
RARO,1999,RWBL,18
RARO,1999,SOSP,5.5
RARO,1999,TRES,10
RARO,1999,WAVI,4
RARO,1999,YWAR,8.5
RARO,2001,AMWO,2
RARO,2001,BAOR,7
RARO,2001,BHCO,2
RARO,2001,BLJA,2
RARO,2001,COGR,1
RARO,2001,COYE,6
RARO,2001,DOWO,2
RARO,2001,EAKI,5.5
RARO,2001,EATO,2
RARO,2001,EAWP,7
RARO,2001,EUST,2.5
RARO,2001,FISP,4.5
RARO,2001,GRCA,2
RARO,2001,HOWR,19
RARO,2001,NOFL,1.5
RARO,2001,REVI,2
RARO,2001,RWBL,10
RARO,2001,SOSP,7
RARO,2001,TRES,6
RARO,2001,WAVI,2
RARO,2001,YBCU,1
RARO,2001,YWAR,4
RARO,2008,AMWO,1
RARO,2008,BAOR,4.5
RARO,2008,BCCH,1
RARO,2008,BGGN,3
RARO,2008,BHCO,2
RARO,2008,BLJA,1
RARO,2008,CEDW,1
RARO,2008,COGR,1
RARO,2008,COYE,4.5
RARO,2008,DOWO,2
RARO,2008,EAKI,1
RARO,2008,EATO,1
RARO,2008,EAWP,4.5
RARO,2008,EUST,1
RARO,2008,EWPW,1
RARO,2008,FISP,3
RARO,2008,GCFL,1
RARO,2008,GRCA,3
RARO,2008,HOWR,10
RARO,2008,INBU,1
RARO,2008,NOFL,1
RARO,2008,OROR,2
RARO,2008,REVI,1
RARO,2008,RWBL,6
RARO,2008,SOSP,2
RARO,2008,TRES,4
RARO,2008,WAVI,3
RARO,2008,YWAR,18
RARO,2010,AMWO,2
RARO,2010,BAOR,5
RARO,2010,BCCH,2
RARO,2010,BGGN,1
RARO,2010,BHCO,1
RARO,2010,COGR,2
RARO,2010,COYE,12.5
RARO,2010,DOWO,2
RARO,2010,EAKI,3
RARO,2010,EATO,3
RARO,2010,EAWP,5
RARO,2010,EUST,4
RARO,2010,EWPW,1.5
RARO,2010,FISP,5
RARO,2010,GCFL,2
RARO,2010,GRCA,3
RARO,2010,HOWR,11.5
RARO,2010,INBU,3.5
RARO,2010,LEFL,3
RARO,2010,MODO,2
RARO,2010,NOCA,2
RARO,2010,NOFL,1
RARO,2010,OROR,4
RARO,2010,REVI,4
RARO,2010,RWBL,12
RARO,2010,SOSP,9
RARO,2010,TRES,6
RARO,2010,WAVI,4
RARO,2010,YWAR,29
RARO,2016,BANS,1
RARO,2016,BAOR,3
RARO,2016,BGGN,1
RARO,2016,BHCO,1
RARO,2016,BLJA,1
RARO,2016,COGR,1
RARO,2016,COYE,10
RARO,2016,DOWO,1
RARO,2016,EAKI,5
RARO,2016,EASO,1
RARO,2016,EATO,4
RARO,2016,EAWP,6
RARO,2016,EUST,2
RARO,2016,EWPW,2
RARO,2016,FISP,4
RARO,2016,GCFL,3
RARO,2016,GRCA,5
RARO,2016,HOWR,8
RARO,2016,INBU,3
RARO,2016,MODO,1
RARO,2016,NOCA,1
RARO,2016,NOFL,1
RARO,2016,OROR,2
RARO,2016,RBWO,1
RARO,2016,REVI,5.5
RARO,2016,RTHU,1
RARO,2016,RWBL,12
RARO,2016,SOSP,1
RARO,2016,SWSP,1
RARO,2016,TRES,5
RARO,2016,WAVI,2
RARO,2016,WBNU,1
RARO,2016,YBCU,2
RARO,2016,YWAR,28
RARO,2017,AMWO,1.5
RARO,2017,BAOR,2
RARO,2017,BBCU,1
RARO,2017,BLJA,1
RARO,2017,COGR,1
RARO,2017,COYE,8
RARO,2017,EAKI,3
RARO,2017,EATO,2
RARO,2017,EAWP,2
RARO,2017,FISP,2.5
RARO,2017,GRCA,3
RARO,2017,HOWR,11
RARO,2017,INBU,1
RARO,2017,NOCA,1
RARO,2017,REVI,3
RARO,2017,RWBL,15
RARO,2017,SWSP,1.5
RARO,2017,TRES,1
RARO,2017,WBNU,1
RARO,2017,YBCU,2
RARO,2017,YWAR,12
RARO,2019,AMRO,1
RARO,2019,AMWO,2
RARO,2019,BAOR,4
RARO,2019,BCCH,1
RARO,2019,BGGN,1
RARO,2019,BRTH,0.25
RARO,2019,CEDW,1
RARO,2019,COGR,2.5
RARO,2019,COYE,14
RARO,2019,DOWO,2
RARO,2019,EAKI,4
RARO,2019,EATO,0.5
RARO,2019,EAWP,4
RARO,2019,EUST,1
RARO,2019,EWPW,2.5
RARO,2019,FISP,2
RARO,2019,GCFL,2
RARO,2019,GRCA,3.5
RARO,2019,HOWR,11
RARO,2019,MODO,2
RARO,2019,NOCA,1
RARO,2019,NOFL,2
RARO,2019,REVI,5.5
RARO,2019,RWBL,22
RARO,2019,SORA,0.25
RARO,2019,SOSP,1
RARO,2019,SWSP,0.5
RARO,2019,TRES,4
RARO,2019,WAVI,4
RARO,2019,WBNU,1
RARO,2019,WODU,0.25
RARO,2019,YWAR,11.5
RARO,2021,AMRE,3
RARO,2021,AMRO,2
RARO,2021,AMWO,1
RARO,2021,BAOR,4
RARO,2021,BCCH,1
RARO,2021,BGGN,1
RARO,2021,BHCO,3
RARO,2021,BLJA,1
RARO,2021,COGR,2
RARO,2021,COYE,11.5
RARO,2021,DOWO,1
RARO,2021,EAKI,3.5
RARO,2021,EASO,1
RARO,2021,EATO,1
RARO,2021,EAWP,4.5
RARO,2021,EUST,1
RARO,2021,EWPW,2
RARO,2021,FISP,2
RARO,2021,GCFL,3
RARO,2021,GRCA,4
RARO,2021,HOWR,20.5
RARO,2021,INBU,2.5
RARO,2021,LEFL,1
RARO,2021,MODO,1.5
RARO,2021,NOCA,1
RARO,2021,REVI,6
RARO,2021,RWBL,16.5
RARO,2021,SOSP,1
RARO,2021,SWSP,0.25
RARO,2021,TRES,5
RARO,2021,WAVI,5
RARO,2021,WBNU,0.5
RARO,2021,WITU,0.5
RARO,2021,YBCU,1
RARO,2021,YWAR,28
ROIS,1991,AMGO,4
ROIS,1991,AMRE,3
ROIS,1991,AMRO,1
ROIS,1991,BAOR,5.5
ROIS,1991,BCCH,3
ROIS,1991,BHCO,3
ROIS,1991,CARW,1
ROIS,1991,CEDW,1
ROIS,1991,COGR,5.5
ROIS,1991,COYE,9
ROIS,1991,DOWO,2.5
ROIS,1991,EAKI,7.5
ROIS,1991,EAWP,14.5
ROIS,1991,EUST,7.5
ROIS,1991,GCFL,2
ROIS,1991,GHOW,1
ROIS,1991,HOWR,12.5
ROIS,1991,LEFL,4
ROIS,1991,NOCA,1
ROIS,1991,NOFL,0.5
ROIS,1991,REVI,2
ROIS,1991,RWBL,28
ROIS,1991,SOSP,19.5
ROIS,1991,SWSP,1
ROIS,1991,TRES,8
ROIS,1991,WAVI,5.5
ROIS,1991,YWAR,11.5
ROIS,1992,AMGO,2
ROIS,1992,AMRE,3
ROIS,1992,AMRO,1
ROIS,1992,BAOR,6.5
ROIS,1992,BHCO,2
ROIS,1992,COGR,5
ROIS,1992,COYE,8.5
ROIS,1992,DOWO,1
ROIS,1992,EAKI,8.5
ROIS,1992,EAWP,9.5
ROIS,1992,EUST,6.5
ROIS,1992,GCFL,3
ROIS,1992,GHOW,0.5
ROIS,1992,HOWR,18
ROIS,1992,LEFL,5
ROIS,1992,MODO,2
ROIS,1992,NOFL,1
ROIS,1992,REVI,3
ROIS,1992,RTHA,1
ROIS,1992,RWBL,24
ROIS,1992,SOSP,14
ROIS,1992,SWSP,2
ROIS,1992,TRES,9
ROIS,1992,WAVI,5
ROIS,1992,YWAR,11.5
ROIS,1996,AMRE,2.5
ROIS,1996,AMWO,1
ROIS,1996,BAOR,3.5
ROIS,1996,COGR,2
ROIS,1996,COYE,14
ROIS,1996,DOWO,1
ROIS,1996,EAKI,3
ROIS,1996,EAWP,9.5
ROIS,1996,EUST,3.5
ROIS,1996,EWPW,1
ROIS,1996,GHOW,0.25
ROIS,1996,GRCA,1
ROIS,1996,HOWR,10
ROIS,1996,LEFL,1
ROIS,1996,MAWR,3
ROIS,1996,NOFL,1
ROIS,1996,REVI,3
ROIS,1996,RWBL,28
ROIS,1996,SOSP,11
ROIS,1996,SWSP,4.5
ROIS,1996,TRES,9
ROIS,1996,WAVI,7
ROIS,1996,YWAR,18
ROIS,2000,AMRE,4
ROIS,2000,AMRO,2
ROIS,2000,AMWO,1
ROIS,2000,BAOR,4
ROIS,2000,BCCH,2
ROIS,2000,BGGN,1
ROIS,2000,BHCO,2
ROIS,2000,BLJA,1
ROIS,2000,COGR,4
ROIS,2000,COYE,13.5
ROIS,2000,DOWO,0.5
ROIS,2000,EAKI,5
ROIS,2000,EAWP,9
ROIS,2000,EUST,3
ROIS,2000,GCFL,3
ROIS,2000,GHOW,0.25
ROIS,2000,GRCA,4
ROIS,2000,HOWR,13.5
ROIS,2000,LEFL,1
ROIS,2000,MODO,2
ROIS,2000,NOCA,1
ROIS,2000,NOFL,1
ROIS,2000,REVI,4
ROIS,2000,RWBL,29
ROIS,2000,SOSP,11.5
ROIS,2000,SWSP,3.5
ROIS,2000,TRES,10
ROIS,2000,WAVI,6.5
ROIS,2000,YWAR,22
ROIS,2001,AMGO,1
ROIS,2001,AMRE,4
ROIS,2001,AMRO,1.5
ROIS,2001,AMWO,1
ROIS,2001,BAOR,3
ROIS,2001,BCCH,2
ROIS,2001,BGGN,1
ROIS,2001,BHCO,2
ROIS,2001,COGR,1
ROIS,2001,COYE,8.5
ROIS,2001,EAKI,3
ROIS,2001,EAWP,10.5
ROIS,2001,EUST,2
ROIS,2001,GCFL,1
ROIS,2001,GRCA,4
ROIS,2001,HOWR,8.5
ROIS,2001,MODO,1.5
ROIS,2001,NOCA,1
ROIS,2001,NOFL,1
ROIS,2001,RBWO,1
ROIS,2001,REVI,4
ROIS,2001,RWBL,26
ROIS,2001,SOSP,8.5
ROIS,2001,SWSP,2
ROIS,2001,TRES,8
ROIS,2001,WAVI,6
ROIS,2001,YWAR,17.5
ROIS,2005,AMGO,1
ROIS,2005,AMRE,1
ROIS,2005,AMRO,5
ROIS,2005,AMWO,2
ROIS,2005,BAOR,4
ROIS,2005,BCCH,2
ROIS,2005,BGGN,1
ROIS,2005,BHCO,3
ROIS,2005,BLJA,1
ROIS,2005,COGR,2
ROIS,2005,COYE,9
ROIS,2005,DOWO,3
ROIS,2005,EAKI,4
ROIS,2005,EAWP,10
ROIS,2005,EUST,3
ROIS,2005,GCFL,2.5
ROIS,2005,GRCA,5
ROIS,2005,HOWR,12.5
ROIS,2005,INBU,2
ROIS,2005,MODO,3
ROIS,2005,NOCA,1
ROIS,2005,NOFL,1
ROIS,2005,RBWO,0.5
ROIS,2005,REVI,5
ROIS,2005,RWBL,14.5
ROIS,2005,SOSP,10.5
ROIS,2005,TRES,4.5
ROIS,2005,WAVI,5
ROIS,2005,WIFL,1
ROIS,2005,YWAR,18
ROIS,2009,AMRE,3
ROIS,2009,AMRO,3
ROIS,2009,AMWO,1
ROIS,2009,BAOR,5
ROIS,2009,BCCH,1
ROIS,2009,BHCO,1
ROIS,2009,COGR,3
ROIS,2009,COYE,4
ROIS,2009,DOWO,2
ROIS,2009,EABL,1
ROIS,2009,EAKI,2
ROIS,2009,EAWP,4
ROIS,2009,GCFL,1
ROIS,2009,GRCA,4
ROIS,2009,HOWR,8
ROIS,2009,INBU,1
ROIS,2009,LEFL,2
ROIS,2009,MODO,2
ROIS,2009,NOCA,2
ROIS,2009,NOFL,1
ROIS,2009,OROR,1
ROIS,2009,REVI,3
ROIS,2009,RWBL,7.5
ROIS,2009,SOSP,7
ROIS,2009,SWSP,0.5
ROIS,2009,TRES,5
ROIS,2009,WAVI,2
ROIS,2009,WIFL,1
ROIS,2009,YBCU,1
ROIS,2009,YWAR,16
ROIS,2010,AMRE,1
ROIS,2010,AMRO,3
ROIS,2010,BAOR,3
ROIS,2010,BBCU,1
ROIS,2010,BCCH,2
ROIS,2010,BHCO,1
ROIS,2010,BLJA,1
ROIS,2010,CEDW,2
ROIS,2010,COGR,2
ROIS,2010,COYE,8
ROIS,2010,DOWO,3
ROIS,2010,EAKI,2
ROIS,2010,EASO,1
ROIS,2010,EATO,1
ROIS,2010,EAWP,6
ROIS,2010,EUST,4
ROIS,2010,GCFL,2.5
ROIS,2010,GRCA,6
ROIS,2010,HOWR,8.5
ROIS,2010,MODO,0.25
ROIS,2010,NOCA,2
ROIS,2010,NOFL,2
ROIS,2010,RWBL,8
ROIS,2010,SOSP,6.5
ROIS,2010,TRES,7
ROIS,2010,WAVI,6
ROIS,2010,WIFL,1
ROIS,2010,YWAR,12
ROIS,2016,AMGO,1
ROIS,2016,AMRE,6
ROIS,2016,AMRO,3.5
ROIS,2016,AMWO,2
ROIS,2016,BAOR,3
ROIS,2016,BCCH,4
ROIS,2016,BGGN,3
ROIS,2016,BHCO,3
ROIS,2016,BRTH,2
ROIS,2016,CHSW,1
ROIS,2016,COGR,0.25
ROIS,2016,COYE,9.5
ROIS,2016,DOWO,0.5
ROIS,2016,EAKI,4
ROIS,2016,EAWP,7
ROIS,2016,EUST,2
ROIS,2016,GCFL,2
ROIS,2016,GRCA,6
ROIS,2016,HOWR,13.5
ROIS,2016,INBU,2
ROIS,2016,LEFL,3
ROIS,2016,MAWR,1
ROIS,2016,MODO,3
ROIS,2016,NOCA,1
ROIS,2016,NOFL,2
ROIS,2016,OROR,0.25
ROIS,2016,REVI,6.5
ROIS,2016,RWBL,15
ROIS,2016,SOSP,4.5
ROIS,2016,TRES,4
ROIS,2016,WAVI,8.5
ROIS,2016,WBNU,2
ROIS,2016,YBCU,1
ROIS,2016,YWAR,46
ROIS,2019,AMRE,2
ROIS,2019,AMRO,2
ROIS,2019,AMWO,2
ROIS,2019,BAEA,1
ROIS,2019,BAOR,3
ROIS,2019,BBCU,1
ROIS,2019,BGGN,1
ROIS,2019,BLJA,0.5
ROIS,2019,COGR,3
ROIS,2019,COYE,10
ROIS,2019,DOWO,1
ROIS,2019,EAKI,6
ROIS,2019,EAWP,4
ROIS,2019,EUST,4
ROIS,2019,GCFL,2
ROIS,2019,GRCA,6
ROIS,2019,GRHE,1
ROIS,2019,HOWR,14.5
ROIS,2019,INBU,3
ROIS,2019,LEBI,1
ROIS,2019,LEFL,1
ROIS,2019,MAWR,4
ROIS,2019,MODO,2
ROIS,2019,NOCA,1.5
ROIS,2019,NOFL,2
ROIS,2019,OROR,1
ROIS,2019,RBWO,2
ROIS,2019,REVI,6
ROIS,2019,RWBL,24
ROIS,2019,SOSP,4
ROIS,2019,TRES,4
ROIS,2019,WAVI,15
ROIS,2019,WBNU,1
ROIS,2019,WIFL,0.5
ROIS,2019,WODU,3
ROIS,2019,YWAR,35
ROIS,2021,AMRE,1
ROIS,2021,AMRO,6
ROIS,2021,AMWO,1
ROIS,2021,BAEA,1
ROIS,2021,BAOR,5.5
ROIS,2021,BCCH,3
ROIS,2021,BGGN,4
ROIS,2021,BHCO,1
ROIS,2021,BLJA,0.5
ROIS,2021,COGR,4
ROIS,2021,COYE,9.5
ROIS,2021,DOWO,1
ROIS,2021,EAKI,8.5
ROIS,2021,EASO,1
ROIS,2021,EAWP,9
ROIS,2021,EUST,9
ROIS,2021,GCFL,2
ROIS,2021,GRCA,3
ROIS,2021,HOWR,18
ROIS,2021,MALL,1
ROIS,2021,MODO,2
ROIS,2021,NOCA,1
ROIS,2021,NOFL,2
ROIS,2021,OROR,1
ROIS,2021,REVI,5
ROIS,2021,RWBL,39.5
ROIS,2021,SOSP,1
ROIS,2021,TRES,7
ROIS,2021,VIRA,1
ROIS,2021,WAVI,16.5
ROIS,2021,WBNU,2
ROIS,2021,WIFL,1
ROIS,2021,WODU,0.5
ROIS,2021,YBCU,2
ROIS,2021,YWAR,42.5
ROMF,1991,AMRO,2
ROMF,1991,AMWO,1
ROMF,1991,BAOR,11
ROMF,1991,BCCH,2.5
ROMF,1991,BHCO,1
ROMF,1991,BLJA,2
ROMF,1991,COGR,7
ROMF,1991,COYE,4.5
ROMF,1991,DOWO,4.5
ROMF,1991,EAKI,6.5
ROMF,1991,EATO,2
ROMF,1991,EAWP,9
ROMF,1991,EUST,2
ROMF,1991,GCFL,4.5
ROMF,1991,HOWR,14
ROMF,1991,NOCA,2
ROMF,1991,NOFL,3
ROMF,1991,RBWO,2
ROMF,1991,REVI,9
ROMF,1991,RHWO,1
ROMF,1991,RWBL,15
ROMF,1991,SOSP,11.5
ROMF,1991,TRES,11
ROMF,1991,WBNU,2
ROMF,1991,YWAR,5.5
ROMF,1994,AMRE,0.5
ROMF,1994,BAOR,9
ROMF,1994,BCCH,1
ROMF,1994,BGGN,0.5
ROMF,1994,BHCO,2
ROMF,1994,BLJA,1
ROMF,1994,COGR,1
ROMF,1994,COYE,5
ROMF,1994,DOWO,2
ROMF,1994,EAKI,3
ROMF,1994,EAWP,12
ROMF,1994,EUST,3.5
ROMF,1994,GCFL,3
ROMF,1994,HOWR,14
ROMF,1994,INBU,2
ROMF,1994,NOFL,1
ROMF,1994,RBWO,2
ROMF,1994,REVI,6
ROMF,1994,RHWO,0.5
ROMF,1994,RTHA,1
ROMF,1994,RWBL,7
ROMF,1994,SOSP,4.5
ROMF,1994,TRES,18.5
ROMF,1994,WAVI,2
ROMF,1994,YBCU,1
ROMF,1994,YWAR,4.5
ROMF,1999,AMRE,1
ROMF,1999,AMRO,2
ROMF,1999,BAOR,15
ROMF,1999,BGGN,1
ROMF,1999,BHCO,2
ROMF,1999,BLJA,2
ROMF,1999,COYE,6.5
ROMF,1999,DOWO,1
ROMF,1999,EAKI,6.5
ROMF,1999,EATO,3
ROMF,1999,EAWP,12.5
ROMF,1999,EUST,2
ROMF,1999,EWPW,1
ROMF,1999,GCFL,5.5
ROMF,1999,GRCA,1
ROMF,1999,HOWR,30
ROMF,1999,NOCA,1
ROMF,1999,NOFL,2
ROMF,1999,RBWO,2
ROMF,1999,REVI,12
ROMF,1999,RWBL,9
ROMF,1999,SCTA,1
ROMF,1999,SOSP,2.5
ROMF,1999,TRES,29
ROMF,1999,WAVI,2
ROMF,1999,WEVI,1
ROMF,1999,YWAR,6
ROMF,2000,AMRE,1
ROMF,2000,AMRO,2
ROMF,2000,BAOR,9.5
ROMF,2000,BCCH,4
ROMF,2000,BGGN,3
ROMF,2000,BLJA,2
ROMF,2000,CEDW,2
ROMF,2000,COGR,1
ROMF,2000,COYE,6
ROMF,2000,DOWO,4
ROMF,2000,EAKI,4
ROMF,2000,EATO,1
ROMF,2000,EAWP,14.5
ROMF,2000,EUST,4
ROMF,2000,EWPW,1
ROMF,2000,GCFL,3
ROMF,2000,GRCA,4
ROMF,2000,HAWO,1
ROMF,2000,HOWR,22
ROMF,2000,INBU,5
ROMF,2000,MODO,3
ROMF,2000,NOCA,1
ROMF,2000,NOFL,3
ROMF,2000,RBWO,2
ROMF,2000,REVI,7
ROMF,2000,RHWO,3
ROMF,2000,RTHA,0.5
ROMF,2000,RTHU,1
ROMF,2000,RWBL,5
ROMF,2000,SOSP,8
ROMF,2000,TRES,14
ROMF,2000,WAVI,6
ROMF,2000,WBNU,2
ROMF,2000,YBCU,1
ROMF,2000,YWAR,3
ROMF,2004,AMRE,2
ROMF,2004,AMRO,2.5
ROMF,2004,AMWO,1
ROMF,2004,BAOR,12
ROMF,2004,BBCU,1
ROMF,2004,BCCH,2
ROMF,2004,BGGN,1
ROMF,2004,BHCO,4
ROMF,2004,BLJA,2
ROMF,2004,COGR,3
ROMF,2004,COYE,14.5
ROMF,2004,DOWO,3
ROMF,2004,EAKI,6
ROMF,2004,EATO,3
ROMF,2004,EAWP,12
ROMF,2004,EUST,5.5
ROMF,2004,EWPW,2.5
ROMF,2004,FISP,1.5
ROMF,2004,GCFL,3.5
ROMF,2004,GRCA,8
ROMF,2004,HAWO,1
ROMF,2004,HOWR,24.5
ROMF,2004,INBU,8
ROMF,2004,MODO,4
ROMF,2004,NOCA,2
ROMF,2004,NOFL,4
ROMF,2004,RBGR,2
ROMF,2004,RBWO,3
ROMF,2004,REVI,4.5
ROMF,2004,RTHA,0.5
ROMF,2004,RWBL,6.5
ROMF,2004,SCTA,1
ROMF,2004,SOSP,9
ROMF,2004,SWSP,0.25
ROMF,2004,TRES,17
ROMF,2004,WAVI,3
ROMF,2004,WBNU,2
ROMF,2004,YBCU,2
ROMF,2004,YWAR,5.5
ROMF,2009,AMRE,9
ROMF,2009,AMRO,2
ROMF,2009,AMWO,1
ROMF,2009,BAOR,6
ROMF,2009,BCCH,1
ROMF,2009,BGGN,1
ROMF,2009,BHCO,1
ROMF,2009,BLJA,1
ROMF,2009,COGR,1
ROMF,2009,COYE,2.5
ROMF,2009,DOWO,2
ROMF,2009,EAKI,1
ROMF,2009,EASO,1
ROMF,2009,EATO,2
ROMF,2009,EAWP,7
ROMF,2009,EUST,1
ROMF,2009,EWPW,1
ROMF,2009,GCFL,3
ROMF,2009,GRCA,4
ROMF,2009,HOWR,11
ROMF,2009,INBU,2
ROMF,2009,LEFL,3
ROMF,2009,NOCA,1
ROMF,2009,NOFL,1
ROMF,2009,NOGO,0.25
ROMF,2009,RBWO,2
ROMF,2009,REVI,2
ROMF,2009,RTHA,0.5
ROMF,2009,RWBL,3.5
ROMF,2009,SCTA,1
ROMF,2009,SOSP,3
ROMF,2009,SWSP,0.5
ROMF,2009,TRES,8
ROMF,2009,VEER,1
ROMF,2009,WAVI,1
ROMF,2009,YWAR,10
ROMF,2010,AMRE,6.5
ROMF,2010,AMRO,1
ROMF,2010,AMWO,1
ROMF,2010,BAOR,6
ROMF,2010,BGGN,1
ROMF,2010,BHCO,2
ROMF,2010,BLJA,1
ROMF,2010,COGR,2
ROMF,2010,COYE,5.5
ROMF,2010,DOWO,4
ROMF,2010,EAKI,2
ROMF,2010,EATO,4
ROMF,2010,EAWP,6
ROMF,2010,EUST,1
ROMF,2010,EWPW,2
ROMF,2010,FISP,1
ROMF,2010,GCFL,4
ROMF,2010,GRCA,9
ROMF,2010,HOWR,19.5
ROMF,2010,INBU,3.5
ROMF,2010,NOCA,1
ROMF,2010,NOFL,2
ROMF,2010,RBWO,2
ROMF,2010,REVI,6
ROMF,2010,RTHA,0.25
ROMF,2010,RTHU,2
ROMF,2010,RWBL,5
ROMF,2010,SOSP,8
ROMF,2010,TRES,23
ROMF,2010,WAVI,3
ROMF,2010,WBNU,1
ROMF,2010,YBCU,2
ROMF,2010,YWAR,24.5
ROMF,2016,AMCR,0.5
ROMF,2016,AMRE,7
ROMF,2016,AMRO,2
ROMF,2016,BAOR,5.5
ROMF,2016,BCCH,2
ROMF,2016,BGGN,3
ROMF,2016,BLJA,1
ROMF,2016,CHSW,1
ROMF,2016,COGR,4
ROMF,2016,COYE,9
ROMF,2016,DOWO,2
ROMF,2016,EAKI,3
ROMF,2016,EATO,0.5
ROMF,2016,EAWP,7
ROMF,2016,EWPW,1
ROMF,2016,GCFL,4
ROMF,2016,GRCA,7
ROMF,2016,HAWO,1
ROMF,2016,HOWR,10
ROMF,2016,INBU,5
ROMF,2016,NOCA,2
ROMF,2016,NOFL,3
ROMF,2016,OROR,1.5
ROMF,2016,RBGR,2
ROMF,2016,RBWO,2
ROMF,2016,REVI,9
ROMF,2016,RTHU,1.5
ROMF,2016,RWBL,7
ROMF,2016,SOSP,3
ROMF,2016,TRES,7
ROMF,2016,WAVI,1.5
ROMF,2016,WBNU,1
ROMF,2016,YBCU,2
ROMF,2016,YWAR,22
ROMF,2018,AMRE,5
ROMF,2018,AMRO,3.5
ROMF,2018,AMWO,1
ROMF,2018,BAOR,5
ROMF,2018,BCCH,2
ROMF,2018,BGGN,1
ROMF,2018,CHSW,0.25
ROMF,2018,COGR,1
ROMF,2018,COYE,15
ROMF,2018,DOWO,2
ROMF,2018,EAKI,3.5
ROMF,2018,EAWP,9.5
ROMF,2018,EUST,5
ROMF,2018,EWPW,2
ROMF,2018,GCFL,3
ROMF,2018,GRCA,6.5
ROMF,2018,HOWR,16
ROMF,2018,INBU,3
ROMF,2018,MODO,2
ROMF,2018,NOCA,1
ROMF,2018,NOFL,2
ROMF,2018,RBWO,2
ROMF,2018,REVI,13
ROMF,2018,RWBL,3
ROMF,2018,SOSP,0.5
ROMF,2018,TRES,2
ROMF,2018,WAVI,6
ROMF,2018,WBNU,2
ROMF,2018,WITU,1
ROMF,2018,YBCU,1
ROMF,2018,YTVI,1
ROMF,2018,YWAR,18
ROMF,2021,AMRE,8
ROMF,2021,AMRO,2.5
ROMF,2021,AMWO,1
ROMF,2021,BAOR,11
ROMF,2021,BHCO,2
ROMF,2021,BLJA,1
ROMF,2021,CHSW,0.25
ROMF,2021,COGR,7
ROMF,2021,COYE,7
ROMF,2021,EAKI,3.5
ROMF,2021,EAWP,6.5
ROMF,2021,EUST,2
ROMF,2021,EWPW,3
ROMF,2021,GCFL,5
ROMF,2021,GHOW,0.5
ROMF,2021,GRCA,3
ROMF,2021,HOWR,10
ROMF,2021,INBU,1
ROMF,2021,MODO,2
ROMF,2021,NOCA,1
ROMF,2021,NOFL,2
ROMF,2021,RBWO,2
ROMF,2021,REVI,16
ROMF,2021,RTHU,0.25
ROMF,2021,RWBL,11.5
ROMF,2021,SWSP,0.5
ROMF,2021,TRES,6
ROMF,2021,WAVI,9
ROMF,2021,WBNU,1
ROMF,2021,WITU,1
ROMF,2021,WODU,1
ROMF,2021,YBCU,2
ROMF,2021,YWAR,15.5
ROMS,1991,AMRE,4
ROMS,1991,AMRO,3
ROMS,1991,AMWO,1
ROMS,1991,BAOR,8
ROMS,1991,BCCH,2
ROMS,1991,BHCO,2
ROMS,1991,BLJA,1
ROMS,1991,CEDW,1
ROMS,1991,COGR,4.5
ROMS,1991,COYE,8.5
ROMS,1991,DOWO,2
ROMS,1991,EAKI,4.5
ROMS,1991,EAWP,11.5
ROMS,1991,EUST,6.5
ROMS,1991,GCFL,3
ROMS,1991,HOWR,7
ROMS,1991,NOCA,1
ROMS,1991,NOFL,2
ROMS,1991,REVI,4
ROMS,1991,RWBL,21.5
ROMS,1991,SOSP,15
ROMS,1991,TRES,6
ROMS,1991,WAVI,4
ROMS,1991,WBNU,1
ROMS,1991,YWAR,13
ROMS,1994,AMRE,1
ROMS,1994,AMRO,1.5
ROMS,1994,BAOR,6
ROMS,1994,BCCH,1
ROMS,1994,BHCO,2
ROMS,1994,BLJA,1
ROMS,1994,CEDW,1
ROMS,1994,COGR,2
ROMS,1994,COYE,7.5
ROMS,1994,DOWO,1
ROMS,1994,EAKI,2
ROMS,1994,EAWP,13
ROMS,1994,EUST,2
ROMS,1994,GCFL,2
ROMS,1994,GHOW,0.5
ROMS,1994,HOWR,12
ROMS,1994,NOCA,1
ROMS,1994,NOFL,1
ROMS,1994,REVI,1
ROMS,1994,RHWO,1
ROMS,1994,RWBL,12.5
ROMS,1994,SOSP,8
ROMS,1994,TRES,7
ROMS,1994,WAVI,3
ROMS,1994,WBNU,1
ROMS,1994,YBCU,1
ROMS,1994,YWAR,6
ROMS,1998,AMRE,1
ROMS,1998,AMWO,1
ROMS,1998,BAOR,5
ROMS,1998,BCCH,3
ROMS,1998,BHCO,1
ROMS,1998,BLJA,2
ROMS,1998,COGR,2
ROMS,1998,COYE,7
ROMS,1998,DOWO,1
ROMS,1998,EAKI,5.5
ROMS,1998,EAWP,8.5
ROMS,1998,EUST,4
ROMS,1998,GCFL,3.5
ROMS,1998,GHOW,0.5
ROMS,1998,HOWR,14.5
ROMS,1998,NOFL,2
ROMS,1998,RBWO,1
ROMS,1998,REVI,2
ROMS,1998,RTHU,1
ROMS,1998,RWBL,5.5
ROMS,1998,SOSP,5.5
ROMS,1998,TRES,7
ROMS,1998,WAVI,6
ROMS,1998,WBNU,1
ROMS,1998,YWAR,8
ROMS,1999,AMWO,1
ROMS,1999,BAOR,10.5
ROMS,1999,BCCH,1
ROMS,1999,BGGN,1
ROMS,1999,BHCO,1
ROMS,1999,BLJA,2
ROMS,1999,COGR,2
ROMS,1999,COYE,4.5
ROMS,1999,EAKI,6
ROMS,1999,EATO,2
ROMS,1999,EAWP,10
ROMS,1999,EUST,4
ROMS,1999,GCFL,3
ROMS,1999,HOWR,14
ROMS,1999,NOFL,1
ROMS,1999,RBWO,1
ROMS,1999,REVI,2
ROMS,1999,RWBL,8
ROMS,1999,SOSP,7
ROMS,1999,TRES,8
ROMS,1999,WAVI,6
ROMS,1999,YWAR,5
ROMS,2004,AMRO,4
ROMS,2004,BAOR,9
ROMS,2004,BCCH,3.5
ROMS,2004,BGGN,1
ROMS,2004,BHCO,2
ROMS,2004,BLJA,3.5
ROMS,2004,COGR,3
ROMS,2004,COYE,14
ROMS,2004,CSWA,1
ROMS,2004,DOWO,1.5
ROMS,2004,EAKI,7
ROMS,2004,EATO,2
ROMS,2004,EAWP,10.5
ROMS,2004,EUST,5
ROMS,2004,FISP,4
ROMS,2004,GCFL,3
ROMS,2004,GRCA,8
ROMS,2004,HAWO,1
ROMS,2004,HOWR,18.5
ROMS,2004,INBU,6
ROMS,2004,NOCA,2
ROMS,2004,NOFL,3
ROMS,2004,RBWO,2
ROMS,2004,REVI,3
ROMS,2004,RTHU,1
ROMS,2004,RWBL,10
ROMS,2004,SOSP,11.5
ROMS,2004,TRES,12
ROMS,2004,WAVI,7
ROMS,2004,WBNU,3
ROMS,2004,YBCU,1
ROMS,2004,YWAR,12
ROMS,2005,AMRO,3
ROMS,2005,AMWO,1
ROMS,2005,BAOR,8.5
ROMS,2005,BCCH,3
ROMS,2005,BGGN,1
ROMS,2005,BHCO,5
ROMS,2005,BLJA,3
ROMS,2005,CHSW,1
ROMS,2005,COGR,3
ROMS,2005,COYE,7.5
ROMS,2005,DOWO,4
ROMS,2005,EAKI,6
ROMS,2005,EATO,2
ROMS,2005,EAWP,11.5
ROMS,2005,EUST,2
ROMS,2005,FISP,5
ROMS,2005,GCFL,3
ROMS,2005,GRCA,8
ROMS,2005,HOWR,18.5
ROMS,2005,INBU,3
ROMS,2005,MODO,5
ROMS,2005,NOCA,2
ROMS,2005,NOFL,1.5
ROMS,2005,RBWO,2
ROMS,2005,RWBL,12
ROMS,2005,SOSP,10.5
ROMS,2005,TRES,7
ROMS,2005,WAVI,6.5
ROMS,2005,WISN,0.5
ROMS,2005,YBCU,1
ROMS,2005,YWAR,16.5
ROMS,2009,AMRO,3
ROMS,2009,BAOR,6
ROMS,2009,BCCH,1
ROMS,2009,BHCO,2
ROMS,2009,BLJA,1
ROMS,2009,CEDW,1
ROMS,2009,CHSW,1
ROMS,2009,COGR,2
ROMS,2009,COYE,5
ROMS,2009,EAKI,2.5
ROMS,2009,EATO,1
ROMS,2009,EAWP,5
ROMS,2009,EUST,1
ROMS,2009,GRCA,6.5
ROMS,2009,HOWR,11
ROMS,2009,NOFL,1
ROMS,2009,NSWO,0.25
ROMS,2009,REVI,1
ROMS,2009,RTHU,2
ROMS,2009,RWBL,9.5
ROMS,2009,SOSP,6.5
ROMS,2009,TRES,5
ROMS,2009,WBNU,1
ROMS,2009,YWAR,15
ROMS,2010,AMRO,2
ROMS,2010,BAOR,3
ROMS,2010,BCCH,2
ROMS,2010,BGGN,1
ROMS,2010,BHCO,2
ROMS,2010,BLJA,2
ROMS,2010,COYE,6
ROMS,2010,DOWO,4
ROMS,2010,EAKI,3
ROMS,2010,EATO,2
ROMS,2010,EAWP,6
ROMS,2010,EUST,4
ROMS,2010,FISP,1
ROMS,2010,GCFL,4
ROMS,2010,GRCA,4
ROMS,2010,HOWR,12
ROMS,2010,NOCA,1.5
ROMS,2010,NOFL,2
ROMS,2010,REVI,1
ROMS,2010,RWBL,9.5
ROMS,2010,SOSP,9.5
ROMS,2010,SWSP,0.25
ROMS,2010,TRES,6
ROMS,2010,WAVI,6
ROMS,2010,WBNU,1
ROMS,2010,WIFL,0.5
ROMS,2010,YWAR,16
ROMS,2016,AMRE,0.5
ROMS,2016,AMRO,3
ROMS,2016,AMWO,1
ROMS,2016,BAOR,5
ROMS,2016,BCCH,3
ROMS,2016,BGGN,1.5
ROMS,2016,BHCO,3
ROMS,2016,BLJA,1
ROMS,2016,CHSW,1
ROMS,2016,COGR,2
ROMS,2016,COYE,10
ROMS,2016,DOWO,2
ROMS,2016,EAKI,5
ROMS,2016,EATO,1
ROMS,2016,EAWP,10
ROMS,2016,EUST,1
ROMS,2016,EWPW,2
ROMS,2016,GCFL,2
ROMS,2016,GRCA,7
ROMS,2016,HOWR,11.5
ROMS,2016,INBU,6
ROMS,2016,MODO,2
ROMS,2016,NOCA,2
ROMS,2016,NOFL,2
ROMS,2016,OROR,1
ROMS,2016,RBWO,2
ROMS,2016,REVI,9
ROMS,2016,RTHU,0.25
ROMS,2016,RWBL,15
ROMS,2016,SOSP,5
ROMS,2016,TRES,2
ROMS,2016,WAVI,9
ROMS,2016,WBNU,1
ROMS,2016,YBCU,2
ROMS,2016,YWAR,35
ROMS,2018,AMRE,2.5
ROMS,2018,AMRO,1
ROMS,2018,AMWO,1
ROMS,2018,BAOR,7
ROMS,2018,BCCH,1
ROMS,2018,BGGN,4
ROMS,2018,BHCO,2
ROMS,2018,CHSW,2
ROMS,2018,COGR,1
ROMS,2018,COYE,11.5
ROMS,2018,DOWO,2
ROMS,2018,EABL,0.5
ROMS,2018,EAKI,6
ROMS,2018,EAWP,8.5
ROMS,2018,EUST,4
ROMS,2018,EWPW,1.5
ROMS,2018,GCFL,2
ROMS,2018,GRCA,11
ROMS,2018,HOWR,16
ROMS,2018,INBU,3
ROMS,2018,MODO,2
ROMS,2018,NOCA,2
ROMS,2018,NOFL,3
ROMS,2018,OROR,1
ROMS,2018,RBWO,2
ROMS,2018,REVI,15
ROMS,2018,RHWO,1
ROMS,2018,RTHA,1
ROMS,2018,RWBL,15
ROMS,2018,SOSP,7
ROMS,2018,TRES,4
ROMS,2018,WAVI,10
ROMS,2018,WBNU,2
ROMS,2018,WIFL,0.5
ROMS,2018,WITU,0.25
ROMS,2018,YBCU,2
ROMS,2018,YTVI,1
ROMS,2018,YWAR,37.5
ROMS,2019,AMRE,3
ROMS,2019,AMRO,2
ROMS,2019,BAOR,5.5
ROMS,2019,BCCH,2
ROMS,2019,BGGN,4
ROMS,2019,BHCO,1
ROMS,2019,BLJA,1
ROMS,2019,CHSW,0.25
ROMS,2019,COGR,2
ROMS,2019,COYE,10
ROMS,2019,DOWO,1
ROMS,2019,EAKI,6.5
ROMS,2019,EAWP,6
ROMS,2019,EUST,5
ROMS,2019,EWPW,1
ROMS,2019,GCFL,3
ROMS,2019,GRCA,9
ROMS,2019,HAWO,1
ROMS,2019,HOWR,17.5
ROMS,2019,INBU,3
ROMS,2019,MODO,1
ROMS,2019,NOCA,1
ROMS,2019,NOFL,2
ROMS,2019,OROR,1
ROMS,2019,RBWO,1
ROMS,2019,REVI,11.5
ROMS,2019,RTHU,0.25
ROMS,2019,RWBL,16
ROMS,2019,SOSP,7
ROMS,2019,TRES,5
ROMS,2019,WAVI,12.5
ROMS,2019,WBNU,1
ROMS,2019,YWAR,41
ROMS,2021,AMRE,1
ROMS,2021,AMRO,3
ROMS,2021,AMWO,1
ROMS,2021,BAEA,1
ROMS,2021,BAOR,7.5
ROMS,2021,BCCH,2
ROMS,2021,BGGN,4
ROMS,2021,BHCO,2
ROMS,2021,BLJA,3
ROMS,2021,CHSW,0.25
ROMS,2021,COGR,3
ROMS,2021,CONI,0.25
ROMS,2021,COYE,8
ROMS,2021,DOWO,2
ROMS,2021,EAKI,7
ROMS,2021,EASO,2
ROMS,2021,EAWP,12
ROMS,2021,EUST,2
ROMS,2021,GCFL,3
ROMS,2021,GRCA,10
ROMS,2021,HOWR,27.5
ROMS,2021,MODO,0.5
ROMS,2021,NOCA,1
ROMS,2021,NOFL,2
ROMS,2021,RBWO,1.5
ROMS,2021,REVI,14
ROMS,2021,RTHA,0.5
ROMS,2021,RTHU,1
ROMS,2021,RWBL,31.5
ROMS,2021,SOSP,1
ROMS,2021,TRES,10
ROMS,2021,VIRA,1
ROMS,2021,WAVI,15
ROMS,2021,YBCU,2
ROMS,2021,YWAR,47
ROWB,1991,AMGO,0.5
ROWB,1991,AMRO,2.5
ROWB,1991,BAOR,4
ROWB,1991,BGGN,1
ROWB,1991,BHCO,1
ROWB,1991,BLJA,1
ROWB,1991,BTNW,0.25
ROWB,1991,CHSP,1
ROWB,1991,COGR,2
ROWB,1991,COYE,4
ROWB,1991,DOWO,1
ROWB,1991,EAKI,2
ROWB,1991,EAWP,3
ROWB,1991,EUST,1
ROWB,1991,EWPW,1
ROWB,1991,GCFL,3
ROWB,1991,HOWR,11
ROWB,1991,MODO,1
ROWB,1991,NOFL,2
ROWB,1991,RHWO,2
ROWB,1991,RWBL,10
ROWB,1991,SOSP,3
ROWB,1991,TRES,9
ROWB,1991,WAVI,1
ROWB,1991,YWAR,2.5
ROWB,1994,AMRE,1
ROWB,1994,AMRO,3
ROWB,1994,BAOR,6
ROWB,1994,BCCH,1
ROWB,1994,BGGN,1.5
ROWB,1994,BLJA,1
ROWB,1994,CHSP,1
ROWB,1994,COGR,2
ROWB,1994,COYE,4.5
ROWB,1994,DOWO,2
ROWB,1994,EAKI,2
ROWB,1994,EAWP,10
ROWB,1994,EUST,4
ROWB,1994,EWPW,2
ROWB,1994,GCFL,2
ROWB,1994,GRCA,3
ROWB,1994,HOWR,12
ROWB,1994,MODO,3
ROWB,1994,NOFL,2
ROWB,1994,RBWO,0.5
ROWB,1994,REVI,4
ROWB,1994,RTHU,1
ROWB,1994,RWBL,16.5
ROWB,1994,SOSP,3
ROWB,1994,TRES,11
ROWB,1994,WAVI,5.5
ROWB,1994,YBCU,2
ROWB,1994,YWAR,7.5
ROWB,1997,AMRE,2
ROWB,1997,AMRO,1
ROWB,1997,BAOR,11
ROWB,1997,BCCH,2
ROWB,1997,BGGN,2
ROWB,1997,BLJA,2
ROWB,1997,CHSP,3
ROWB,1997,COGR,1
ROWB,1997,COYE,6
ROWB,1997,DOWO,1
ROWB,1997,EAKI,3.5
ROWB,1997,EATO,0.25
ROWB,1997,EAWP,8
ROWB,1997,EUST,4
ROWB,1997,EWPW,1
ROWB,1997,GCFL,2
ROWB,1997,GRCA,2.5
ROWB,1997,HOWR,12
ROWB,1997,MODO,1.5
ROWB,1997,NOCA,1
ROWB,1997,NOFL,3
ROWB,1997,RBWO,0.25
ROWB,1997,REVI,5
ROWB,1997,RTHA,1
ROWB,1997,RTHU,1
ROWB,1997,RWBL,13
ROWB,1997,SOSP,1
ROWB,1997,TRES,14
ROWB,1997,WAVI,3
ROWB,1997,YBCU,2
ROWB,1997,YWAR,7.5
ROWB,2002,AMRO,1
ROWB,2002,BAOR,4
ROWB,2002,BCCH,1
ROWB,2002,BGGN,1
ROWB,2002,BHCO,1
ROWB,2002,CHSP,1
ROWB,2002,COGR,2
ROWB,2002,COYE,4
ROWB,2002,DOWO,1
ROWB,2002,EAKI,3
ROWB,2002,EATO,1
ROWB,2002,EAWP,3
ROWB,2002,EUST,2
ROWB,2002,EWPW,4
ROWB,2002,GCFL,2
ROWB,2002,GRCA,5
ROWB,2002,HOME,1
ROWB,2002,HOWR,10.5
ROWB,2002,NOCA,1
ROWB,2002,NOFL,1
ROWB,2002,REVI,1
ROWB,2002,RWBL,12
ROWB,2002,SOSP,3
ROWB,2002,TRES,8
ROWB,2002,WAVI,1
ROWB,2002,YBCU,1
ROWB,2002,YWAR,7
ROWB,2008,AMRO,1
ROWB,2008,AMWO,1
ROWB,2008,BAOR,6
ROWB,2008,BCCH,1
ROWB,2008,BHCO,1
ROWB,2008,BLJA,3
ROWB,2008,COGR,1
ROWB,2008,COYE,5
ROWB,2008,DOWO,1
ROWB,2008,EAKI,1.5
ROWB,2008,EATO,0.5
ROWB,2008,EAWP,3
ROWB,2008,EWPW,1
ROWB,2008,FISP,1.5
ROWB,2008,GCFL,3
ROWB,2008,GRCA,4
ROWB,2008,HAWO,1
ROWB,2008,HOWR,10
ROWB,2008,INBU,1
ROWB,2008,MODO,1
ROWB,2008,NOFL,0.5
ROWB,2008,RBWO,2
ROWB,2008,REVI,2
ROWB,2008,RTHA,1
ROWB,2008,RWBL,5
ROWB,2008,TRES,3
ROWB,2008,YBCU,1
ROWB,2008,YWAR,12
ROWB,2013,AMRO,2
ROWB,2013,BAOR,3
ROWB,2013,BCCH,3
ROWB,2013,BHCO,2
ROWB,2013,BLJA,2
ROWB,2013,BRTH,1
ROWB,2013,CHSP,1
ROWB,2013,COGR,1
ROWB,2013,COYE,9
ROWB,2013,DOWO,2
ROWB,2013,EAKI,0.25
ROWB,2013,EASO,1
ROWB,2013,EATO,2
ROWB,2013,EAWP,5
ROWB,2013,EUST,1
ROWB,2013,EWPW,3
ROWB,2013,GCFL,5
ROWB,2013,GRCA,6.5
ROWB,2013,HOWR,8
ROWB,2013,MODO,2
ROWB,2013,NOCA,3
ROWB,2013,NOFL,2
ROWB,2013,REVI,4
ROWB,2013,RTHA,0.5
ROWB,2013,RWBL,7
ROWB,2013,TRES,4
ROWB,2013,WODU,1
ROWB,2013,YWAR,9
ROWB,2016,AMRE,0.25
ROWB,2016,AMRO,2
ROWB,2016,BAOR,5
ROWB,2016,BCCH,2
ROWB,2016,BLJA,2
ROWB,2016,BRTH,1
ROWB,2016,CHSP,0.25
ROWB,2016,COGR,2
ROWB,2016,COYE,9
ROWB,2016,EAKI,3
ROWB,2016,EATO,2
ROWB,2016,EAWP,4.5
ROWB,2016,EUST,1
ROWB,2016,EWPW,1
ROWB,2016,GCFL,4
ROWB,2016,GRCA,4
ROWB,2016,HOWR,7
ROWB,2016,MODO,3
ROWB,2016,NOFL,3
ROWB,2016,REVI,6
ROWB,2016,RWBL,8.5
ROWB,2016,SWSP,1.5
ROWB,2016,TRES,3
ROWB,2016,WAVI,4
ROWB,2016,YBCU,2
ROWB,2016,YWAR,11
ROWB,2017,AMWO,2
ROWB,2017,BAOR,3
ROWB,2017,BCCH,2
ROWB,2017,BRTH,1
ROWB,2017,COYE,5
ROWB,2017,EATO,2
ROWB,2017,EAWP,3
ROWB,2017,EUST,1
ROWB,2017,EWPW,4
ROWB,2017,GCFL,2
ROWB,2017,GRCA,2
ROWB,2017,HOWR,6
ROWB,2017,LEFL,2
ROWB,2017,MODO,1
ROWB,2017,NOFL,1
ROWB,2017,RBWO,1
ROWB,2017,REVI,2.5
ROWB,2017,RWBL,5
ROWB,2017,TRES,2
ROWB,2017,YBCU,2
ROWB,2017,YWAR,19
ROWB,2019,AMRE,4
ROWB,2019,AMRO,2.5
ROWB,2019,BAOR,3
ROWB,2019,BCCH,3
ROWB,2019,BGGN,1
ROWB,2019,BLJA,2
ROWB,2019,BRTH,2
ROWB,2019,CHSP,1
ROWB,2019,COGR,1
ROWB,2019,COYE,5.5
ROWB,2019,DOWO,1
ROWB,2019,EAKI,1
ROWB,2019,EATO,2
ROWB,2019,EAWP,4
ROWB,2019,EUST,1
ROWB,2019,EWPW,5
ROWB,2019,GCFL,2
ROWB,2019,GRCA,3
ROWB,2019,HOWR,8
ROWB,2019,MODO,3
ROWB,2019,NOFL,1
ROWB,2019,RBWO,2
ROWB,2019,REVI,6
ROWB,2019,RWBL,10.5
ROWB,2019,YBCU,2
ROWB,2019,YWAR,11.5
ROWB,2021,AMRE,3
ROWB,2021,AMRO,3
ROWB,2021,BAEA,1
ROWB,2021,BAOR,3
ROWB,2021,BCCH,1
ROWB,2021,BHCO,1
ROWB,2021,BLJA,2
ROWB,2021,BRTH,0.25
ROWB,2021,CHSW,1
ROWB,2021,COGR,2
ROWB,2021,COYE,10.5
ROWB,2021,DOWO,1
ROWB,2021,EAKI,2
ROWB,2021,EASO,1
ROWB,2021,EATO,1
ROWB,2021,EAWP,4
ROWB,2021,EUST,2
ROWB,2021,EWPW,2
ROWB,2021,GCFL,2
ROWB,2021,GRCA,4
ROWB,2021,HOWR,10
ROWB,2021,INBU,2
ROWB,2021,MODO,4
ROWB,2021,NOFL,1
ROWB,2021,RBWO,1.5
ROWB,2021,REVI,8.5
ROWB,2021,RWBL,10
ROWB,2021,SCTA,1
ROWB,2021,SWSP,1
ROWB,2021,TRES,4
ROWB,2021,WBNU,0.25
ROWB,2021,WITU,1
ROWB,2021,YBCU,3
ROWB,2021,YWAR,8.5
ROWP,1991,ABDU,1
ROWP,1991,AMGO,2
ROWP,1991,AMRO,2
ROWP,1991,BAOR,3
ROWP,1991,CAGO,1
ROWP,1991,CEDW,1
ROWP,1991,COGR,2
ROWP,1991,COYE,0.5
ROWP,1991,EAKI,3
ROWP,1991,EAWP,3
ROWP,1991,EUST,3
ROWP,1991,HOWR,5
ROWP,1991,MALL,1
ROWP,1991,MAWR,4
ROWP,1991,PROW,1
ROWP,1991,REVI,1
ROWP,1991,RWBL,23
ROWP,1991,SOSP,16
ROWP,1991,TRES,8.5
ROWP,1991,YWAR,2.5
ROWP,1994,AMRO,1
ROWP,1994,BAOR,5
ROWP,1994,COGR,4
ROWP,1994,COYE,3
ROWP,1994,DOWO,1
ROWP,1994,EAKI,3
ROWP,1994,EAWP,6
ROWP,1994,EUST,5
ROWP,1994,GHOW,1
ROWP,1994,HOWR,1
ROWP,1994,MAWR,2
ROWP,1994,MODO,0.5
ROWP,1994,NOFL,2
ROWP,1994,RHWO,1
ROWP,1994,RWBL,16
ROWP,1994,SOSP,8
ROWP,1994,TRES,17
ROWP,1994,YWAR,5.5
ROWP,1997,AMRO,1.5
ROWP,1997,BAOR,5
ROWP,1997,COGR,2
ROWP,1997,COYE,5
ROWP,1997,DOWO,1
ROWP,1997,EAKI,4
ROWP,1997,EAWP,6
ROWP,1997,EUST,3
ROWP,1997,GRCA,1
ROWP,1997,HOWR,1
ROWP,1997,LEBI,1
ROWP,1997,MODO,1
ROWP,1997,NOCA,2
ROWP,1997,REVI,2
ROWP,1997,RWBL,22
ROWP,1997,SOSP,10
ROWP,1997,TRES,14
ROWP,1997,WAVI,2
ROWP,1997,WIFL,1
ROWP,1997,YWAR,11
ROWP,2002,AMWO,1
ROWP,2002,BAOR,3
ROWP,2002,BHCO,1
ROWP,2002,CARW,2
ROWP,2002,CHSP,1
ROWP,2002,COGR,1
ROWP,2002,COYE,7.5
ROWP,2002,EAKI,3
ROWP,2002,EAWP,6
ROWP,2002,EUST,2
ROWP,2002,GRCA,3
ROWP,2002,HOWR,1
ROWP,2002,MAWR,1
ROWP,2002,NOCA,2
ROWP,2002,NOFL,1
ROWP,2002,RWBL,16
ROWP,2002,SOSP,5
ROWP,2002,TRES,6
ROWP,2002,WAVI,2
ROWP,2002,WIFL,1
ROWP,2002,WODU,1
ROWP,2002,YWAR,12
ROWP,2008,AMRO,1.5
ROWP,2008,AMWO,1
ROWP,2008,BAOR,3
ROWP,2008,CHSP,1
ROWP,2008,COYE,1
ROWP,2008,DOWO,1
ROWP,2008,EAKI,3
ROWP,2008,EAWP,5
ROWP,2008,EUST,3
ROWP,2008,EWPW,1
ROWP,2008,GRCA,4
ROWP,2008,HOWR,3
ROWP,2008,MODO,1
ROWP,2008,REVI,4
ROWP,2008,RTHU,1
ROWP,2008,RWBL,12.5
ROWP,2008,SOSP,1
ROWP,2008,TRES,3
ROWP,2008,WAVI,2
ROWP,2008,YWAR,10
ROWP,2016,AMRE,1
ROWP,2016,AMRO,2.5
ROWP,2016,AMWO,1
ROWP,2016,BAOR,3
ROWP,2016,BRTH,1
ROWP,2016,CHSP,2
ROWP,2016,CHSW,2
ROWP,2016,COGR,2
ROWP,2016,COYE,11
ROWP,2016,CSWA,1
ROWP,2016,EAKI,4
ROWP,2016,EATO,1
ROWP,2016,EAWP,5
ROWP,2016,EUST,2
ROWP,2016,GRCA,5
ROWP,2016,HOWR,3
ROWP,2016,LEBI,0.5
ROWP,2016,MODO,3
ROWP,2016,NOFL,2
ROWP,2016,OROR,1
ROWP,2016,REVI,1
ROWP,2016,RTHU,1
ROWP,2016,RWBL,22
ROWP,2016,SOSP,2.5
ROWP,2016,SWSP,0.5
ROWP,2016,TRES,2
ROWP,2016,WAVI,6
ROWP,2016,YBCU,1
ROWP,2016,YWAR,21
ROWP,2017,AMRE,1
ROWP,2017,AMRO,2
ROWP,2017,BAOR,2
ROWP,2017,BCCH,1
ROWP,2017,BLJA,1
ROWP,2017,BRTH,1
ROWP,2017,CARW,1
ROWP,2017,CEDW,2
ROWP,2017,CHSP,1
ROWP,2017,CHSW,1
ROWP,2017,COGR,3
ROWP,2017,COYE,11
ROWP,2017,DOWO,1
ROWP,2017,EAKI,5
ROWP,2017,EASO,1
ROWP,2017,EATO,2
ROWP,2017,EAWP,8
ROWP,2017,EUST,5
ROWP,2017,GCFL,2
ROWP,2017,GRCA,6
ROWP,2017,HOWR,3
ROWP,2017,LEFL,1
ROWP,2017,MAWR,6
ROWP,2017,MODO,2
ROWP,2017,NOCA,1
ROWP,2017,NOFL,1
ROWP,2017,REVI,4
ROWP,2017,RTHU,1
ROWP,2017,RWBL,18
ROWP,2017,SOSP,2
ROWP,2017,SWSP,4
ROWP,2017,TRES,5
ROWP,2017,WAVI,9
ROWP,2017,WODU,1
ROWP,2017,YWAR,25
ROWP,2019,AMRO,2
ROWP,2019,AMWO,2
ROWP,2019,BAOR,2
ROWP,2019,BCCH,2
ROWP,2019,COGR,5
ROWP,2019,COYE,7
ROWP,2019,DOWO,1
ROWP,2019,EAKI,6.5
ROWP,2019,EATO,1
ROWP,2019,EAWP,5
ROWP,2019,EUST,4
ROWP,2019,GRCA,7
ROWP,2019,HOWR,1
ROWP,2019,LEBI,1
ROWP,2019,MAWR,1.5
ROWP,2019,MODO,4
ROWP,2019,NOCA,1
ROWP,2019,NOFL,1
ROWP,2019,REVI,7
ROWP,2019,RTHU,1
ROWP,2019,RWBL,25
ROWP,2019,SOSP,6
ROWP,2019,TRES,4
ROWP,2019,WAVI,7
ROWP,2019,WODU,3
ROWP,2019,YWAR,23
ROWP,2021,AMCR,1
ROWP,2021,AMRE,1
ROWP,2021,AMRO,1
ROWP,2021,AMWO,2
ROWP,2021,BAEA,1
ROWP,2021,BAOR,2
ROWP,2021,BCCH,1
ROWP,2021,BEKI,0.25
ROWP,2021,CEDW,1
ROWP,2021,CHSW,1
ROWP,2021,COGR,3
ROWP,2021,COYE,10
ROWP,2021,EAKI,5.5
ROWP,2021,EASO,1
ROWP,2021,EAWP,3
ROWP,2021,EUST,2
ROWP,2021,GRCA,5
ROWP,2021,GRHE,1
ROWP,2021,HOWR,4.5
ROWP,2021,MAWR,3
ROWP,2021,MODO,4
ROWP,2021,NOCA,2
ROWP,2021,OROR,2
ROWP,2021,REVI,2
ROWP,2021,RTHU,1
ROWP,2021,RWBL,28
ROWP,2021,TRES,3
ROWP,2021,WAVI,7
ROWP,2021,WIFL,0.25
ROWP,2021,WODU,1
ROWP,2021,YBCU,2
ROWP,2021,YWAR,24
SRS1,1991,EABL,0.5
SRS1,1991,EAKI,1
SRS1,1991,KILL,2.5
SRS1,1991,RWBL,2.5
SRS1,1991,SPSA,3.5
SRS1,1993,EAKI,1.5
SRS1,1993,KILL,1
SRS1,1993,RWBL,3.5
SRS1,1993,SPSA,1
SRS1,1997,EAKI,0.5
SRS1,1997,KILL,1
SRS1,1997,RWBL,5
SRS1,1997,SOSP,1
SRS1,1997,SPSA,0.5
SRS1,2002,CHSP,0.5
SRS1,2002,EAKI,2
SRS1,2002,KILL,2
SRS1,2002,RWBL,5
SRS1,2007,CEDW,0.25
SRS1,2007,CHSP,5.5
SRS1,2007,EAKI,1
SRS1,2007,FISP,3
SRS1,2007,KILL,2.5
SRS1,2007,NOMO,1
SRS1,2007,RWBL,5
SRS1,2007,SOSP,3.5
SRS1,2007,SPSA,1
SRS1,2007,YWAR,0.25
SRS1,2010,CHSP,2.5
SRS1,2010,EAKI,0.25
SRS1,2010,EWPW,0.5
SRS1,2010,FISP,8
SRS1,2010,KILL,2
SRS1,2010,MALL,1
SRS1,2010,RWBL,12
SRS1,2010,WISN,1
SRS1,2013,CHSP,3.5
SRS1,2013,FISP,5
SRS1,2013,KILL,1
SRS1,2013,MAWR,2
SRS1,2013,RWBL,15
SRS1,2013,SOSP,2
SRS1,2013,WISN,1
SRS1,2013,YWAR,1.5
SRS1,2016,AMRO,1
SRS1,2016,BRTH,1
SRS1,2016,CHSP,4
SRS1,2016,EAKI,1
SRS1,2016,FISP,2.5
SRS1,2016,KILL,1
SRS1,2016,NOFL,0.25
SRS1,2016,RWBL,10
SRS1,2016,SOSP,3
SRS1,2016,YWAR,2
SRS1,2021,AMBI,1
SRS1,2021,AMRO,0.5
SRS1,2021,BRTH,2
SRS1,2021,CHSP,4
SRS1,2021,COGR,1
SRS1,2021,EAKI,1
SRS1,2021,FISP,6
SRS1,2021,HOWR,2
SRS1,2021,KILL,0.5
SRS1,2021,MALL,1.5
SRS1,2021,RWBL,26
SRS1,2021,TRES,0.25
SRS1,2021,YWAR,5.5
SRS2,1991,BHCO,0.25
SRS2,1991,CHSP,1
SRS2,1991,EAKI,0.5
SRS2,1991,KILL,2.5
SRS2,1991,RWBL,2
SRS2,1991,SPSA,1.5
SRS2,1993,CHSP,1
SRS2,1993,KILL,1
SRS2,1993,RWBL,0.5
SRS2,1993,SOSP,2
SRS2,1997,EAKI,0.5
SRS2,1997,RWBL,2
SRS2,1997,SOSP,2.5
SRS2,1997,TRES,2
SRS2,2002,CHSP,0.5
SRS2,2002,EAKI,1
SRS2,2002,KILL,3
SRS2,2002,RWBL,3
SRS2,2002,SPSA,2
SRS2,2007,AMRO,0.5
SRS2,2007,CHSP,4
SRS2,2007,FISP,0.25
SRS2,2007,KILL,2
SRS2,2007,RWBL,5
SRS2,2007,SOSP,4.5
SRS2,2007,SPSA,0.5
SRS2,2007,TRES,1
SRS2,2007,WIFL,0.25
SRS2,2010,EAKI,0.25
SRS2,2010,KILL,1
SRS2,2010,RWBL,7
SRS2,2010,WISN,1
SRS2,2013,CHSP,2
SRS2,2013,FISP,1
SRS2,2013,RWBL,10
SRS2,2013,SOSP,1.5
SRS2,2013,YWAR,1
SRS2,2016,CHSP,2
SRS2,2016,COYE,0.25
SRS2,2016,EAKI,1
SRS2,2016,EATO,0.5
SRS2,2016,FISP,1
SRS2,2016,KILL,3
SRS2,2016,RWBL,5
SRS2,2016,SOSP,1
SRS2,2016,WISN,0.5
SRS2,2016,YWAR,2.5
SRS2,2021,AMBI,0.5
SRS2,2021,BRTH,0.25
SRS2,2021,CHSP,2
SRS2,2021,COYE,2
SRS2,2021,EAKI,1.5
SRS2,2021,FISP,2.5
SRS2,2021,HOWR,0.5
SRS2,2021,MAWR,0.5
SRS2,2021,RWBL,13
SRS2,2021,SOSP,2.5
SRS2,2021,YWAR,6
STDP,1991,BAOR,1
STDP,1991,BCCH,1
STDP,1991,COGR,1
STDP,1991,COYE,4
STDP,1991,EAKI,3.5
STDP,1991,HOWR,0.5
STDP,1991,RWBL,30
STDP,1991,SOSP,9
STDP,1991,TRES,4
STDP,1991,YWAR,4.5
STDP,1993,BAOR,2
STDP,1993,CEDW,1
STDP,1993,COGR,2
STDP,1993,COYE,6
STDP,1993,EAKI,4
STDP,1993,FISP,0.25
STDP,1993,HOWR,1.5
STDP,1993,MODO,2
STDP,1993,RWBL,41
STDP,1993,SOSP,8.5
STDP,1993,TRES,5.5
STDP,1993,YWAR,2
STDP,1998,BAOR,1.5
STDP,1998,COGR,1
STDP,1998,COYE,8
STDP,1998,EAKI,2
STDP,1998,GCFL,0.5
STDP,1998,MODO,1
STDP,1998,RWBL,24.5
STDP,1998,SOSP,9
STDP,1998,TRES,4.5
STDP,1998,WAVI,1
STDP,1998,YWAR,9
STDP,2003,BAOR,2
STDP,2003,BRTH,0.25
STDP,2003,CEDW,1
STDP,2003,CHSP,1.5
STDP,2003,COYE,7.5
STDP,2003,EAKI,5
STDP,2003,EAWP,1
STDP,2003,EWPW,0.25
STDP,2003,FISP,1
STDP,2003,GRCA,0.25
STDP,2003,MALL,1
STDP,2003,RWBL,31
STDP,2003,SORA,1
STDP,2003,SOSP,3.5
STDP,2003,SWSP,2
STDP,2003,TRES,2
STDP,2003,YWAR,8
STDP,2006,AMRO,1.5
STDP,2006,BAOR,3.5
STDP,2006,BCCH,1
STDP,2006,CHSP,3
STDP,2006,COGR,1
STDP,2006,COYE,11
STDP,2006,EAKI,5
STDP,2006,EATO,2
STDP,2006,EAWP,1.5
STDP,2006,EWPW,0.25
STDP,2006,FISP,2
STDP,2006,GCFL,0.5
STDP,2006,HOME,1
STDP,2006,HOWR,5
STDP,2006,LEFL,1
STDP,2006,MODO,2.5
STDP,2006,NRWS,0.5
STDP,2006,PBGR,1
STDP,2006,REVI,1.5
STDP,2006,RWBL,30
STDP,2006,SOSP,9.5
STDP,2006,SWSP,2
STDP,2006,TRES,2.5
STDP,2006,WAVI,1
STDP,2006,YWAR,15.5
STDP,2009,AMRO,0.25
STDP,2009,BAOR,0.25
STDP,2009,CEDW,5
STDP,2009,CHSP,0.5
STDP,2009,COYE,5
STDP,2009,EAKI,5
STDP,2009,EATO,0.5
STDP,2009,EWPW,0.5
STDP,2009,FISP,1.5
STDP,2009,GCFL,0.25
STDP,2009,GRCA,2
STDP,2009,HOME,1
STDP,2009,HOWR,1
STDP,2009,MODO,0.25
STDP,2009,RWBL,29
STDP,2009,SOSP,6
STDP,2009,SWSP,0.5
STDP,2009,YWAR,9
STDP,2011,AMGO,1
STDP,2011,AMRO,2
STDP,2011,BAOR,2
STDP,2011,BBCU,1
STDP,2011,BRTH,1
STDP,2011,CEDW,1
STDP,2011,COYE,6
STDP,2011,EAKI,3.5
STDP,2011,EATO,1
STDP,2011,EAWP,0.5
STDP,2011,EWPW,2
STDP,2011,FISP,2
STDP,2011,GCFL,1
STDP,2011,GRCA,1
STDP,2011,HOME,1
STDP,2011,HOWR,3
STDP,2011,LEFL,1
STDP,2011,MODO,0.5
STDP,2011,PBGR,2
STDP,2011,RWBL,29
STDP,2011,SOSP,6.5
STDP,2011,WAVI,1
STDP,2011,YWAR,15
STDP,2016,BAOR,1
STDP,2016,BCCH,1
STDP,2016,CHSP,2.5
STDP,2016,COYE,13.5
STDP,2016,EAKI,4
STDP,2016,EATO,1
STDP,2016,FISP,2
STDP,2016,HOME,1
STDP,2016,HOWR,2
STDP,2016,MODO,2
STDP,2016,PBGR,1
STDP,2016,RWBL,32
STDP,2016,SOSP,5
STDP,2016,SWSP,2
STDP,2016,TRES,1
STDP,2016,YWAR,17.5
STDP,2018,AMGO,1
STDP,2018,AMRO,2
STDP,2018,BAOR,3
STDP,2018,BCCH,1
STDP,2018,BLJA,0.5
STDP,2018,BRTH,4
STDP,2018,CHSP,5
STDP,2018,COGR,1
STDP,2018,COYE,14
STDP,2018,EAKI,3
STDP,2018,EATO,7
STDP,2018,FISP,5
STDP,2018,GCFL,0.25
STDP,2018,HOME,1
STDP,2018,HOWR,4
STDP,2018,MAWR,1
STDP,2018,MODO,4
STDP,2018,NOFL,1
STDP,2018,OROR,2
STDP,2018,PBGR,2
STDP,2018,RWBL,16
STDP,2018,SOSP,9
STDP,2018,TRES,3
STDP,2018,VIRA,1
STDP,2018,WAVI,2
STDP,2018,YBCU,1
STDP,2018,YWAR,17.5
STDP,2021,AMGO,1
STDP,2021,AMRO,0.25
STDP,2021,BAOR,1
STDP,2021,BCCH,2
STDP,2021,BHCO,1
STDP,2021,BLJA,0.5
STDP,2021,BRTH,2.5
STDP,2021,CEDW,1
STDP,2021,CHSP,3
STDP,2021,COGR,2
STDP,2021,COYE,15
STDP,2021,EAKI,4
STDP,2021,EATO,4.5
STDP,2021,FISP,2.5
STDP,2021,HOWR,2
STDP,2021,MALL,1
STDP,2021,MODO,1.5
STDP,2021,NOCA,0.5
STDP,2021,PBGR,2
STDP,2021,RWBL,15.5
STDP,2021,SOSP,2
STDP,2021,TRES,3
STDP,2021,YBCU,0.25
STDP,2021,YWAR,17.5
TMSL,1991,AMGO,3
TMSL,1991,AMWO,2
TMSL,1991,BAOR,2.5
TMSL,1991,BBCU,1
TMSL,1991,BCCH,4
TMSL,1991,BLJA,1
TMSL,1991,BRTH,3
TMSL,1991,CARW,3
TMSL,1991,CEDW,1
TMSL,1991,CHSP,1
TMSL,1991,COGR,6.5
TMSL,1991,COYE,10.5
TMSL,1991,EAKI,3
TMSL,1991,EATO,1
TMSL,1991,EAWP,3
TMSL,1991,FISP,1
TMSL,1991,GCFL,2
TMSL,1991,GRCA,3
TMSL,1991,HOWR,10
TMSL,1991,MALL,1
TMSL,1991,MODO,3.5
TMSL,1991,NOCA,1
TMSL,1991,NOFL,0.5
TMSL,1991,RWBL,12
TMSL,1991,SOSP,10.5
TMSL,1991,SWSP,1
TMSL,1991,TRES,2.5
TMSL,1991,YWAR,2
TMSL,1992,AMGO,1
TMSL,1992,AMWO,1
TMSL,1992,BAOR,3
TMSL,1992,BCCH,3
TMSL,1992,BHCO,1
TMSL,1992,BRTH,3
TMSL,1992,CARW,2
TMSL,1992,CEDW,1
TMSL,1992,CHSP,3
TMSL,1992,COGR,6
TMSL,1992,COYE,9
TMSL,1992,EAKI,2.5
TMSL,1992,EAPH,0.5
TMSL,1992,EATO,2
TMSL,1992,EAWP,4
TMSL,1992,EUST,1
TMSL,1992,EWPW,1
TMSL,1992,FISP,3.5
TMSL,1992,GCFL,3
TMSL,1992,GRCA,3
TMSL,1992,HOWR,8.5
TMSL,1992,INBU,1
TMSL,1992,MALL,1
TMSL,1992,MODO,3
TMSL,1992,NOCA,2
TMSL,1992,NOFL,0.5
TMSL,1992,RWBL,11.5
TMSL,1992,SOSP,8.5
TMSL,1992,SWSP,2
TMSL,1992,TRES,3
TMSL,1992,VIRA,1
TMSL,1992,WODU,1
TMSL,1992,YWAR,4.5
TMSL,1996,AMGO,1
TMSL,1996,AMRE,3
TMSL,1996,AMWO,2
TMSL,1996,BAOR,4
TMSL,1996,BCCH,1
TMSL,1996,BGGN,2
TMSL,1996,BHCO,3
TMSL,1996,BLJA,1
TMSL,1996,BRTH,3
TMSL,1996,CEDW,1
TMSL,1996,CHSP,7.5
TMSL,1996,COGR,1
TMSL,1996,COYE,15
TMSL,1996,EAKI,3
TMSL,1996,EATO,5
TMSL,1996,EAWP,6
TMSL,1996,EWPW,2
TMSL,1996,GCFL,2
TMSL,1996,GRCA,10
TMSL,1996,HOWR,13
TMSL,1996,MAWR,1
TMSL,1996,MODO,2.5
TMSL,1996,NOCA,3
TMSL,1996,REVI,3
TMSL,1996,RTHU,2
TMSL,1996,RWBL,18
TMSL,1996,SOSP,10
TMSL,1996,SWSP,2
TMSL,1996,TRES,4
TMSL,1996,WEVI,1
TMSL,1996,YWAR,17
TMSL,2000,AMRO,1
TMSL,2000,AMWO,4
TMSL,2000,BAOR,1
TMSL,2000,BCCH,2
TMSL,2000,BGGN,1
TMSL,2000,BLJA,1
TMSL,2000,BRTH,4
TMSL,2000,CARW,1
TMSL,2000,CEDW,2
TMSL,2000,CHSP,8
TMSL,2000,COGR,1
TMSL,2000,COYE,12.5
TMSL,2000,EAKI,4
TMSL,2000,EATO,1
TMSL,2000,EAWP,5
TMSL,2000,EWPW,3
TMSL,2000,GCFL,4
TMSL,2000,GRCA,9
TMSL,2000,HOWR,13
TMSL,2000,MALL,1
TMSL,2000,MAWR,1
TMSL,2000,MODO,4
TMSL,2000,NOCA,1
TMSL,2000,RTHU,1
TMSL,2000,RWBL,17.5
TMSL,2000,SOSP,8.5
TMSL,2000,SWSP,3
TMSL,2000,TRES,5
TMSL,2000,YWAR,28
TMSL,2001,AMGO,1
TMSL,2001,AMRO,2
TMSL,2001,AMWO,2
TMSL,2001,BCCH,3
TMSL,2001,BGGN,1
TMSL,2001,BHCO,2
TMSL,2001,BLJA,1
TMSL,2001,BRTH,2
TMSL,2001,CARW,1
TMSL,2001,CEDW,4
TMSL,2001,CHSP,3
TMSL,2001,COGR,4
TMSL,2001,COYE,5
TMSL,2001,EAKI,2
TMSL,2001,EATO,4
TMSL,2001,EAWP,1
TMSL,2001,EUST,1
TMSL,2001,EWPW,2
TMSL,2001,GCFL,2
TMSL,2001,GRCA,9
TMSL,2001,HOWR,6
TMSL,2001,LEFL,2
TMSL,2001,MODO,3.5
TMSL,2001,NOCA,1
TMSL,2001,NOFL,1
TMSL,2001,RWBL,14
TMSL,2001,SOSP,3
TMSL,2001,TRES,4
TMSL,2001,WEVI,1
TMSL,2001,WIFL,1
TMSL,2001,YBCU,1
TMSL,2001,YWAR,16
TMSL,2005,AMGO,1
TMSL,2005,AMRO,2
TMSL,2005,AMWO,2
TMSL,2005,BAOR,3.5
TMSL,2005,BCCH,3
TMSL,2005,BGGN,2
TMSL,2005,BHCO,3
TMSL,2005,BLJA,1
TMSL,2005,BRTH,3
TMSL,2005,CARW,2
TMSL,2005,CEDW,2
TMSL,2005,CHSP,4
TMSL,2005,COGR,4
TMSL,2005,COYE,6
TMSL,2005,CSWA,1
TMSL,2005,EAKI,3
TMSL,2005,EATO,4
TMSL,2005,EAWP,2
TMSL,2005,EWPW,2
TMSL,2005,FISP,1
TMSL,2005,GCFL,1
TMSL,2005,GRCA,7
TMSL,2005,HOWR,9
TMSL,2005,LEFL,2
TMSL,2005,MAWR,1
TMSL,2005,MODO,2
TMSL,2005,RWBL,17
TMSL,2005,SOSP,3.5
TMSL,2005,SWSP,2
TMSL,2005,TRES,3
TMSL,2005,VIRA,1
TMSL,2005,WEVI,1
TMSL,2005,YBCU,2
TMSL,2005,YWAR,35
TMSL,2009,AMRO,4
TMSL,2009,BAOR,3
TMSL,2009,BCCH,3
TMSL,2009,BGGN,3
TMSL,2009,BHCO,1
TMSL,2009,BRTH,3
TMSL,2009,CHSP,4.5
TMSL,2009,COGR,2
TMSL,2009,COYE,7
TMSL,2009,EAKI,3
TMSL,2009,EATO,5
TMSL,2009,EAWP,2
TMSL,2009,EWPW,1.5
TMSL,2009,FISP,0.5
TMSL,2009,GHOW,1
TMSL,2009,GRCA,11
TMSL,2009,HOWR,8.5
TMSL,2009,LEFL,2
TMSL,2009,MODO,2
TMSL,2009,NOCA,1
TMSL,2009,REVI,2
TMSL,2009,RWBL,13.5
TMSL,2009,SOSP,6
TMSL,2009,SWSP,1.5
TMSL,2009,TRES,7
TMSL,2009,WIFL,1
TMSL,2009,YWAR,27.5
TMSL,2012,AMGO,1
TMSL,2012,AMRO,3
TMSL,2012,AMWO,1
TMSL,2012,BAOR,2
TMSL,2012,BCCH,3
TMSL,2012,BHCO,1
TMSL,2012,BRTH,1
TMSL,2012,CEDW,1
TMSL,2012,CHSP,4
TMSL,2012,COGR,2
TMSL,2012,COYE,10
TMSL,2012,EAKI,1.5
TMSL,2012,EATO,10
TMSL,2012,EWPW,4
TMSL,2012,FISP,2
TMSL,2012,GCFL,3
TMSL,2012,GRCA,10
TMSL,2012,GRHE,0.5
TMSL,2012,HOWR,1
TMSL,2012,MAWR,2
TMSL,2012,MODO,4
TMSL,2012,NOCA,3
TMSL,2012,RBNU,1
TMSL,2012,RWBL,13
TMSL,2012,SOSP,5
TMSL,2012,SWSP,2
TMSL,2012,TRES,5
TMSL,2012,WIFL,1
TMSL,2012,WISN,0.5
TMSL,2012,YBCU,2
TMSL,2012,YWAR,20
TMSL,2016,AMCR,1
TMSL,2016,AMRE,1
TMSL,2016,AMRO,1
TMSL,2016,BCCH,4
TMSL,2016,BLJA,1
TMSL,2016,BRTH,1
TMSL,2016,CHSP,5.5
TMSL,2016,COYE,6
TMSL,2016,EAKI,3
TMSL,2016,EATO,3
TMSL,2016,EWPW,1
TMSL,2016,FISP,1
TMSL,2016,GCFL,1
TMSL,2016,GRCA,3
TMSL,2016,HOWR,4
TMSL,2016,INBU,1
TMSL,2016,MAWR,3
TMSL,2016,MODO,4
TMSL,2016,NOCA,2
TMSL,2016,REVI,2
TMSL,2016,RWBL,13
TMSL,2016,SOSP,2
TMSL,2016,SWSP,3
TMSL,2016,TRES,1
TMSL,2016,WEVI,1
TMSL,2016,YBCU,1
TMSL,2016,YWAR,28
TMSL,2017,AMRO,2
TMSL,2017,AMWO,1
TMSL,2017,BBCU,1
TMSL,2017,BCCH,2
TMSL,2017,CEDW,0.5
TMSL,2017,CHSP,2
TMSL,2017,COYE,7
TMSL,2017,EAKI,1
TMSL,2017,EATO,2
TMSL,2017,EAWP,1
TMSL,2017,EWPW,1
TMSL,2017,GCFL,0.5
TMSL,2017,GRCA,3
TMSL,2017,HOWR,1
TMSL,2017,INBU,2
TMSL,2017,MAWR,1
TMSL,2017,REVI,1
TMSL,2017,RWBL,6
TMSL,2017,SOSP,2
TMSL,2017,SWSP,1
TMSL,2017,WEVI,1
TMSL,2017,YBCU,2
TMSL,2017,YWAR,20.5
TMSL,2021,AMRO,2.5
TMSL,2021,AMWO,2
TMSL,2021,BCCH,3
TMSL,2021,BLJA,3
TMSL,2021,BRTH,0.5
TMSL,2021,CARW,2
TMSL,2021,CHSP,2.5
TMSL,2021,COGR,3.5
TMSL,2021,COYE,10
TMSL,2021,EAKI,1.5
TMSL,2021,EATO,5
TMSL,2021,FISP,0.5
TMSL,2021,GCFL,3.5
TMSL,2021,GRCA,4
TMSL,2021,GRHE,0.5
TMSL,2021,HAWO,1
TMSL,2021,HOWR,0.25
TMSL,2021,INBU,0.5
TMSL,2021,MALL,0.25
TMSL,2021,MAWR,1.5
TMSL,2021,MODO,3
TMSL,2021,NOCA,4
TMSL,2021,REVI,2
TMSL,2021,RWBL,20.5
TMSL,2021,SOSP,0.5
TMSL,2021,TRES,2
TMSL,2021,WODU,2
TMSL,2021,YBCU,3
TMSL,2021,YWAR,19
WPWC,1991,AMRO,1
WPWC,1991,BAOR,4.5
WPWC,1991,BCCH,2
WPWC,1991,BHCO,1
WPWC,1991,BLJA,1
WPWC,1991,BRTH,1.5
WPWC,1991,CAWA,1
WPWC,1991,CEDW,1
WPWC,1991,CHSP,5
WPWC,1991,COGR,0.5
WPWC,1991,COYE,8
WPWC,1991,CWWI,1
WPWC,1991,EAKI,1.5
WPWC,1991,EATO,5
WPWC,1991,EAWP,3
WPWC,1991,FISP,2.5
WPWC,1991,GCFL,2
WPWC,1991,GRCA,2
WPWC,1991,HOWR,20.5
WPWC,1991,MODO,2
WPWC,1991,NOFL,1
WPWC,1991,RWBL,4.5
WPWC,1991,SOSP,2.5
WPWC,1991,TRES,1
WPWC,1993,AMRO,0.5
WPWC,1993,BAOR,5.5
WPWC,1993,BCCH,2.5
WPWC,1993,BHCO,2
WPWC,1993,BLBW,1
WPWC,1993,BLJA,1
WPWC,1993,BRCR,1
WPWC,1993,BRTH,0.5
WPWC,1993,CARW,1
WPWC,1993,CEDW,2
WPWC,1993,CHSP,5.5
WPWC,1993,COGR,1
WPWC,1993,COYE,5.5
WPWC,1993,CWWI,1
WPWC,1993,DOWO,1
WPWC,1993,EAKI,1.5
WPWC,1993,EATO,3.5
WPWC,1993,EAWP,3
WPWC,1993,EUST,1.5
WPWC,1993,EWPW,3
WPWC,1993,FISP,3.5
WPWC,1993,GCFL,2.5
WPWC,1993,GRCA,6
WPWC,1993,HOWR,27.5
WPWC,1993,LEFL,1
WPWC,1993,MALL,0.5
WPWC,1993,MAWA,1
WPWC,1993,MODO,4
WPWC,1993,NOCA,1.5
WPWC,1993,NOFL,1
WPWC,1993,RBNU,1
WPWC,1993,REVI,1
WPWC,1993,RWBL,3
WPWC,1993,SOSP,5
WPWC,1993,TRES,4.5
WPWC,1993,WEVI,1
WPWC,1993,YBCU,1
WPWC,1993,YWAR,0.5
WPWC,1995,AMGO,1
WPWC,1995,AMRO,2
WPWC,1995,BAOR,5.5
WPWC,1995,BCCH,2
WPWC,1995,BHCO,4
WPWC,1995,BLJA,3
WPWC,1995,BRTH,1
WPWC,1995,CARW,1
WPWC,1995,CHSP,6.5
WPWC,1995,COGR,3
WPWC,1995,COYE,4
WPWC,1995,CWWI,1
WPWC,1995,EAKI,3
WPWC,1995,EATO,6
WPWC,1995,EAWP,3
WPWC,1995,EWPW,2
WPWC,1995,FISP,1
WPWC,1995,GCFL,3
WPWC,1995,GRCA,4
WPWC,1995,HOWR,22.5
WPWC,1995,MODO,2
WPWC,1995,NOCA,3
WPWC,1995,NOFL,0.5
WPWC,1995,RWBL,3.5
WPWC,1995,SOSP,9
WPWC,1995,TRES,2
WPWC,1995,WEVI,1
WPWC,1995,YWAR,2
WPWC,1998,AMRO,2
WPWC,1998,BAOR,2.5
WPWC,1998,BCCH,1
WPWC,1998,BHCO,1
WPWC,1998,BLJA,1
WPWC,1998,BRTH,0.5
WPWC,1998,CARW,3
WPWC,1998,CHSP,4
WPWC,1998,COGR,3
WPWC,1998,COYE,6
WPWC,1998,EAKI,3.5
WPWC,1998,EATO,2
WPWC,1998,EAWP,3
WPWC,1998,EWPW,2.5
WPWC,1998,GCFL,2
WPWC,1998,GRCA,2
WPWC,1998,HOWR,16
WPWC,1998,MODO,4
WPWC,1998,RWBL,5
WPWC,1998,SOSP,9.5
WPWC,1998,TRES,1
WPWC,1998,WIWR,1
WPWC,1998,WTSP,1
WPWC,1998,YWAR,5
WPWC,2002,AMRO,2
WPWC,2002,BAOR,2
WPWC,2002,BCCH,2
WPWC,2002,BHCO,3
WPWC,2002,BLJA,1
WPWC,2002,CEDW,1
WPWC,2002,CHSP,6
WPWC,2002,COGR,1
WPWC,2002,COYE,2
WPWC,2002,EAKI,0.5
WPWC,2002,EATO,4
WPWC,2002,EAWP,5
WPWC,2002,EWPW,1
WPWC,2002,FISP,1
WPWC,2002,GCFL,1
WPWC,2002,GRCA,6
WPWC,2002,HOWR,8
WPWC,2002,LEFL,0.5
WPWC,2002,MODO,2
WPWC,2002,NOCA,1
WPWC,2002,REVI,1
WPWC,2002,RWBL,1.5
WPWC,2002,SOSP,1
WPWC,2002,TRES,3
WPWC,2002,YWAR,14
WPWC,2003,AMRE,1
WPWC,2003,AMRO,0.5
WPWC,2003,BAOR,2.5
WPWC,2003,BCCH,2
WPWC,2003,BHCO,1
WPWC,2003,BLJA,1
WPWC,2003,CARW,1.5
WPWC,2003,CHSP,7
WPWC,2003,COHA,1
WPWC,2003,COYE,6.5
WPWC,2003,EAKI,2
WPWC,2003,EATO,5
WPWC,2003,EAWP,4.5
WPWC,2003,EWPW,1
WPWC,2003,FISP,1
WPWC,2003,GCFL,2
WPWC,2003,GRCA,5.5
WPWC,2003,HOWR,8.5
WPWC,2003,MODO,1
WPWC,2003,NOCA,2.5
WPWC,2003,PIWA,1
WPWC,2003,REVI,4
WPWC,2003,RWBL,2
WPWC,2003,SOSP,2
WPWC,2003,WEVI,2
WPWC,2003,YWAR,14
WPWC,2007,AMRO,1.5
WPWC,2007,BAOR,1.5
WPWC,2007,BCCH,1
WPWC,2007,BLJA,1
WPWC,2007,CHSP,4
WPWC,2007,COYE,5.5
WPWC,2007,EAKI,1
WPWC,2007,EATO,6
WPWC,2007,EAWP,4
WPWC,2007,EWPW,4
WPWC,2007,FISP,2
WPWC,2007,GCFL,2
WPWC,2007,GRCA,7
WPWC,2007,HOWR,12
WPWC,2007,MAWA,1
WPWC,2007,MODO,1
WPWC,2007,NOCA,3
WPWC,2007,NOFL,1
WPWC,2007,PIWA,1
WPWC,2007,RBNU,1
WPWC,2007,REVI,4
WPWC,2007,RWBL,2.5
WPWC,2007,SOSP,1
WPWC,2007,WODU,0.5
WPWC,2007,YBCU,1
WPWC,2007,YWAR,14.5
WPWC,2012,AMRO,2
WPWC,2012,BAOR,2
WPWC,2012,BCCH,2
WPWC,2012,CARW,1
WPWC,2012,CEDW,1
WPWC,2012,CHSP,5
WPWC,2012,COHA,0.5
WPWC,2012,COYE,7
WPWC,2012,EAKI,1.5
WPWC,2012,EATO,6
WPWC,2012,EWPW,2
WPWC,2012,FISP,1
WPWC,2012,GRCA,11
WPWC,2012,HOWR,10
WPWC,2012,MODO,1
WPWC,2012,REVI,5
WPWC,2012,RWBL,3
WPWC,2012,SOSP,2
WPWC,2012,TRES,2
WPWC,2012,WEVI,1
WPWC,2012,YWAR,28
WPWC,2016,AMRE,1
WPWC,2016,AMRO,4
WPWC,2016,BAOR,1
WPWC,2016,BCCH,3
WPWC,2016,BHCO,1
WPWC,2016,BLJA,1
WPWC,2016,CHSP,5
WPWC,2016,COGR,1
WPWC,2016,COYE,8
WPWC,2016,EAKI,3
WPWC,2016,EATO,6
WPWC,2016,EAWP,1
WPWC,2016,EWPW,1
WPWC,2016,FISP,1
WPWC,2016,GCFL,1
WPWC,2016,GRCA,8
WPWC,2016,HOWR,11
WPWC,2016,MODO,4
WPWC,2016,NOCA,2
WPWC,2016,NOFL,1
WPWC,2016,PIWA,2
WPWC,2016,RBNU,2
WPWC,2016,REVI,7
WPWC,2016,RWBL,3
WPWC,2016,SOSP,3
WPWC,2016,TRES,1
WPWC,2016,YBCU,0.5
WPWC,2016,YWAR,19
WPWC,2017,AMRO,1
WPWC,2017,BCCH,1
WPWC,2017,BLJA,1
WPWC,2017,CHSP,2
WPWC,2017,COYE,3
WPWC,2017,EAKI,1
WPWC,2017,EATO,2
WPWC,2017,EWPW,3
WPWC,2017,GRCA,1
WPWC,2017,HOWR,3.5
WPWC,2017,MODO,2
WPWC,2017,NOCA,1
WPWC,2017,REVI,1
WPWC,2017,RWBL,5
WPWC,2017,YWAR,14
WPWC,2021,AMRO,3
WPWC,2021,AMWO,0.5
WPWC,2021,BCCH,2
WPWC,2021,BLJA,1
WPWC,2021,CARW,0.5
WPWC,2021,CEDW,1
WPWC,2021,CHSP,3.5
WPWC,2021,COGR,1
WPWC,2021,COYE,6
WPWC,2021,EAKI,1.5
WPWC,2021,EASO,0.5
WPWC,2021,EATO,7
WPWC,2021,EAWP,3
WPWC,2021,EWPW,1
WPWC,2021,GCFL,2
WPWC,2021,GRCA,2
WPWC,2021,HAWO,0.5
WPWC,2021,HOWR,11
WPWC,2021,MODO,2.5
WPWC,2021,NOCA,2
WPWC,2021,PIWA,2
WPWC,2021,REVI,6
WPWC,2021,RWBL,0.5
WPWC,2021,SOSP,1
WPWC,2021,SSHA,1
WPWC,2021,YBCU,1
WPWC,2021,YWAR,1.5
