sp_code,sp_common_name_text_format_nhic,sp_scientific_name_NHIC,hab_guild,food_item,nest_guild,forage_behavior,cons_status,bird_S_rank,bird_SARO_status,bird_COSEWIC_status,bird_SARA_status,bird_exotic_status,order,family,genus,coeff_wetness,food_foraging_guild_degraaf,habitat_foraging_guild_degraaf,behaviour_foraging_guild_degraaf,food_foraging_guild_degraaf_2,habitat_foraging_guild_degraaf_2,behaviour_foraging_guild_degraaf_2,food_foraging_guild_degraaf_3,habitat_foraging_guild_degraaf_3,behaviour_foraging_guild_degraaf_3,(g),",+/- SD", N  ,,(g),Month(s),Full Literature Citation,N,,(g),(+/- sd),N
AMBI,American bittern,Botaurus lentiginosus,marshes,fish,ground,stalking,low concern,S5B,,,,,Pelecaniformes,Ardeidae,Botaurus,W,Carnivore,water,ambusher,Insectivore,water,ambusher,Crustaeeovore,water,ambusher,,,,,,,,,,,,
ABDU,American black duck,Anas rubripes,lakes and ponds,insects,ground,dabbler,low concern,S4,,,,,Anseriformes,Anatidae,Anas,W,Omnivore,water,dabbler,,,,,,,no data on lpbo banding ,0,0,0,1204,All months,"Longcore, J. R., D. G. McAuley, G. R. Hepp, and J. M. Rhymer (2000). American Black Duck (Anas rubripes), version 2.0. In The Birds of North America (A. F. Poole and F. B. Gill, Editors). Cornell Lab of Ornithology, Ithaca, NY, USA. https://doi.org/10.2173/bna.481",Males=222 Females=227,0,1204,0,449
AMCR,American crow,Corvus brachyrhynchos,open woodlands,omnivore,tree,ground forager,low concern,S5,,,,,Passeriformes,Corvidae,Corvus,,Omnivore,ground,forager,,,,,,,no data on lpbo banding ,0,0,0,506,December - February,"Black, C. T. (1941). Ecological and economic relations of the crow, with special reference to Illinois. Phd Thesis, Univ. of Illinois, Urbana.",Males=248 Females=245,0,506,0,493
AMGO,American goldfinch,Spinus tristis,open woodlands,seeds,shrub,foliage gleaner,low concern,S5,,,,,Passeriformes,Fringillidae,Spinus,,Omnivore,lower-canopy,forager,,ground,forager,,,,13,2,11203,0,12,Summer,"McGraw, K. J. and A. L. Middleton (2017). American Goldfinch (Spinus tristis), version 2.1. In The Birds of North America (P. G. Rodewald, Editor). Cornell Lab of Ornithology, Ithaca, NY, USA. https://doi.org/10.2173/bna.amegfi.02.1 ",Males=1448 Females=756,0,13,2,11203
NOGO,American goshawk,Accipiter atricapillus,forests,birds,tree,aerial dive,low concern,S4,NAR,NAR,,,Accipitriformes,Accipitridae,Accipiter,,Carnivore,air,hawker,,ground,hawker,,,,,,,,,,,,,,,
AMKE,American kestrel,Falco sparverius,grasslands,small animals,cavity,aerial dive,low concern,S4,,,,,Falconiformes,Falconidae,Falco,,Insectivore,air,hawker,,,,,,,124,11,4,0,Males 111 +- 9.3SD Females 120 +- 9.2SD,all months,"Smallwood, J. A. and D. M. Bird (2002). American Kestrel (Falco sparverius), version 2.0. In The Birds of North America (A. F. Poole and F. B. Gill, Editors). Cornell Lab of Ornithology, Ithaca, NY, USA. https://doi.org/10.2173/bna.602 ",69males 111females,0,124,11,4
AMRE,American redstart,Setophaga ruticilla,forests,insects,tree,foliage gleaner,low concern,S5B,,,,,Passeriformes,Parulidae,Setophaga,,Insectivore,lower-canopy,gleaner,,air,sallier,,,,8,1,4359,0,"Summer males 8.6 +- 0.5, Winter males 7.2 +- 0.3, summer females 8.7 +- 0.2, winter females 6.8 +- 0.4",all months,"Sherry, T. W., R. T. Holmes, P. Pyle, and M. A. Patten (2016). American Redstart (Setophaga ruticilla), version 3.0. In The Birds of North America (P. G. Rodewald, Editor). Cornell Lab of Ornithology, Ithaca, NY, USA. https://doi.org/10.2173/bna.amered.03 ","Summer males n=71, winter males n=86, summer females n=80, winter females n=44",0,8,1,4359
AMRO,American robin,Turdus migratorius,open woodlands,insects,tree,ground forager,low concern,S5,,,,,Passeriformes,Turdidae,Turdus,,Vermivore,ground,gleaner,,,,,,,78,15,2478,0,77.3 +- 0.36SD,all months,"Vanderhoff, N., P. Pyle, M. A. Patten, R. Sallabanks, and F. C. James (2016). American Robin (Turdus migratorius), version 2.0. In The Birds of North America (P. G. Rodewald, Editor). Cornell Lab of Ornithology, Ithaca, NY, USA. https://doi.org/10.2173/bna.462 ",n=401,0,78,15,2478
AMWO,American woodcock,Scolopax minor,forests,insects,ground,probing,declining,S4B,,,,,Charadriiformes,Scolopacidae,Scolopax,,Vermivore,ground,probe,,,,,,,161,26,90,0,Male 137 +/- 1 Female 213 +/- 5,May,"Owen, R. B., Jr., and Krohn, W. B., (1973). Molt patterns and weight changes of the American Woodcock, Wilson Bull. 85:31–41.",Male=115 Female=9,0,161,26,90
BAEA,bald eagle,Haliaeetus leucocephalus,forests,fish,tree,soaring,low concern,S4,NAR,NAR,,,Accipitriformes,Accipitridae,Haliaeetus,W,Piscivore,water,foot-plunger,Carnivore,ground,scavenger,,,,,,,,,,,,,,,
BAOR,Baltimore oriole,Icterus galbula,forests,insects,tree,foliage gleaner,low concern,S4B,,,,,Passeriformes,Icteridae,Icterus,,Omnivore,upper-canopy,forager,,,,,,,34,3,5450,0," Adult (after-second-year) male: mean 35.2 g ± 2.51 SD (range 31.1-40.0, n = 14; May). Yearling male: mean 33.8 g ± 2.53 SD (range 31.3-36.2, n = 9; May). Adult female: mean 33.2 g ± 2.87 SD (range 28.1-41.3, n = 49; May). Hatch-year (sex unknown): mean 33.0 g ± 3.00 SD (range 30.0-38.9, n = 9; Aug",May-Aug,"Rising, J. D. and N. J. Flood (1998). Baltimore Oriole (Icterus galbula), version 2.0. In The Birds of North America (A. F. Poole and F. B. Gill, Editors). Cornell Lab of Ornithology, Ithaca, NY, USA. https://doi.org/10.2173/bna.384 ",ASY males n=14                Yearling males n=9                  Adult females n=49                HYs sex unknown n=9,0,34,3,5450
BANS,bank swallow,Riparia riparia,lakes and ponds,insects,burrow,aerial forager,common bird in steep decline,S4B,THR,THR,Threatened/Menacée,,Passeriformes,Hirundinidae,Riparia,,Insectivore,air,screener,,,,,,,14,1,588,0,"Weight of male testes averaged 87.6 mg (range 46.2-163.7, n = 32) during entire breeding season, peaking during egg-laying and incubation periods (Petersen 1955). Female ovary weight averaged 261.8 mg ± 231.7 SD (range 22.0-778.3, n = 18) during nest-building and egg-laying periods, 31.3 mg (range 16.2-52.1, n = 28) during incubation period, and 22.4 mg (range 6.6-44.1, n = 31) during brooding period","Breeding season of Bank Swallows, April - July","Garrison, B. A. (1999). Bank Swallow (Riparia riparia), version 2.0. In The Birds of North America (A. F. Poole and F. B. Gill, Editors). Cornell Lab of Ornithology, Ithaca, NY, USA. https://doi.org/10.2173/bna.414 ",Male samples n=32                 Female ovary weight samples n=18                During nest building and egg-laying n=28                 During incubation period n=31,0,14,1,588
BEKI,belted kingfisher,Megaceryle alcyon,lakes and ponds,fish,burrow,aerial dive,low concern,"S5B,S4N",,,,,Coraciiformes,Alcedinidae,Megaceryle,,Piscivore,water,plunger,,,,,,,,,,,,,,,,,,
BBCU,black-billed cuckoo,Coccyzus erythropthalmus,forests,insects,tree,foliage gleaner,declining,S4S5B,,,,,Cuculiformes,Cuculidae,Coccyzus,,Insectivore,lower-canopy,gleaner,,,,,,,,,,,,,,,,,,
BLBW,blackburnian warbler,Setophaga fusca,forests,insects,tree,foliage gleaner,low concern,S5B,,,,,Passeriformes,Parulidae,Setophaga,,Insectivore,upper-canopy,gleaner,,,,,,,10,1,1083,0,Males 9.5-12.6(g)     Females 8.9-11.9(g),Aug-Nov,"Morse, D. H. (2004). Blackburnian Warbler (Setophaga fusca), version 2.0. In The Birds of North America (A. F. Poole, Editor). Cornell Lab of Ornithology, Ithaca, NY, USA. https://doi.org/10.2173/bna.102 ",Males n=5        Females n=5,0,10,1,1083
BCCH,black-capped chickadee,Poecile atricapillus,forests,insects,cavity,foliage gleaner,low concern,S5,,,,,Passeriformes,Paridae,Poecile,,Insectivore,lower-canopygleaner,gleaner,,,,,,,11,1,752,0,mass 10–14 g,0,"Foote, J. R., D. J. Mennill, L. M. Ratcliffe, and S. M. Smith (2010). Black-capped Chickadee (Poecile atricapillus), version 2.0. In The Birds of North America (A. F. Poole, Editor). Cornell Lab of Ornithology, Ithaca, NY, USA. https://doi.org/10.2173/bna.39 ",0,0,11,1,752
BTNW,black-throated green warbler,Setophaga virens,forests,insects,tree,foliage gleaner,low concern,S5B,,,,,Passeriformes,Parulidae,Setophaga,,Insectivore,upper-canopy,gleaner,,,,,,,9,2,1629,0,Males 8.3-10.9(g). Females 7.5-11.2(g).,0,"Morse, D. H. and A. F. Poole (2005). Black-throated Green Warbler (Setophaga virens), version 2.0. In The Birds of North America (A. F. Poole, Editor). Cornell Lab of Ornithology, Ithaca, NY, USA. https://doi.org/10.2173/bna.55 ",Males n=9. Females n=7.,0,9,2,1629
BLJA,blue jay,Cyanocitta cristata,forests,omnivore,tree,ground forager,low concern,S5,,,,,Passeriformes,Corvidae,Cyanocitta,,Omnivore,ground,forager,,upper-canopy,forager,,,,85,7,22946,0,Mass of AHY jays from Connecticut averaged 92.4 g ± 7.4 SD (n = 40),0,"Smith, K. G., K. A. Tarvin, and G. E. Woolfenden (2013). Blue Jay (Cyanocitta cristata), version 2.0. In The Birds of North America (A. F. Poole, Editor). Cornell Lab of Ornithology, Ithaca, NY, USA. https://doi.org/10.2173/bna.469 ",AHY n=40,0,85,7,22946
BGGN,blue-gray gnatcatcher,Polioptila caerulea,forests,insects,tree,foliage gleaner,low concern,S4B,,,,,Passeriformes,Polioptilidae,Polioptila,,Insectivore,upper-canopy,gleaner,,,,,,,6,0,113,0,"Weights of 235 birds captured at Powdermill Nature Reserve, Ligonier Valley, PA, include: hatch year (n= 50) 5.6 to 6.6 g, mean 6.0 g; adult female (n= 93) 4.8 to 8.9 g; monthly means: Apr 5.8 g (n= 42, SD = 0.41 g), May 6.4 g (n= 27, SD = 0.87 g), Aug 6.0 g (n= 15, SD = 0.40 g). Adult male (n= 63) 5.2 to 7.0 g; monthly means: Apr 6.0 g (n= 36, SD = 0.37 g), May 6.1 g (n= 19, SD = 0.28 g; ",April-Aug,"Kershner, E. L. and W. G. Ellison (2012). Blue-gray Gnatcatcher (Polioptila caerulea), version 2.0. In The Birds of North America (A. F. Poole, Editor). Cornell Lab of Ornithology, Ithaca, NY, USA. https://doi.org/10.2173/bna.23 ",HY n=50          Adult females n=93                April means n=42                May means n=27                Aug means n=15                Adult males n=63                 April means n=36                MAy means n=19,0,6,0,113
BOBO,bobolink,Dolichonyx oryzivorus,grasslands,seeds,ground,ground forager,declining,S4B,THR,SC,Threatened/Menacée,,Passeriformes,Icteridae,Dolichonyx,,Omnivore,ground,forager,,,,,,,32,4,121,0,"Males: breeding, New York, mean = 33.9 ± 2.1 g (n = 142).migrating Males = 51.7 g (44.4–56.3, n = 14). Wintering Males, Bolivia and Argentina, mean = 32.3 ± 2.4 (23.5–38.1, n = 235)                                                           Females breeding: New York, mean = 29.2 ± 2.1 g (n = 130; TAG); Vermont breeding, mean = 28.7 ± 2.3g (22.9–38.2, n = 692; NGP); migrating = 39.9 ± 5.0 (n = 7; Graber and Graber 1962); wintering, Bolivia and Argentina, mean = 26.8 ± 1.9 (22.9–33.2, n = 157;",All months,"Renfrew, R., A. M. Strong, N. G. Perlut, S. G. Martin, and T. A. Gavin (2015). Bobolink (Dolichonyx oryzivorus), version 2.0. In The Birds of North America (P. G. Rodewald, Editor). Cornell Lab of Ornithology, Ithaca, NY, USA. https://doi.org/10.2173/bna.176 ","Males: breeding n=142, migrating n=14, wintering n=235.             Females: breeding New York n=130, bredding Vermont n=692, migrating n=7, wintering n=157",0,32,4,121
BRCR,brown creeper,Certhia americana,forests,insects,tree,bark forager,low concern,S5,,,,,Passeriformes,Certhiidae,Certhia,,Insectivore,bark,gleaner,,,,,,,8,1,554,0,"Body mass of males and females combined: 7.2–9.9 g, mean 8.4 g ± 0.21 SD (n = 112",0,"Poulin, J., É. D'Astous, M. Villard, S. J. Hejl, K. R. Newlon, M. E. McFadzen, J. S. Young, and C. K. Ghalambor (2013). Brown Creeper (Certhia americana), version 2.0. In The Birds of North America (A. F. Poole, Editor). Cornell Lab of Ornithology, Ithaca, NY, USA. https://doi.org/10.2173/bna.669 ",n=112,0,8,1,554
BRTH,brown thrasher,Toxostoma rufum,scrub,omnivore,shrub,ground forager,low concern,S4B,,,,,Passeriformes,Mimidae,Toxostoma,,Omnivore,ground,forager,,lower-canopy,forager,,,,,,,,,,,,,,,
BHCO,brown-headed cowbird,Molothrus ater,grasslands,seeds,tree,ground forager,low concern,S5,,,,,Passeriformes,Icteridae,Molothrus,,Omnivore,ground,forager,,,,,,,46,6,2944,0,ASY males 48.9(g)   SY males 47.1(g)      AHY females 37.6(g)      ,0,"Lowther, P. E. (1993). Brown-headed Cowbird (Molothrus ater), version 2.0. In The Birds of North America (A. F. Poole and F. B. Gill, Editors). Cornell Lab of Ornithology, Ithaca, NY, USA. https://doi.org/10.2173/bna.47 ",ASY males n=23            SY males n=24      AHY females n=352,0,46,6,2944
BWTE,blue-winged teal,,marshes,omnivore,ground,dabbler,low concern,,,,,,,,,,,,,,,,,,,,,,,,,,,,,,
CAGO,Canada goose,Branta canadensis,marshes,seeds,ground,ground forager,low concern,S5,,,,,Anseriformes,Anatidae,Branta,W,Herbivore,water,dabbler,,,,,,,0,0,0,0," (10-24 Nov) to late winter (23 Dec-6 Jan); adult males, 3,490.0 g ± 274 SD (n = 29) to 3,882.0 g ± 293 SD (n = 20), and adult females 2,948.0 g ± 189 SD (n = 17) to 3,251.0 g ± 201 SD (n = 21);","Nov, Dec-Jan.","Mowbray, T. B., C. R. Ely, J. S. Sedinger, and R. E. Trost (2002). Canada Goose (Branta canadensis), version 2.0. In The Birds of North America (A. F. Poole and F. B. Gill, Editors). Cornell Lab of Ornithology, Ithaca, NY, USA. https://doi.org/10.2173/bna.cangoo.02",Adult males n=29.        Adult females n=17,0,3393,0,87
CAWA,Canada warbler,Cardellina canadensis,forests,insects,ground,foliage gleaner,declining,S5B,SC,SC,Threatened/Menacée,,Passeriformes,Parulidae,Cardellina,,Insectivore,lower-canopy,gleaner,,,,,,,,,,,,,,,,,,
CARW,Carolina wren,Thryothorus ludovicianus,open woodlands,insects,cavity,ground forager,low concern,S4,,,,,Passeriformes,Troglodytidae,Thryothorus,,Insectwore,lower-canopy,gleaner,,,,,,,19,2,131,0,Males 21.2+/-1.3 (g). Females 18.7+/-5.1(g),All months,"Haggerty, T. M. and E. S. Morton (2014). Carolina Wren (Thryothorus ludovicianus), version 2.0. In The Birds of North America (A. F. Poole, Editor). Cornell Lab of Ornithology, Ithaca, NY, USA. https://doi.org/10.2173/bna.188 ",Males n=134. Females n=118,0,19,2,131
CEDW,cedar waxwing,Bombycilla cedrorum,open woodlands,fruit,tree,foliage gleaner,low concern,S5,,,,,Passeriformes,Bombycillidae,Bombycilla,,Insectivore,air,sallier,Frugivore,upper-canopy,gleaner,,,,33,3,1580,0,"For a sample of birds from Maine, mean weight of 12 females was 34.4 g ± 0.7 SD, and of 22 males 32.8 g ± 0.7 SD",August ,"Witmer, M. C., D. J. Mountjoy, and L. Elliot (2014). Cedar Waxwing (Bombycilla cedrorum), version 2.0. In The Birds of North America (A. F. Poole, Editor). Cornell Lab of Ornithology, Ithaca, NY, USA. https://doi.org/10.2173/bna.309 ",Females n=12. Males n=22,0,33,3,1580
CSWA,chestnut-sided warbler,Setophaga pensylvanica,open woodlands,insects,shrub,foliage gleaner,low concern,S5B,,,,,Passeriformes,Parulidae,Setophaga,,Insectivore,lower-canopy,gleaner,,,,,,,10,1,3367,0,"fall migrants in Georgia: adult male 12.8 g (range 12–14.3, n = 5); adult female 12.0 g (10.7–13.9, n = 7), immature male 13.1 g (12.4–14, n = 5), immature female 12.3 g (10.2–13.5, n = 11)",August-November,"Byers, B. E., M. Richardson, and D. W. Brauning (2013). Chestnut-sided Warbler (Setophaga pensylvanica), version 2.0. In The Birds of North America (A. F. Poole, Editor). Cornell Lab of Ornithology, Ithaca, NY, USA. https://doi.org/10.2173/bna.190","Adult males n=5, adult females n=7, immature males n=5, immature females n=11",0,10,1,3367
CHSW,chimney swift,Chaetura pelagica,towns,insects,building,aerial forager,declining,S3B,THR,THR,Threatened/Menacée,,Apodiformes,Apodidae,Chaetura,,Insectivore,air,screener,,,,,,,23,2,8,0," On breeding grounds in Illinois, adult mass averages 23.6 g ± 0.3 SD (range 17.0–29.8, n = 1,805).",0,"Steeves, T. K., S. B. Kearney-McGee, M. A. Rubega, C. L. Cink, and C. T. Collins (2014). Chimney Swift (Chaetura pelagica), version 2.0. In The Birds of North America (A. F. Poole, Editor). Cornell Lab of Ornithology, Ithaca, NY, USA. https://doi.org/10.2173/bna.646 ",n=1805,0,23,2,8
CHSP,chipping sparrow,Spizella passerina,open woodlands,seeds,shrub,ground forager,low concern,"S5B,S3N",,,,,Passeriformes,Passerellidae,Spizella,,Omnivore,ground,forage,,,,,,,12,1,5006,0,"Mean mass of males at Guelph, ON: in May, 12.1 g ± 0.55 SD (range 11.5-13.5, n = 29); Jun, 12.0 g ± 0.69 SD (range 11.0-13.0, n = 11). Of females: in May, 13.4 g ± 1.09 SD (range 11.5-15.5, n = 23); Jun, 12.3 g ± 0.53 SD (range 11.5-13.0, n = 8)",May-June,"Middleton, A. L. (1998). Chipping Sparrow (Spizella passerina), version 2.0. In The Birds of North America (A. F. Poole and F. B. Gill, Editors). Cornell Lab of Ornithology, Ithaca, NY, USA. https://doi.org/10.2173/bna.334 ","Males in May n=29, males in Jun n=11.         Females in May n=23, Jun n=8.",0,12,1,5006
CWWI,chuck-will's-widow,Antrostomus carolinensis,open woodlands,insects,ground,aerial forager,common bird in steep decline,SNA,,,,,Caprimulgiformes,Caprimulgidae,Antrostomus,,Insectivore,air,screener,,,,,,,0,0,0,0,"Adult males: mean 109.9 g ± 27.1 SD (range 66–188, n = 33); adult females: mean 107.9 g ± 15.2 SD (range 73.1–127.6, n = 24)",0,"Straight, C. A. and R. J. Cooper (2012). Chuck-will's-widow (Antrostomus carolinensis), version 2.0. In The Birds of North America (A. F. Poole, Editor). Cornell Lab of Ornithology, Ithaca, NY, USA. https://doi.org/10.2173/bna.499 ","Adult males n=33, adult females n=24.",0,109,0,57
COGR,common grackle,Quiscalus quiscula,open woodlands,omnivore,tree,ground forager,common bird in steep decline,S5,,,,,Passeriformes,Icteridae,Quiscalus,,Omnivore,ground,forager,,,,,,,,,,,,,,,,,,
CONI,common nighthawk,Chordeiles minor,grasslands,insects,ground,aerial forager,common bird in steep decline,S4B,SC,SC,Special Concern/Préoccupante,,Caprimulgiformes,Caprimulgidae,Chordeiles,,Insectivore,air,screener,,,,,,,,,,,,,,,,,,
COYE,common yellowthroat,Geothlypis trichas,scrub,insects,shrub,foliage gleaner,low concern,"S5B,S3N",,,,,Passeriformes,Parulidae,Geothlypis,W,Insectivore,lower-canopy,gleaner,,,,,,,10,1,10416,0,"G. t. trichas: males, mean 10.3 g ± 0.66 SD (range 7.6-15.5, n = 965), females 9.9 g ± 0.78 SD (range 7.6-15.3, n = 644); G. t. occidentalis: males, mean 10.0 g (9.5-10.7, n = 14); G. t. scirpicola: males, mean 9.2 g (8.2-10.0, n = 11",0,"Guzy, M. J. and G. Ritchison (1999). Common Yellowthroat (Geothlypis trichas), version 2.0. In The Birds of North America (A. F. Poole and F. B. Gill, Editors). Cornell Lab of Ornithology, Ithaca, NY, USA. https://doi.org/10.2173/bna.448 ","G. t. trichas males n=965, Females n=644.             Occidentalis, males n=14.  Scirpicola males n=11.",0,10,1,10416
COHA,Cooper's hawk,Accipiter cooperii,forests,birds,tree,aerial forager,low concern,S4,NAR,NAR,,,Accipitriformes,Accipitridae,Accipiter,,Carnivore,air,hawker,,ground,hawker,,,,336,8,2,0,males in the east of North American  average 338 g (15) and females 566 g (31).,0,"Curtis, O. E., R. N. Rosenfield, and J. Bielefeldt (2006). Cooper's Hawk (Accipiter cooperii), version 2.0. In The Birds of North America (A. F. Poole, Editor). Cornell Lab of Ornithology, Ithaca, NY, USA. https://doi.org/10.2173/bna.75 ",Males n=15  Females n=31,0,336,8,2
DOWO,downy woodpecker,Dryobates pubescens,forests,insects,cavity,bark forager,low concern,S5,,,,,Piciformes,Picidae,Dryobates,,Insectivore,bark,gleaner,Frugivore,lower-canopy,gleaner,,,,27,2,361,0,Males = 28.1+/-0.40 Females = 27.64+/-0.40,0,"Jackson, J. A. and H. R. Ouellet (2002). Downy Woodpecker (Dryobates pubescens), version 2.0. In The Birds of North America (A. F. Poole and F. B. Gill, Editors). Cornell Lab of Ornithology, Ithaca, NY, USA. https://doi.org/10.2173/bna.613 ","Males n=20, Females n=18",0,27,2,361
EABL,eastern bluebird,Sialia sialis,grasslands,insects,cavity,ground forager,low concern,"S5B,S4N",NAR,NAR,,,Passeriformes,Turdidae,Sialia,,Insectivore,ground,gleaner,Frugivore,lower-canopy,gleaner,,,,29,2,114,0,28g-32g,All months,"Gowaty, P. A. and J. H. Plissner (2015). Eastern Bluebird (Sialia sialis), version 2.0. In The Birds of North America (A. F. Poole, Editor). Cornell Lab of Ornithology, Ithaca, NY, USA. https://doi.org/10.2173/bna.381",0,0,29,2,114
EAKI,eastern kingbird,Tyrannus tyrannus,grasslands,insects,tree,flycatching,low concern,S4B,,,,,Passeriformes,Tyrannidae,Tyrannus,,Insectivore,air,sallier,,,,,,,40,4,822,0,Males = 37.6+/-1.98. Females = 36.8+/-2.11,"Later in their nesting period, June-July","Murphy, M. T. and P. Pyle (2018). Eastern Kingbird (Tyrannus tyrannus), version 2.0. In The Birds of North America (P. G. Rodewald, Editor). Cornell Lab of Ornithology, Ithaca, NY, USA. https://doi.org/10.2173/bna.easkin.02 ",Males n=136. Females n=162,0,40,4,822
EAME,eastern meadowlark,Sturnella magna,grasslands,insects,ground,ground forager,common bird in steep decline,"S4B,S3N",THR,THR,Threatened/Menacée,,Passeriformes,Icteridae,Sturnella,,Insectivore,ground,gleaner,,,,,,,84,6,19,0,Males = 101.5-150.0 Females =90-112,0,"Jaster, L. A., W. E. Jensen, and W. E. Lanyon (2012). Eastern Meadowlark (Sturnella magna), version 2.0. In The Birds of North America (A. F. Poole, Editor). Cornell Lab of Ornithology, Ithaca, NY, USA. https://doi.org/10.2173/bna.160 ","Males n=24, Females n=4",0,84,6,19
EAPH,eastern phoebe,Sayornis phoebe,open woodlands,insects,building,flycatching,low concern,S5B,,,,,Passeriformes,Tyrannidae,Sayornis,,Insectivore,air,sallier,,,,,,,18,2,143,0, mean weight for females feeding young in second attempt nests in Indiana was 16.9 ± 0.2 g (n = 10); males at the same time weigh 19.7 ± 0.3 g (n = 9,0,"Weeks Jr., H. P. (2011). Eastern Phoebe (Sayornis phoebe), version 2.0. In The Birds of North America (A. F. Poole, Editor). Cornell Lab of Ornithology, Ithaca, NY, USA. https://doi.org/10.2173/bna.94 ","Males n=9, Females n=10",0,18,2,143
EASO,eastern screech-owl,Megascops asio,forests,small animals,cavity,aerial dive,low concern,S4,NAR,NAR,,,Strigiformes,Strigidae,Megascops,,Insectivore,ground,hawker,,,,,,,152,N/A,1,0,"adult males averaged 166 g, females 194 g",0,"Ritchison, G., F. R. Gehlbach, P. Pyle, and M. A. Patten (2017). Eastern Screech-Owl (Megascops asio), version 3.0. In The Birds of North America (P. G. Rodewald, Editor). Cornell Lab of Ornithology, Ithaca, NY, USA. https://doi.org/10.2173/bna.easowl1.03 ",0,0,152,N/A,1
EATO,eastern towhee,Pipilo erythrophthalmus,scrub,omnivore,ground,ground forager,low concern,"S4B,S3N",,,,,Passeriformes,Passerellidae,Pipilo,,Omnivore,ground,forage,,,,,,,39,3,1333,0,"In Ohio, mean monthly mass of adults (Mar–Oct): males—37.6–44.8 g; females—38.3–44.1 g; and of immatures (Jul–Oct): 37.1–43.1 g",Mar-Oct,"Greenlaw, J. S. (2015). Eastern Towhee (Pipilo erythrophthalmus), version 2.0. In The Birds of North America (P. G. Rodewald, Editor). Cornell Lab of Ornithology, Ithaca, NY, USA. https://doi.org/10.2173/bna.262 ",0,0,39,3,1333
EWPW,eastern whip-poor-will,Antrostomus vociferus,open woodlands,insects,ground,aerial forager,declining,S4B,THR,SC,Threatened/Menacée,,Caprimulgiformes,Caprimulgidae,Antrostomus,,Insectivore,air,screener,,,,,,,54,7,44,0,Males ranged from 43.0-63.7g.              Females ranged from 44.5-61.2g,0,"Cink, C. L., P. Pyle, and M. A. Patten (2017). Eastern Whip-poor-will (Antrostomus vociferus), version 3.0. In The Birds of North America (P. G. Rodewald, Editor). Cornell Lab of Ornithology, Ithaca, NY, USA. Retrieved from Birds of North America: https://birdsna-org.bnaproxy.birds.cornell.edu/Species-Account/bna/species/whip-p1 ","Males n=32, Females n=39",0,54,7,44
EAWP,eastern wood-pewee,Contopus virens,forests,insects,tree,flycatching,low concern,S4B,SC,SC,Special Concern/Préoccupante,,Passeriformes,Tyrannidae,Contopus,,Insectivore,air,sallier,,,,,,,14,1,2140,0,"Mean mass of 212 young (hatch-year) birds captured in September in Pennsylvania 13.3 g ± 1.09 SD (range 11.0–18.7), whereas adults (after-hatch-year) birds captured in September at the same location weighed 14.5 g ± 1.27 SD (range 12.3–18.2, n = 35)",Sept.,"Watt, D. J., J. P. McCarty, S. W. Kendrick, F. L. Newell, and P. Pyle (2017). Eastern Wood-Pewee (Contopus virens), version 2.0. In The Birds of North America (P. G. Rodewald, Editor). Cornell Lab of Ornithology, Ithaca, NY, USA. https://doi.org/10.2173/bna.eawpew.02 ",HY. n=212.      AHY. Both male and females n=35,0,14,1,2140
EUST,european starling,Sturnus vulgaris,towns,insects,cavity,ground forager,low concern,SNA,,,,SE,Passeriformes,Sturnidae,Sturnus,,Omnivore,ground,forager,,,,,,,,,,,,,,,,,,
FISP,field sparrow,Spizella pusilla,scrub,insects,ground,ground forager,common bird in steep decline,"S4B,S3N",,,,,Passeriformes,Passerellidae,Spizella,,Omnivore,ground,forage,,,,,,,12,1,1441,0,"males: range 12.0–15.0 g, mean = 13.2 ± 0.85 SD g  females: range 11.4–14.0 g, mean = 13.0 ± 0.72 SD g.",0,"Carey, M., D. E. Burhans, and D. A. Nelson (2008). Field Sparrow (Spizella pusilla), version 2.0. In The Birds of North America (A. F. Poole, Editor). Cornell Lab of Ornithology, Ithaca, NY, USA. https://doi.org/10.2173/bna.103 ","Males n= 23, Females n=17",0,12,1,1441
GRCA,gray catbird,Dumetella carolinensis,open woodlands,insects,shrub,ground forager,low concern,"S5B,S3N",,,,,Passeriformes,Mimidae,Dumetella,,Omnivore,ground,forager,,lower-canopy,forager,,,,36,3,12621,0,"Spring migrants 34.4 g (SD = 3.3, n = 69, range 26.4–42.6). Fall migrants (38.7 g, SD = 3.5, n = 74, range 31.9–56.5","April-June, August-November","Smith, R. J., M. I. Hatch, D. A. Cimprich, and F. R. Moore (2011). Gray Catbird (Dumetella carolinensis), version 2.0. In The Birds of North America (A. F. Poole, Editor). Cornell Lab of Ornithology, Ithaca, NY, USA. https://doi.org/10.2173/bna.167",Fall migrants n=69. Spring migrants n=74,0,36,3,12621
GCFL,great crested flycatcher,Myiarchus crinitus,open woodlands,insects,cavity,flycatching,low concern,S5B,,,,,Passeriformes,Tyrannidae,Myiarchus,,Insectivore,air,sallier,,,,,,,35,3,457,0,"Mean mass of both sexes: 33.5 g ± 3.01 SD (range 27.2–39.6, n = 70",0,"Miller, K. E. and W. E. Lanyon (2014). Great Crested Flycatcher (Myiarchus crinitus), version 2.0. In The Birds of North America (A. F. Poole, Editor). Cornell Lab of Ornithology, Ithaca, NY, USA. https://doi.org/10.2173/bna.300 ",Both males and females n=70,0,35,3,457
GHOW,great horned owl,Bubo virginianus,forests,mammals,tree,aerial dive,low concern,S4,,,,,Strigiformes,Strigidae,Bubo,,Carnivore,ground,hawker,,,,,,,0,0,0,0,"Males =1,304g.   Females =1,706g",0,"Artuso, C., C. S. Houston, D. G. Smith, and C. Rohner (2013). Great Horned Owl (Bubo virginianus), version 2.0. In The Birds of North America (A. F. Poole, Editor). Cornell Lab of Ornithology, Ithaca, NY, USA. https://doi.org/10.2173/bna.372 ",Males n=895.   Females n=772,0,1505,0,1667
GRHE,green heron,Butorides virescens,marshes,fish,tree,stalking,common bird in steep decline,S4B,,,,,Pelecaniformes,Ardeidae,Butorides,W,Crustaceovore,water,ambusher,Piscivore,water,ambusher,,,,217,N/A,1,0,"Adult 241 g, Immatures 219 g",0,"Davis Jr., W. E. and J. A. Kushlan (1994). Green Heron (Butorides virescens), version 2.0. In The Birds of North America (A. F. Poole and F. B. Gill, Editors). Cornell Lab of Ornithology, Ithaca, NY, USA. https://doi.org/10.2173/bna.129",Adults n=16. Immatures n=14,0,241,0,16
HAWO,hairy woodpecker,Dryobates villosus,forests,insects,cavity,bark forager,low concern,S5,,,,,Piciformes,Picidae,Dryobates,,Insectivore,bark,gleaner,Frugwore,lower-canopy,gleaner,,,,,,,,,,,,,,,
HOME,hooded merganser,Lophodytes cucullatus,lakes and ponds,fish,cavity,surface dive,low concern,S5,,,,,Anseriformes,Anatidae,Lophodytes,W,Piscivore,freshwater,diver,Insectivore,freshwater,bottom gleaner,Crustaceovore,freshwater,bottom gleaner,0,0,0,0, ,0,0,0,0,0,0,0
HOFI,house finch,Haemorhous mexicanus,towns,seeds,tree,ground forager,low concern,SNA,,,,SE,Passeriformes,Fringillidae,Haemorhous,,Frugivore,ground,gleaner,,,,,,,22,2,346,0,Breeding: 21.4 ± 0.3 g and 22.4 ± 0.1 g during Winter,"July-August, November-March","Badyaev, A. V., V. Belloni, and G. E. Hill (2012). House Finch (Haemorhous mexicanus), version 2.0. In The Birds of North America (A. F. Poole, Editor). Cornell Lab of Ornithology, Ithaca, NY, USA. https://doi.org/10.2173/bna.46",0,0,22,2,346
HOWR,house wren,Troglodytes aedon,scrub,insects,cavity,foliage gleaner,low concern,S5B,,,,,Passeriformes,Troglodytidae,Troglodytes,,Insectivore,lower-canopy,gleaner,,,,,,,11,1,2763,0,Male 10.5 ± 0.35 SD g (n = 7).     Females 10.5 ± 0.53 SD g (n = 9),0,"Johnson, L. S. (2014). House Wren (Troglodytes aedon), version 2.0. In The Birds of North America (A. F. Poole, Editor). Cornell Lab of Ornithology, Ithaca, NY, USA.https://doi.org/10.2173/bna.380",Male n=7.      Female n=9,0,11,1,2763
INBU,indigo bunting,Passerina cyanea,open woodlands,insects,shrub,foliage gleaner,low concern,S5B,,,,,Passeriformes,Cardinalidae,Passerina,,Omnivore,lower-canopy,forager,,,,,,,,,,,,,,,,,,
KILL,killdeer,Charadrius vociferus,grasslands,insects,ground,ground forager,low concern,S4B,,,,,Charadriiformes,Charadriidae,Charadrius,,Insectivore,ground,gleaner,,,,,,,59,43,131,0,0,0,0,0,0,59,43,131
LEBI,least bittern,Ixobrychus exilis,marshes,fish,ground,stalking,low concern,S4B,THR,THR,Threatened/Menacée,,Pelecaniformes,Ardeidae,Ixobrychus,W,Piscivore,water,ambusher,Insectivore,water,ambusher,,,,92,14,5,0,"Male mass reported at 78.2 ± 5.25 g. Female mass reported at 73, 80, and 95 g",0,"Poole, A. F., P. E. Lowther, J. P. Gibbs, F. A. Reid, and S. M. Melvin (2009). Least Bittern (Ixobrychus exilis), version 2.0. In The Birds of North America (A. F. Poole, Editor). Cornell Lab of Ornithology, Ithaca, NY, USA. https://doi.org/10.2173/bna.17",Male n=8. Female n=N/A,0,92,14,5
LEFL,least flycatcher,Empidonax minimus,forests,insects,tree,flycatching,common bird in steep decline,S5B,,,,,Passeriformes,Tyrannidae,Empidonax,,Insectivore,air,sallier,,,,,,,10,1,8316,0,Males 10.4+/-0.1 g. Females 10.7+/-0.1 g,0,"Tarof, S. and J. V. Briskie (2008). Least Flycatcher (Empidonax minimus), version 2.0. In The Birds of North America (A. F. Poole, Editor). Cornell Lab of Ornithology, Ithaca, NY, USA. https://doi.org/10.2173/bna.99",Male n=54. Female n=44,0,10,1,8316
MAWA,magnolia warbler,Setophaga magnolia,forests,insects,tree,foliage gleaner,low concern,S5B,,,,,Passeriformes,Parulidae,Setophaga,,Insectivore,lower-canopy,gleaner,,,,,,,9,2,15966,0,8.65g,April-June,"Dunn, E. H. and G. A. Hall (2010). Magnolia Warbler (Setophaga magnolia), version 2.0. In The Birds of North America (A. F. Poole, Editor). Cornell Lab of Ornithology, Ithaca, NY, USA.https://doi.org/10.2173/bna.136",n=9190,0,9,2,15966
MALL,mallard,Anas platyrhynchos,lakes and ponds,omnivore,ground,dabbler,low concern,S5,,,,,Anseriformes,Anatidae,Anas,W,Granivore,ground,gleaner,,,,,,,,,,,,,,,,,,
MAWR,marsh wren,Cistothorus palustris,marshes,insects,shrub,ground forager,low concern,"S4B,S3N",,,,,Passeriformes,Troglodytidae,Cistothorus,W,Insectivore,marsh,gleaner,,,,,,,12,1,82,0,10.0g,All months,"Kale II, H. W. (1965a). Ecology and bioenergetics of the Long-billed Marsh Wren Telmatodytes palustris griseus (Brewster) in Georgia salt marshes. Publ. Nuttall Ornithol. Club, no. 5.",n=77,0,12,1,82
MODO,mourning dove,Zenaida macroura,open woodlands,seeds,tree,ground forager,low concern,S5,,,,,Columbiformes,Columbidae,Zenaida,,Granivore,ground,gleaner,,,,,,,132,15,408,0,126.5g,All months,"Otis, D. L., J. H. Schulz, D. Miller, R. E. Mirarchi, and T. S. Baskett (2008). Mourning Dove (Zenaida macroura), version 2.0. In The Birds of North America (A. F. Poole, Editor). Cornell Lab of Ornithology, Ithaca, NY, USA. https://doi.org/10.2173/bna.117",0,0,132,15,408
NOCA,northern cardinal,Cardinalis cardinalis,open woodlands,seeds,shrub,ground forager,low concern,S5,,,,,Passeriformes,Cardinalidae,Cardinalis,,Omnivore,ground,forager,,,,,,,42,3,1536,0,44.05g,All months,"Halkin, S. L. and S. U. Linville (1999). Northern Cardinal (Cardinalis cardinalis), version 2.0. In The Birds of North America (A. F. Poole and F. B. Gill, Editors). Cornell Lab of Ornithology, Ithaca, NY, USA. https://doi.org/10.2173/bna.440",n=183,0,42,3,1536
NOFL,northern flicker,Colaptes auratus,open woodlands,insects,cavity,ground forager,low concern,S5,,,,,Piciformes,Picidae,Colaptes,,Insectivore,ground,gleaner,,,,,,,,,,,,,,,,,,
NOHA,northern harrier,,grasslands,mammals,ground,aerial dive,low concern,,,,,,,,,,,,,,,,,,,,,,,,,,,,,,
NOMO,northern mockingbird,Mimus polyglottos,towns,omnivore,shrub,ground forager,low concern,S4,,,,,Passeriformes,Mimidae,Mimus,,Omnivore,ground,forager,,,,,,,48,4,87,0,49.0g,All months,"Farnsworth, G., G. A. Londono, J. U. Martin, K. C. Derrickson, and R. Breitwisch (2011). Northern Mockingbird (Mimus polyglottos), version 2.0. In The Birds of North America (A. F. Poole, Editor). Cornell Lab of Ornithology, Ithaca, NY, USA. https://doi.org/10.2173/bna.7",n=130,0,48,4,87
NRWS,northern rough-winged swallow,Stelgidopteryx serripennis,rivers and streams,insects,burrow,aerial forager,low concern,S4B,,,,,Passeriformes,Hirundinidae,Stelgidopteryx,,Insectivore,air,screener,,,,,,,,,,,,,,,,,,
NSWO,northern saw-whet owl,Aegolius acadicus,forests,mammals,cavity,aerial dive,low concern,S5,,,,,Strigiformes,Strigidae,Aegolius,,Carnivore,ground,hawker,,,,,,,,,,,,,,,,,,
OROR,orchard oriole,Icterus spurius,open woodlands,insects,tree,foliage gleaner,low concern,S4B,,,,,Passeriformes,Icteridae,Icterus,,Insectivore,upper-canopy,gleaner,,,,,,,21,2,353,0,19.57g,May - August,"Scharf, W. C. and J. Kren (2010). Orchard Oriole (Icterus spurius), version 2.0. In The Birds of North America (A. F. Poole, Editor). Cornell Lab of Ornithology, Ithaca, NY, USA.https://doi.org/10.2173/bna.255",n=873,0,21,2,353
PBGR,pied-billed grebe,Podilymbus podiceps,lakes and ponds,aquatic invertebrates,floating,surface dive,low concern,"S4B,S2N",,,,,Podicipediformes,Podicipedidae,Podilymbus,W,Insectivore,freshwater,diver,Crustaceovore,freshwater,diver,,,,0,0,0,0,416g,All months,"Muller, M. J. and R. W. Storer (1999). Pied-billed Grebe (Podilymbus podiceps), version 2.0. In The Birds of North America (A. F. Poole and F. B. Gill, Editors). Cornell Lab of Ornithology, Ithaca, NY, USA. https://doi.org/10.2173/bna.410",n=76,0,416,0,76
PIWA,pine warbler,Setophaga pinus,forests,insects,tree,bark forager,low concern,"S5B,S3N",,,,,Passeriformes,Parulidae,Setophaga,,Insectivore,bark,gleaner,,,,,,,12,2,44,0,11.9 +/- 1.24,All months,"Rodewald, P. G., J. H. Withgott, and K. G. Smith (2013). Pine Warbler (Setophaga pinus), version 2.0. In The Birds of North America (A. F. Poole, Editor). Cornell Lab of Ornithology, Ithaca, NY, USA.https://doi.org/10.2173/bna.438",n=21,0,12,2,44
PROW,prothonotary warbler,Protonotaria citrea,forests,insects,cavity,foliage gleaner,declining,S1B,END,END,END,,Passeriformes,Parulidae,Protonotaria,W,Insectivore,lower-canopy,gleaner,,bark,gleaner,,,,,,,,,,,,,,,
RBWO,red-bellied woodpecker,Melanerpes carolinus,forests,insects,cavity,bark forager,low concern,S5,,,,,Piciformes,Picidae,Melanerpes,,Insectivore,bark,gleaner,Omnivore,ground,forager,,,,,,,,,,,,,,,
RBNU,red-breasted nuthatch,Sitta canadensis,forests,insects,cavity,bark forager,low concern,S5,,,,,Passeriformes,Sittidae,Sitta,,Insectivore,bark,gleaner,,,,,,,,,,,,,,,,,,
REVI,red-eyed vireo,Vireo olivaceus,forests,insects,tree,foliage gleaner,low concern,S5B,,,,,Passeriformes,Vireonidae,Vireo,,Insectivore,upper-canopy,gleaner,,,,,,,17,2,3817,0,20.825g,Fall,"Cimprich, D. A., F. R. Moore, and M. P. Guilfoyle (2018). Red-eyed Vireo (Vireo olivaceus), version 1.1. In The Birds of North America (P. G. Rodewald, Editor). Cornell Lab of Ornithology, Ithaca, NY, USA. https://doi.org/10.2173/bna.reevir1.01.1",n=455,0,17,2,3817
RHWO,red-headed woodpecker,Melanerpes erythrocephalus,open woodlands,omnivore,cavity,flycatching,declining,S3,END,END,END,,Piciformes,Picidae,Melanerpes,,Insectivore,air,sallier,,,,,,,71,7,865,0,71.6g +/- 7.6,All months,"Frei, B., K. G. Smith, J. H. Withgott, P. G. Rodewald, P. Pyle, and M. A. Patten (2017). Red-headed Woodpecker (Melanerpes erythrocephalus), version 2.1. In The Birds of North America (P. G. Rodewald, Editor). Cornell Lab of Ornithology, Ithaca, NY, USA.https://doi.org/10.2173/bna.rehwoo.02.1",n=89,0,71,7,865
RTHA,red-tailed hawk,Buteo jamaicensis,forests,small animals,tree,soaring,low concern,S5,NAR,NAR,,,Accipitriformes,Accipitridae,Buteo,,Carnivore,ground,hawker,,,,,,,,,,,,,,,,,,
RWBL,red-winged blackbird,Agelaius phoeniceus,marshes,insects,shrub,ground forager,low concern,S5,,,,,Passeriformes,Icteridae,Agelaius,,Omnivore,ground,forage,,,,,,,,,,,,,,,,,,
RBGR,rose-breasted grosbeak,Pheucticus ludovicianus,forests,insects,tree,foliage gleaner,low concern,S5B,,,,,Passeriformes,Cardinalidae,Pheucticus,,Omnivore,upper-canopy,forager,,,,,,,46,4,5615,0,44.6g,May-August,"Wyatt, V. E. and C. M. Francis (2002). Rose-breasted Grosbeak (Pheucticus ludovicianus), version 2.0. In The Birds of North America (A. F. Poole and F. B. Gill, Editors). Cornell Lab of Ornithology, Ithaca, NY, USA. https://doi.org/10.2173/bna.692",n=125,0,46,4,5615
RTHU,ruby-throated hummingbird,Archilochus colubris,open woodlands,nectar,tree,hovering,low concern,S5B,,,,,Apodiformes,Trochilidae,Archilochus,,Omnivore,floral,hover-gleaner,,,,,,,,,,,,,,,,,,
SAVS,savannah sparrow,,grasslands,insects,ground,ground forager,low concern,,,,,,,,,,,,,,,,,,,,,,,,,,,,,,
SCTA,scarlet tanager,Piranga olivacea,forests,insects,tree,foliage gleaner,low concern,S5B,,,,,Passeriformes,Cardinalidae,Piranga,,Insectivore,upper-canopy,gleaner,,,,,,,29,3,836,0,25.0g,Breeding season,"Mowbray, T. B. (1999). Scarlet Tanager (Piranga olivacea), version 2.0. In The Birds of North America (A. F. Poole and F. B. Gill, Editors). Cornell Lab of Ornithology, Ithaca, NY, USA.https://doi.org/10.2173/bna.479",n=41,0,29,3,836
SSHA,sharp-shinned hawk,Accipiter striatus,forests,birds,tree,aerial dive,low concern,S5,NAR,NAR,,,Accipitriformes,Accipitridae,Accipiter,,Carnivore,air,hawker,,ground,hawker,,,,,,,,,,,,,,,
SOSP,song sparrow,Melospiza melodia,open woodlands,insects,shrub,ground forager,low concern,S5,,,,,Passeriformes,Passerellidae,Melospiza,,Omnivore,lower-canopyforager,ground,,forager,,,,,,,,,,,,,,,,
SORA,sora,Porzana carolina,marshes,seeds,floating,ground forager,low concern,S5B,,,,,Gruiformes,Rallidae,Porzana,W,Omnivore,fresh-marsh,forager,,,,,,,89,40,4,0,73.7g +/- 11.0,Unknown,"Melvin, S. M. and J. P. Gibbs (2012). Sora (Porzana carolina), version 2.0. In The Birds of North America (A. F. Poole, Editor). Cornell Lab of Ornithology, Ithaca, NY, USA.https://doi.org/10.2173/bna.250",n=78,0,89,40,4
SPSA,spotted sandpiper,Actitis macularius,shorelines,small animals,ground,probing,low concern,S5B,,,,,Charadriiformes,Scolopacidae,Actitis,W,Insectivore,shoreline,gleaner,,,,,,,41,11,149,0,37.7g +/- 6.01,July,"Reed, J. M., L. W. Oring, and E. M. Gray (2013). Spotted Sandpiper (Actitis macularius), version 2.0. In The Birds of North America (A. F. Poole, Editor). Cornell Lab of Ornithology, Ithaca, NY, USA.https://doi.org/10.2173/bna.289",n=19,0,41,11,149
SWSP,swamp sparrow,Melospiza georgiana,marshes,insects,shrub,ground forager,low concern,"S5B,S4N",,,,,Passeriformes,Passerellidae,Melospiza,W,Omnivore,ground,forager,,,,,,,16,3,3615,0,17g,Unknown,"Mowbray, T. B. (1997). Swamp Sparrow (Melospiza georgiana), version 2.0. In The Birds of North America (A. F. Poole and F. B. Gill, Editors). Cornell Lab of Ornithology, Ithaca, NY, USA.https://doi.org/10.2173/bna.279",n=991,0,16,3,3615
TRES,tree swallow,Tachycineta bicolor,lakes and ponds,insects,cavity,aerial forager,low concern,S4S5B,,,,,Passeriformes,Hirundinidae,Tachycineta,,Insectivore,air,screener,,,,,,,22,2,16816,0,21.2g,Breeding season,"Winkler, D. W., K. K. Hallinger, D. R. Ardia, R. J. Robertson, B. J. Stutchbury, and R. R. Cohen (2011).Tree Swallow (Tachycineta bicolor), version 2.0. In The Birds of North America (A. F. Poole, Editor). Cornell Lab of Ornithology, Ithaca, NY, USA. https://doi.org/10.2173/bna.11",Unknown,0,22,2,16816
VEER,veery,Catharus fuscescens,forests,insects,ground,ground forager,low concern,S5B,,,,,Passeriformes,Turdidae,Catharus,,Omnivore,ground,forager,,lower-canopy,forager,,,,32,3,3145,0,32.4g +/- 3.2,Unknown,"Heckscher, C. M., L. R. Bevier, A. F. Poole, W. Moskoff, P. Pyle, and M. A. Patten (2017). Veery(Catharus fuscescens), version 3.0. In The Birds of North America (P. G. Rodewald, Editor). Cornell Lab of Ornithology, Ithaca, NY, USA. https://doi.org/10.2173/bna.veery.03",n=118,0,32,3,3145
VESP,vesper sparrow,,grasslands,insects,ground,ground forager,low concern,,,,,,,,,,,,,,,,,,,,,,,,,,,,,,
VIRA,Virginia rail,Rallus limicola,marshes,aquatic invertebrates,ground,probing,low concern,S4S5B,,,,,Gruiformes,Rallidae,Rallus,W,Insectivore,marsh,prober,Molluscovore,marsh,prober,,,,81,13,6,0,84.1g +/- 14.5,Fall,"Kaufmann, G. W. (1987). Growth and development of Sora and Virginia Rail chicks. Wilson Bull. no. 99:432-440.",n=147,0,81,13,6
WAVI,warbling vireo,Vireo gilvus,open woodlands,insects,tree,foliage gleaner,low concern,S5B,,,,,Passeriformes,Vireonidae,Vireo,,Insectivore,upper-canopy,gleaner,,,,,,,13,1,1179,0,13.51g +/- 1.43,Unknown,"Gardali, T. and G. Ballard (2000). Warbling Vireo (Vireo gilvus), version 2.0. In The Birds of North America (A. F. Poole and F. B. Gill, Editors). Cornell Lab of Ornithology, Ithaca, NY, USA.https://doi.org/10.2173/bna.551",n=75,0,13,1,1179
WBNU,white-breasted nuthatch,Sitta carolinensis,forests,insects,cavity,bark forager,low concern,S5,,,,,Passeriformes,Sittidae,Sitta,,Insectivore,bark,gleaner,,,,,,,21,1,125,0,21.1g +/- 2.4,Unknown,"Grubb Jr., T. C. and V. V. Pravosudov (2008). White-breasted Nuthatch (Sitta carolinensis), version 2.0. In The Birds of North America (A. F. Poole, Editor). Cornell Lab of Ornithology, Ithaca, NY, USA.https://doi.org/10.2173/bna.54",n=266,0,21,1,125
WEVI,white-eyed vireo,Vireo griseus,scrub,insects,shrub,foliage gleaner,low concern,S1B,,,,,Passeriformes,Vireonidae,Vireo,,Insectivore,lower-canopy,gleaner,,,,,,,11,1,163,0,11.93g,Spring-summer,"Hopp, S. L., A. Kirby, and C. A. Boone (1995). White-eyed Vireo (Vireo griseus), version 2.0. In The Birds of North America (A. F. Poole and F. B. Gill, Editors). Cornell Lab of Ornithology, Ithaca, NY, USA. https://doi.org/10.2173/bna.168",n=94,0,11,1,163
WTSP,white-throated sparrow,Zonotrichia albicollis,forests,seeds,ground,ground forager,low concern,S5,,,,,Passeriformes,Passerellidae,Zonotrichia,,Omnivore,ground,forager,,,,,,,26,2,32059,0,25.9g +/- 2.2,Unknown,"Falls, J. B. and J. G. Kopachena (2010). White-throated Sparrow (Zonotrichia albicollis), version 2.0. In The Birds of North America (A. F. Poole, Editor). Cornell Lab of Ornithology, Ithaca, NY, USA.https://doi.org/10.2173/bna.128",n=1884,0,26,2,32059
WITU,wild turkey,Meleagris gallopavo,open woodlands,omnivore,ground,ground forager,low concern,S5,,,,,Galliformes,Phasianidae,Meleagris,,Omnivore,ground,forager,,,,,,,no data on lpbo banding ,0,0,0,4130g,Early-late winter,"McRoberts, J. T., M. C. Wallace, and S. W. Eaton (2014). Wild Turkey (Meleagris gallopavo), version 2.0. In The Birds of North America (A. F. Poole, Editor). Cornell Lab of Ornithology, Ithaca, NY, USA.https://doi.org/10.2173/bna.22",Unknown,0,4130,0,0
WIFL,willow flycatcher,Empidonax traillii,marshes,insects,shrub,flycatching,low concern,S4B,,,,,Passeriformes,Tyrannidae,Empidonax,W,Insectivore,air,sallier,,,,,,,,,,,,,,,,,,
WISN,Wilson's snipe,Gallinago delicata,marshes,aquatic invertebrates,ground,probing,low concern,S5B,,,,,Charadriiformes,Scolopacidae,Gallinago,W,Vermivore,ground,prober,,,,,,,,,,,,,,,,,,
WIWR,winter wren,Troglodytes hiemalis,forests,insects,cavity,ground forager,low concern,"S5B,S4N",,,,,Passeriformes,Troglodytidae,Troglodytes,,Insectivore,ground,gleaner,,,,,,,8,1,283,0,8.9g +/- 0.20,Unknown,"Hejl, S. J., J. A. Holmes, and D. E. Kroodsma (2002). Winter Wren (Troglodytes hiemalis), version 2.0. In The Birds of North America (A. F. Poole and F. B. Gill, Editors). Cornell Lab of Ornithology, Ithaca, NY, USA. https://doi.org/10.2173/bna.623",n=54,0,8,1,283
WODU,wood duck,Aix sponsa,lakes and ponds,plants,cavity,dabbler,low concern,"S5B,S3N",,,,,Anseriformes,Anatidae,Aix,W,Granivore,ground,gleaner,,freshwater,surface gleaner,,,,0,0,0,0,657.5g,Fall-winter,"Hepp, G. R. and F. C. Bellrose (2013). Wood Duck (Aix sponsa), version 2.0. In The Birds of North America (A. F. Poole, Editor). Cornell Lab of Ornithology, Ithaca, NY, USA.https://doi.org/10.2173/bna.169",n=551,0,658,0,551
YWAR,yellow warbler,Setophaga petechia,open woodlands,insects,shrub,foliage gleaner,low concern,S5B,,,,,Passeriformes,Parulidae,Setophaga,,Insectivore,lower-canopy,gleaner,,,,,,,10,1,10419,0,9.8g  ,May,"Biermann, G. C. and S. G. Sealy. (1985). Seasonal dynamics of body mass of insectivorous passerines breeding on the forested dune ridge, Delta Marsh, Manitoba. Can. J. Zool. no. 63:1675-1682.",n=318,0,10,1,10419
YBCU,yellow-billed cuckoo,Coccyzus americanus,open woodlands,insects,tree,foliage gleaner,common bird in steep decline,S4B,,,,,Cuculiformes,Cuculidae,Coccyzus,,Insectivore,lower-canopy,gleaner,,,,,,,58,7,94,0,60.7g,Spring-summer,"Hughes, J. M. (2015). Yellow-billed Cuckoo (Coccyzus americanus), version 2.0. In The Birds of North America (P. G. Rodewald, Editor). Cornell Lab of Ornithology, Ithaca, NY, USA.https://doi.org/10.2173/bna.418",n=7,0,58,7,94
YTVI,yellow-throated vireo,Vireo flavifrons,open woodlands,insects,tree,foliage gleaner,low concern,S4B,,,,,Passeriformes,Vireonidae,Vireo,,Insectivore,upper-canopy,gleaner,,,,,,,17,1,59,0,18.0g +/- 1.63,Breeding season,"Rodewald, P. G. and R. D. James (2011). Yellow-throated Vireo (Vireo flavifrons), version 2.0. In The Birds of North America (A. F. Poole, Editor). Cornell Lab of Ornithology, Ithaca, NY, USA.https://doi.org/10.2173/bna.247",n=16,0,17,1,59
