sp_common_name_uppercase_IBP,sp_scientific_name_IBP,species_4code_IBP,species_6code_IBP,species_4code_LPBBC,BOTW_citation,BOTW_reference,sp_weight_g,weight_reference,habitat_guild_BOTW,food_item_BOTW,nest_guild_BOTW,forage_behavior_BOTW,conservation_status_BOTW,food_foraging_guild_degraaf,habitat_foraging_guild_degraaf,behaviour_foraging_guild_degraaf,sp_common_name_uppercase_NHIC,sp_scientific_name_NHIC,sp_common_name_lowercase_NHIC,sp_common_name_noun_NHIC,sp_common_name_sentence_NHIC,sp_author_NHIC,sp_french_name_NHIC,sp_common_name_AOS,sp_french_name_AOS,sp_order_AOS,sp_family_AOS,sp_subfamily_name_AOS,sp_genus_AOS,sp_scientific_name_AOS,status_introduced_AOS,sp_common_name_PFN,sp_Ojibwe_name_PFN,sp_name_meaning_PFN,sp_latin_name_PFN,Breeding.Biome,Winter.Biome,Family,bird.group,Migrate,AI,native,popest,popestlci,popestuci,first_year_popest,last_year_popest,Pop.source,Trajectory_data_source,Trajectory_firstyear,Trajectory_lastyear,Loss_med,Loss_lci,Loss_uci,Loss_lqrt,Loss_uqrt,PopUsCa,PopLC95,PopUC95,TimeAdj.meanlog,TimeAdj.sdlog,Distance Adj.,Pair Adj.
American Black Duck,Anas rubripes,ABDU,ANARUB,ABDU,"Longcore et al., 2020","Longcore, J. R., McAuley, D. G., Hepp, G. R., & Rhymer, J. M. (2020). American Black Duck (Anas rubripes), version 1.0. Birds of the World. https://doi.org/10.2173/bow.ambduc.01species_shared.bow.project_name",1204,Birds of the World,lakes and ponds,insects,ground,dabbler,low concern,Omnivore,water,dabbler,American Black Duck,Anas rubripes,american black duck,American black duck,American black duck,"(Brewster, 1902)",Canard noir,American Black Duck,Canard noir,Anseriformes,Anatidae,Anatinae,Anas,Anas rubripes,,,,,,Wetland,Temperate North America,Anatidae,waterfowl,M,other,native,583500,500200,666800,2013,2017,FWS1317,BBS7017,1970,2017,340512.1467,177868.2311,505661.5542,285368.6385,396500.9146,Missing,,,,,,
American Goldfinch,Spinus tristis,AGOL,SPITRI,AMGO,"McGraw and Middleton, 2020","McGraw, K. J., & Middleton, A. L. (2020). American Goldfinch (Spinus tristis), version 1.0. Birds of the World. https://doi.org/10.2173/bow.amegfi.01species_shared.bow.project_name",12.84,Long Point Bird Observatory,open woodlands,seeds,shrub,foliage gleaner,low concern,Omnivore,lower-canopy,forager,American Goldfinch,Spinus tristis,american goldfinch,American goldfinch,American goldfinch,"(Linnaeus, 1758)",Chardonneret jaune,American Goldfinch,Chardonneret jaune,Passeriformes,Fringillidae,Carduelinae,Spinus,Spinus tristis,,,,,,Forest Generalist,Temperate North America,Fringillidae,landbird,M,other,native,44092850,41554624,46767583,2006,2015,PIF0615,BBS7017,1970,2017,2743106.969,-883054.4085,6269189.322,1499409.077,3953984.736,44092849.71,41554623.5,46767582.5,0.311311237,0.018869851,125,1.25
American Goshawk,Accipiter atricapillus,AGOS,ACCATR,NOGO,"Squires and Reynolds, 2023","Squires, J. R., & Reynolds, R. T. (2023). American Goshawk (Accipiter atricapillus), version 1.1. Birds of the World. https://doi.org/10.2173/bow.norgos.01.1species_shared.bow.project_name",1050.75,Birds of the World,forests,birds,tree,aerial dive,low concern,Carnivore,air,hawker,American Goshawk,Accipiter atricapillus,american goshawk,American goshawk,American goshawk,"(Wilson, 1812)",Autour des palombes,American Goshawk,Autour d’Amérique,Accipitriformes,Accipitridae,Accipitrinae,Accipiter,Accipiter atricapillus,,,,,,Forest Generalist,Temperate North America,Accipitridae,landbird,M,other,native,205103,144935,279609,2006,2015,PIF0615,BBS7017,1970,2017,-48108.77065,-93351.63157,-16110.06874,-61841.97042,-35855.55396,Missing,,,,,,
American Bittern,Botaurus lentiginosus,AMBI,BOTLEN,AMBI,"Lowther et al., 2020","Lowther, P. E., Poole, A. F., Gibbs, J. P., Melvin, S. M., & Reid, F. A. (2020). American Bittern (Botaurus lentiginosus), version 1.0. Birds of the World. https://doi.org/10.2173/bow.amebit.01species_shared.bow.project_name",748.5,Birds of the World,marshes,fish,ground,stalking,low concern,Carnivore,water,ambusher,American Bittern,Botaurus lentiginosus,american bittern,American bittern,American bittern,"(Rackett, 1813)",Butor d'Amérique,American Bittern,Butor d'Amérique,Pelecaniformes,Ardeidae,,Botaurus,Botaurus lentiginosus,,American Bittern,Mosh-ka-was-shi,"Coming up from under. Thought to make its cry while holding its head under water, so that the sound has to come up out of the water ",Botaurus lentiginosus,Wetland,Temperate North America,Ardeidae,waterbird,M,other,native,2507797,2005616,3117498,2006,2015,PIF0615,BBS7017,1970,2017,715897.4263,173483.1062,1234860.5,529610.1663,894811.8024,2507797.365,2005615.884,3117498.263,0.527650945,0.011264365,200,2
American Crow,Corvus brachyrhynchos,AMCR,CORBRA,AMCR,"Verbeek and Caffrey, 2021","Verbeek, N. A., & Caffrey, C. (2021). American Crow (Corvus brachyrhynchos), version 1.1. Birds of the World. https://doi.org/10.2173/bow.amecro.01.1species_shared.bow.project_name",506,Birds of the World,open woodlands,omnivore,tree,ground forager,low concern,Omnivore,ground,forager,American Crow,Corvus brachyrhynchos,american crow,American crow,American crow,"(Brehm, 1822)",Corneille d'Amérique,American Crow,Corneille d'Amérique,Passeriformes,Corvidae,,Corvus,Corvus brachyrhynchos,,,,,,Habitat Generalist,Temperate North America,Corvidae,landbird,M,other,native,28047630,26447403,29639378,2006,2015,PIF0615,BBS7017,1970,2017,-837552.9815,-2431116.019,734755.6257,-1392337.978,-310652.9783,28047630.47,26447403,29639378,0.509424135,0.035825627,400,1.75
American Kestrel,Falco sparverius,AMKE,FALSPA,AMKE,"Smallwood and Bird, 2020","Smallwood, J. A., & Bird, D. M. (2020). American Kestrel (Falco sparverius), version 1.0. Birds of the World. https://doi.org/10.2173/bow.amekes.01species_shared.bow.project_name",115.5,Long Point Bird Observatory,grasslands,small animals,cavity,aerial dive,low concern,Insectivore,air,hawker,American Kestrel,Falco sparverius,american kestrel,American kestrel,American kestrel,"(Linnaeus, 1758)",Crécerelle d'Amérique,American Kestrel,Crécerelle d'Amérique,Falconiformes,Falconidae,Falconinae,Falco,Falco sparverius,,,,,,Habitat Generalist,Widespread,Falconidae,landbird,M,other,native,2827776,2564206,3116508,2006,2015,PIF0615,BBS7017,1970,2017,1878753.97,1595456.874,2174949.979,1781703.362,1978650.543,2827776.011,2564205.5,3116507.5,0.290453514,0.006693885,200,1.25
American Redstart,Setophaga ruticilla,AMRE,SETRUT,AMRE,"Sherry et al., 2020","Sherry, T. W., Holmes, R. T., Pyle, P., & Patten, M. A. (2020). American Redstart (Setophaga ruticilla), version 1.0. Birds of the World. https://doi.org/10.2173/bow.amered.01species_shared.bow.project_name",8.29,Long Point Bird Observatory,forests,insects,tree,foliage gleaner,low concern,Insectivore,lower-canopy,gleaner,American Redstart,Setophaga ruticilla,american redstart,American redstart,American redstart,"(Linnaeus, 1758)",Paruline flamboyante,American Redstart,Paruline flamboyante,Passeriformes,Parulidae,,Setophaga,Setophaga ruticilla,,,,,,Eastern Forest,Widespread Neotropical,Parulidae,landbird,M,other,native,42464674,37027311,48475245,2006,2015,PIF0615,BBS7017,1970,2017,4242063.118,-423720.7354,8951280.331,2703868.593,5863375.811,42464673.68,37027310.5,48475244.5,0.081164913,0.00961596,100,2
American Robin,Turdus migratorius,AMRO,TURMIG,AMRO,"Vanderhoff et al., 2020","Vanderhoff, N., Pyle, P., Patten, M. A., Sallabanks, R., & James, F. C. (2020). American Robin (Turdus migratorius), version 1.0. Birds of the World. https://doi.org/10.2173/bow.amerob.01species_shared.bow.project_name",78.09,Long Point Bird Observatory,open woodlands,insects,tree,ground forager,low concern,Vermivore,ground,gleaner,American Robin,Turdus migratorius,american robin,American robin,American robin,"(Linnaeus, 1766)",Merle d'Amérique,American Robin,Merle d'Amérique,Passeriformes,Turdidae,,Turdus,Turdus migratorius,,American robin,O-pi'-che,,Merula migratoria,Forest Generalist,Temperate North America,Turdidae,landbird,M,other,native,366076928,337429985,392723825,2006,2015,PIF0615,BBS7017,1970,2017,-20019406.37,-37111476.98,-3750046.45,-25820997.26,-14432668.61,366076928.5,337429984.5,392723824.5,0.816820459,0.040591642,200,2
American Woodcock,Scolopax minor,AMWO,SCOMIN,AMWO,"McAuley et al., 2020","McAuley, D. G., Keppie, D. M., & Whiting Jr., R. M. (2020). American Woodcock (Scolopax minor), version 1.0. Birds of the World. https://doi.org/10.2173/bow.amewoo.01species_shared.bow.project_name",161.17,Long Point Bird Observatory,forests,insects,ground,probing,declining,Vermivore,ground,probe,American Woodcock,Scolopax minor,american woodcock,American woodcock,American woodcock,"(Gmelin, 1789)",Bécasse d'Amérique,American Woodcock,Bécasse d'Amérique,Charadriiformes,Scolopacidae,Scolopacinae,Scolopax,Scolopax minor,,,,,,Eastern Forest,Temperate North America,Scolopacidae,shorebird,M,other,native,3500000,3000000,4000000,2011,2013,Shoreb12,SGS6817,1970,2017,1664212.47,1325504.355,2031492.917,1544190.625,1785860.082,Missing,,,,,,
Bald Eagle,Haliaeetus leucocephalus,BAEA,HALLEU,BAEA,"Buehler, 2022","Buehler, D. A. (2022). Bald Eagle (Haliaeetus leucocephalus), version 2.0. Birds of the World. https://doi.org/10.2173/bow.baleag.02species_shared.bow.project_name",4897.5,Birds of the World,forests,fish,tree,soaring,low concern,Piscivore,water,foot-plunger,Bald Eagle,Haliaeetus leucocephalus,bald eagle,bald eagle,Bald eagle,"(Linnaeus, 1766)",Pygargue à tête blanche,Bald Eagle,Pygargue à tête blanche,Accipitriformes,Accipitridae,Accipitrinae,Haliaeetus,Haliaeetus leucocephalus,,Bald Eagle,Mi'-gi-zi,"unknown. When young, or gray, it is called Ini'-ni-zi which is man eagle. When old and white, it is called Wa'-bi-jush-kwe', which means white woman",Haliaetus leucocephalus,Wetland,Temperate North America,Accipitridae,landbird,M,other,native,200000,100000,300000,2015,2017,ACAD,BBS7017,1970,2017,-199324.9438,-312189.9806,-96947.83402,-236328.5262,-162465.3769,Missing,,,,,,
Bank Swallow,Riparia riparia,BANS,RIPRIP,BANS,"Garrison and Turner, 2020","Garrison, B. A., & Turner, A. (2020). Bank Swallow (Riparia riparia), version 1.0. Birds of the World. https://doi.org/10.2173/bow.banswa.01species_shared.bow.project_name",14,Long Point Bird Observatory,lakes and ponds,insects,burrow,aerial forager,common bird in steep decline,Insectivore,air,screener,Bank Swallow,Riparia riparia,bank swallow,bank swallow,Bank swallow,"(Linnaeus, 1758)",Hirondelle de rivage,Bank Swallow,Hirondelle de rivage,Passeriformes,Hirundinidae,Hirundininae,Riparia,Riparia riparia,,,,,,Habitat Generalist,South America,Hirundinidae,landbird,M,AI,native,7940368,6125188,10752527,2006,2015,PIF0615,BBS7017,1970,2017,56359017.02,39379185.34,73792278.98,50452681.75,62176291.44,7940368.473,6125187.5,10752526.5,0.642518351,0.054160354,200,1
Baltimore Oriole,Icterus galbula,BAOR,ICTGAL,BAOR,"Rising and Flood, 2020","Rising, J. D., & Flood, N. J. (2020). Baltimore Oriole (Icterus galbula), version 1.0. Birds of the World. https://doi.org/10.2173/bow.balori.01species_shared.bow.project_name",34.12,Long Point Bird Observatory,forests,insects,tree,foliage gleaner,low concern,Omnivore,upper-canopy,forager,Baltimore Oriole,Icterus galbula,baltimore oriole,Baltimore oriole,Baltimore oriole,"(Linnaeus, 1758)",Oriole de Baltimore,Baltimore Oriole,Oriole de Baltimore,Passeriformes,Icteridae,Icterinae,Icterus,Icterus galbula,,Baltimore Oriole,"Wa-do'-pi-bi-ne'-shi, Wadopi bineshi ",Poplar or willow bird; from its nesting on the boughs of these trees,Icterrus galbula,Eastern Forest,Widespread Neotropical,Icteridae,landbird,M,other,native,11806532,10808329,12963225,2006,2015,PIF0615,BBS7017,1970,2017,8601410.806,7298291.343,10020637.07,8136466.436,9067441.416,11806531.88,10808328.5,12963225,0.141448158,0.008339067,125,1.75
Black-billed Cuckoo,Coccyzus erythropthalmus,BBCU,COCERY,BBCU,"Hughes, 2020a","Hughes, J. M. (2020a). Black-billed Cuckoo (Coccyzus erythropthalmus), version 1.0. Birds of the World. https://doi.org/10.2173/bow.bkbcuc.01species_shared.bow.project_name",50.85,Birds of the World,forests,insects,tree,foliage gleaner,declining,Insectivore,lower-canopy,gleaner,Black-billed Cuckoo,Coccyzus erythropthalmus,black-billed cuckoo,black-billed cuckoo,Black-billed cuckoo,"(Wilson, 1811)",Coulicou à bec noir,Black-billed Cuckoo,Coulicou à bec noir,Cuculiformes,Cuculidae,Cuculinae,Coccyzus,Coccyzus erythropthalmus,,,,,,Eastern Forest,South America,Cuculidae,landbird,M,other,native,875781,735134,1051851,2006,2015,PIF0615,BBS7017,1970,2017,1473177.097,1066336.779,1901168.548,1329195.019,1619381.797,875781.37,735133.5,1051851,0.283172906,0.005624163,200,2
Black-capped Chickadee,Poecile atricapillus,BCCH,POEATR,BCCH,"Foote et al., 2020","Foote, J. R., Mennill, D. J., Ratcliffe, L. M., & Smith, S. M. (2020). Black-capped Chickadee (Poecile atricapillus), version 1.0. Birds of the World. https://doi.org/10.2173/bow.bkcchi.01species_shared.bow.project_name",10.76,Long Point Bird Observatory,forests,insects,cavity,foliage gleaner,low concern,Insectivore,lower-canopygleaner,gleaner,Black-capped Chickadee,Poecile atricapillus,black-capped chickadee,black-capped chickadee,Black-capped chickadee,"(Linnaeus, 1766)",Mésange à tête noire,Black-capped Chickadee,Mésange à tête noire,Passeriformes,Paridae,,Poecile,Poecile atricapillus,,Black-capped chickadee,Kitch'-i-kitch'-i-ga'-ne-shi,Attempted mimicry of its song ,Parus atricapillus,Forest Generalist,Temperate North America,Paridae,landbird,R,other,native,43031705,39633241,46269089,2006,2015,PIF0615,BBS7017,1970,2017,-11554201.43,-15357820.55,-8230942.025,-12801407.66,-10341552.91,43031705.05,39633241,46269088.5,0.378610362,0.015744777,125,2
Belted Kingfisher,Megaceryle alcyon,BEKI,MEGALC,BEKI,"Kelly et al., 2020","Kelly, J. F., Bridge, E. S., & Hamas, M. J. (2020). Belted Kingfisher (Megaceryle alcyon), version 1.0. Birds of the World. https://doi.org/10.2173/bow.belkin1.01species_shared.bow.project_name",148.75,Birds of the World,lakes and ponds,fish,burrow,aerial dive,low concern,Piscivore,water,plunger,Belted Kingfisher,Megaceryle alcyon,belted kingfisher,belted kingfisher,Belted kingfisher,"(Linnaeus, 1758)",Martin-pêcheur d'Amérique,Belted Kingfisher,Martin-pêcheur d'Amérique,Coraciiformes,Alcedinidae,Cerylinae,Megaceryle,Megaceryle alcyon,,,,,,Wetland,Widespread,Alcedinidae,landbird,M,other,native,1843798,1568548,2159306,2006,2015,PIF0615,BBS7017,1970,2017,1557331.645,1271728.245,1866621.591,1456772.487,1659761.093,1843797.767,1568548,2159305.5,0.290382383,0.001070783,200,2
Blue-gray Gnatcatcher,Polioptila caerulea,BGGN,POLCAE,BGGN,"Kershner and Ellison, 2020","Kershner, E. L., & Ellison, W. G. (2020). Blue-gray Gnatcatcher (Polioptila caerulea), version 1.0. Birds of the World. https://doi.org/10.2173/bow.buggna.01species_shared.bow.project_name",6.02,Long Point Bird Observatory,forests,insects,tree,foliage gleaner,low concern,Insectivore,upper-canopy,gleaner,Blue-gray Gnatcatcher,Polioptila caerulea,blue-gray gnatcatcher,blue-gray gnatcatcher,Blue-gray gnatcatcher,"(Linnaeus, 1766)",Gobemoucheron gris-bleu,Blue-gray Gnatcatcher,Gobemoucheron gris-bleu,Passeriformes,Polioptilidae,,Polioptila,Polioptila caerulea,,,,,,Habitat Generalist,Widespread,Polioptilidae,landbird,M,other,native,229194394,195048713,266969269,2006,2015,PIF0615,BBS7017,1970,2017,-31567071.65,-53467417.79,-12538961.51,-38600216.55,-24753750.23,229194393.9,195048713,266969269,0.507549726,0.013481573,50,1.75
Brown-headed Cowbird,Molothrus ater,BHCO,MOLATE,BHCO,"Lowther, 2020","Lowther, P. E. (2020). Brown-headed Cowbird (Molothrus ater), version 1.0. Birds of the World. https://doi.org/10.2173/bow.bnhcow.01species_shared.bow.project_name",46.33,Long Point Bird Observatory,grasslands,seeds,tree,ground forager,low concern,Omnivore,ground,forager,Brown-headed Cowbird,Molothrus ater,brown-headed cowbird,brown-headed cowbird,Brown-headed cowbird,"(Boddaert, 1783)",Vacher à tête brune,Brown-headed Cowbird,Vacher à tête brune,Passeriformes,Icteridae,Agelaiinae,Molothrus,Molothrus ater,,Cowbird,A-ga'-jid-as-sig'-gi-nak,Small Black bird,Molothrus ater,Habitat Generalist,Temperate North America,Icteridae,landbird,M,other,native,126705388,117868557,135950409,2006,2015,PIF0615,BBS7017,1970,2017,40902526.7,32324567.26,49507921.9,38026024.99,43814928.04,126705387.7,117868556.5,135950409,0.196359385,0.015316476,125,1.75
Blackburnian Warbler,Setophaga fusca,BLBW,SETFUS,BLBW,"Morse, 2020","Morse, D. H. (2020). Blackburnian Warbler (Setophaga fusca), version 1.0. Birds of the World. https://doi.org/10.2173/bow.bkbwar.01species_shared.bow.project_name",10.04,Long Point Bird Observatory,forests,insects,tree,foliage gleaner,low concern,Insectivore,upper-canopy,gleaner,Blackburnian Warbler,Setophaga fusca,blackburnian warbler,blackburnian warbler,Blackburnian warbler,"(Müller, 1776)",Paruline à gorge orangée,Blackburnian Warbler,Paruline à gorge orangée,Passeriformes,Parulidae,,Setophaga,Setophaga fusca,,,,,,Boreal Forest,South America,Parulidae,landbird,M,other,native,13271149,10865077,16109037,2006,2015,PIF0615,BBS7017,1970,2017,-1387357.248,-3305715.935,266365.8675,-1988293.812,-807792.7123,13271149.5,10865077,16109037,0.191437754,0.009454552,80,2
Blue Jay,Cyanocitta cristata,BLJA,CYACRI,BLJA,"Smith et al., 2020","Smith, K. G., Tarvin, K. A., & Woolfenden, G. E. (2020). Blue Jay (Cyanocitta cristata), version 1.0. Birds of the World. https://doi.org/10.2173/bow.blujay.01species_shared.bow.project_name",85.46,Long Point Bird Observatory,forests,omnivore,tree,ground forager,low concern,Omnivore,ground,forager,Blue Jay,Cyanocitta cristata,blue jay,blue jay,Blue jay,"(Linnaeus, 1758)",Geai bleu,Blue Jay,Geai bleu,Passeriformes,Corvidae,,Cyanocitta,Cyanocitta cristata,,Blue jay,Jan-di'-si,Name,Cyanocitta cristata,Eastern Forest,Temperate North America,Corvidae,landbird,M,other,native,17238587,15864197,18715069,2006,2015,PIF0615,BBS7017,1970,2017,5391959.722,4456773.377,6381627.172,5057991.44,5726875.121,17238586.96,15864197,18715068.5,0.196211491,0.011653135,200,1.25
Bobolink,Dolichonyx oryzivorus,BOBO,DOLORY,BOBO,"Renfrew et al., 2020","Renfrew, R., Strong, A. M., Perlut, N. G., Martin, S. G., & Gavin, T. A. (2020). Bobolink (Dolichonyx oryzivorus), version 1.0. Birds of the World. https://doi.org/10.2173/bow.boboli.01species_shared.bow.project_name",31.91,Long Point Bird Observatory,grasslands,seeds,ground,ground forager,declining,Omnivore,ground,forager,Bobolink,Dolichonyx oryzivorus,bobolink,bobolink,Bobolink,"(Linnaeus, 1758)",Goglu des prés,Bobolink,Goglu des prés,Passeriformes,Icteridae,Dolichonychinae,Dolichonyx,Dolichonyx oryzivorus,,Bobolink,"Shi-ka'-go-bi-ne'-shi, Shikago bineshi","Chicago black bird, that is skunk bird, from white stripe down the middle of the back",Dolichonyx oryzivorus ,Grassland,South America,Icteridae,landbird,M,other,native,10195298,8796086,11917384,2006,2015,PIF0615,BBS7017,1970,2017,15777560.73,12973014.94,18704343.36,14817756.2,16756539.77,10195298.06,8796086,11917383.5,0.240408992,0.018723365,200,1.75
Brown Creeper,Certhia americana,BRCR,CERAME,BRCR,"Poulin et al., 2020","Poulin, J.-F., D’Astous, É., Villard, M.-A., Hejl, S. J., Newlon, K. R., McFadzen, M. E., Young, J. S., & Ghalambor, C. K. (2020). Brown Creeper (Certhia americana), version 1.0. Birds of the World. https://doi.org/10.2173/bow.brncre.01species_shared.bow.project_name",7.95,Long Point Bird Observatory,forests,insects,tree,bark forager,low concern,Insectivore,bark,gleaner,Brown Creeper,Certhia americana,brown creeper,brown creeper,Brown creeper,"(Bonaparte, 1838)",Grimpereau brun,Brown Creeper,Grimpereau brun,Passeriformes,Certhiidae,Certhiinae,Certhia,Certhia americana,,,,,,Forest Generalist,Temperate North America,Certhiidae,landbird,M,other,native,9484338,7757209,11639138,2006,2015,PIF0615,BBS7017,1970,2017,-2487358.451,-3722358.169,-1494288.516,-2881264.123,-2113947.656,9484338.217,7757209,11639137.5,0.327781306,0.007039325,80,2
Brown Thrasher,Toxostoma rufum,BRTH,TOXRUF,BRTH,"Cavitt and Haas, 2020","Cavitt, J. F., & Haas, C. A. (2020). Brown Thrasher (Toxostoma rufum), version 1.0. Birds of the World. https://doi.org/10.2173/bow.brnthr.01species_shared.bow.project_name",68.09,Birds of the World,scrub,omnivore,shrub,ground forager,low concern,Omnivore,ground,forager,Brown Thrasher,Toxostoma rufum,brown thrasher,brown thrasher,Brown thrasher,"(Linnaeus, 1758)",Moqueur roux,Brown Thrasher,Moqueur roux,Passeriformes,Mimidae,,Toxostoma,Toxostoma rufum,,,,,,Eastern Forest,Temperate North America,Mimidae,landbird,M,other,native,6168180,5625720,6771313,2006,2015,PIF0615,BBS7017,1970,2017,3614005.429,3148640.635,4104648.468,3456274.089,3781074.187,6168179.85,5625720,6771313,0.141308812,0.007605114,200,1.5
Black-throated Green Warbler,Setophaga virens,BTNW,SETVIR,BTNW,"Morse and Poole, 2020","Morse, D. H., & Poole, A. F. (2020). Black-throated Green Warbler (Setophaga virens), version 1.0. Birds of the World. https://doi.org/10.2173/bow.btnwar.01species_shared.bow.project_name",8.97,Long Point Bird Observatory,forests,insects,tree,foliage gleaner,low concern,Insectivore,upper-canopy,gleaner,Black-throated Green Warbler,Setophaga virens,black-throated green warbler,black-throated green warbler,Black-throated green warbler,"(Gmelin, 1789)",Paruline à gorge noire,Black-throated Green Warbler,Paruline à gorge noire,Passeriformes,Parulidae,,Setophaga,Setophaga virens,,,,,,Boreal Forest,Mexico-Central America,Parulidae,landbird,M,other,native,9177716,7924382,10581319,2006,2015,PIF0615,BBS7017,1970,2017,-1641064.295,-3228728.974,-305009.1155,-2161891.971,-1163479.932,9177715.63,7924381.5,10581318.5,0.123030348,0.008231303,125,2
Canada Goose,Branta canadensis,CANG,BRACAN,CAGO,"Mowbray et al., 2020","Mowbray, T. B., Ely, C. R., Sedinger, J. S., & Trost, R. E. (2020). Canada Goose (Branta canadensis), version 1.0. Birds of the World. https://doi.org/10.2173/bow.cangoo.01species_shared.bow.project_name",4841.65,Birds of the World,marshes,seeds,ground,ground forager,low concern,Herbivore,water,dabbler,Canada Goose,Branta canadensis,canada goose,Canada goose,Canada goose,"(Linnaeus, 1758)",Bernache du Canada,Canada Goose,Bernache du Canada,Anseriformes,Anatidae,Anserinae,Branta,Branta canadensis,,Canada Goose,Ni-ka',unknown,Bernicla canadensis,Wetland,Temperate North America,Anatidae,waterfowl,M,other,native,6919635,6227672,7611599,2014,2016,CAFF18,CBC7017,1970,2017,-7011283.13,-17907504.2,-2540855.712,-9781978.198,-5017736.474,Missing,,,,,,
Carolina Wren,Thryothorus ludovicianus,CARW,THRLUD,CARW,"Haggerty and Morton, 2020","Haggerty, T. M., & Morton, E. S. (2020). Carolina Wren (Thryothorus ludovicianus), version 1.0. Birds of the World. https://doi.org/10.2173/bow.carwre.01species_shared.bow.project_name",19.47,Long Point Bird Observatory,open woodlands,insects,cavity,ground forager,low concern,Insectwore,lower-canopy,gleaner,Carolina Wren,Thryothorus ludovicianus,carolina wren,Carolina wren,Carolina wren,"(Latham, 1790)",Troglodyte de Caroline,Carolina Wren,Troglodyte de Caroline,Passeriformes,Troglodytidae,,Thryothorus,Thryothorus ludovicianus,,,,,,Eastern Forest,Temperate North America,Troglodytidae,landbird,R,other,native,17733395,15969003,19620346,2006,2015,PIF0615,BBS7017,1970,2017,-6141403.938,-9569560.406,-3307512.057,-7228508.123,-5116236.32,17733394.6,15969003,19620346,0.2685187,0.014746994,200,1.5
Canada Warbler,Cardellina canadensis,CAWA,CADCAN,CAWA,"Reitsma et al., 2020","Reitsma, L. R., Hallworth, M. T., McMahon, M., & Conway, C. J. (2020). Canada Warbler (Cardellina canadensis), version 2.0. Birds of the World. https://doi.org/10.2173/bow.canwar.02species_shared.bow.project_name",10.4,Birds of the World,forests,insects,ground,foliage gleaner,declining,Insectivore,lower-canopy,gleaner,Canada Warbler,Cardellina canadensis,canada warbler,Canada warbler,Canada warbler,"(Linnaeus, 1766)",Paruline du Canada,Canada Warbler,Paruline du Canada,Passeriformes,Parulidae,,Cardellina,Cardellina canadensis,,,,,,Boreal Forest,South America,Parulidae,landbird,M,other,native,2597361,2028500,3242734,2006,2015,PIF0615,BBS7017,1970,2017,4205252.284,3134018.773,5321448.573,3820759.86,4572028.716,2597361.248,2028499.5,3242733.5,0.144498738,0.005886014,100,2
Cedar Waxwing,Bombycilla cedrorum,CEDW,BOMCED,CEDW,"Witmer et al., 2020","Witmer, M. C., Mountjoy, D. J., & Elliott, L. (2020). Cedar Waxwing (Bombycilla cedrorum), version 1.0. Birds of the World. https://doi.org/10.2173/bow.cedwax.01species_shared.bow.project_name",33.1,Long Point Bird Observatory,open woodlands,fruit,tree,foliage gleaner,low concern,Insectivore,air,sallier,Cedar Waxwing,Bombycilla cedrorum,cedar waxwing,cedar waxwing,Cedar waxwing,"(Vieillot, 1808)",Jaseur d'Amérique,Cedar Waxwing,Jaseur d'Amérique,Passeriformes,Bombycillidae,,Bombycilla,Bombycilla cedrorum,,Cedar waxwing,O'-gi-ma-bin-ne'-shi,The bird that is chief - Ogima bineshi ,Ampelis cedrorum,Forest Generalist,Temperate North America,Bombycillidae,landbird,M,other,native,63975308,58030057,70240507,2006,2015,PIF0615,BBS7017,1970,2017,-10843832.08,-17349787.05,-5082236.298,-12999885.12,-8817488.924,63975307.86,58030057,70240507,0.251384113,0.021058939,100,1.75
Chipping Sparrow,Spizella passerina,CHSP,SPIPAS,CHSP,"Middleton, 2020","Middleton, A. L. (2020). Chipping Sparrow (Spizella passerina), version 1.0. Birds of the World. https://doi.org/10.2173/bow.chispa.01species_shared.bow.project_name",12.18,Long Point Bird Observatory,open woodlands,seeds,shrub,ground forager,low concern,Omnivore,ground,forage,Chipping Sparrow,Spizella passerina,chipping sparrow,chipping sparrow,Chipping sparrow,"(Bechstein, 1798)",Bruant familier,Chipping Sparrow,Bruant familier,Passeriformes,Passerellidae,,Spizella,Spizella passerina,,,,,,Forest Generalist,Temperate North America,Passerellidae,landbird,M,other,native,230957566,213377234,249914852,2006,2015,PIF0615,BBS7017,1970,2017,79503437.13,60736278.11,98183879.99,72857128.71,86031359.57,230957566,213377233.5,249914851.5,0.695273332,0.023465322,125,2
Chimney Swift,Chaetura pelagica,CHSW,CHAPEL,CHSW,"Steeves et al., 2020","Steeves, T. K., Kearney-McGee, S. B., Rubega, M. A., Cink, C. L., & Collins, C. T. (2020). Chimney Swift (Chaetura pelagica), version 1.0. Birds of the World. https://doi.org/10.2173/bow.chiswi.01species_shared.bow.project_name",22.88,Long Point Bird Observatory,towns,insects,building,aerial forager,declining,Insectivore,air,screener,Chimney Swift,Chaetura pelagica,chimney swift,chimney swift,Chimney swift,"(Linnaeus, 1758)",Martinet ramoneur,Chimney Swift,Martinet ramoneur,Apodiformes,Apodidae,Chaeturinae,Chaetura,Chaetura pelagica,,Chimney Swift,Me-mit'-ti-go-ning-gue-ga-ne'-si,"Wooden quills, in allusion to the stiff tail-feathers",Choetura pelasgica,Eastern Forest,South America,Apodidae,landbird,M,AI,native,8808551,8013311,9665731,2006,2015,PIF0615,BBS7017,1970,2017,17811322.5,15899653.17,19800342.73,17135663.97,18491796.25,8808551.484,8013310.5,9665730.5,0.281915163,0.018153048,200,1.75
Common Grackle,Quiscalus quiscula,COGR,QUIQUI,COGR,"Peer and Bollinger, 2020","Peer, B. D., & Bollinger, E. K. (2020). Common Grackle (Quiscalus quiscula), version 1.0. Birds of the World. https://doi.org/10.2173/bow.comgra.01species_shared.bow.project_name",110.56,Birds of the World,open woodlands,omnivore,tree,ground forager,common bird in steep decline,Omnivore,ground,forager,Common Grackle,Quiscalus quiscula,common grackle,common grackle,Common grackle,"(Linnaeus, 1758)",Quiscale bronzé,Common Grackle,Quiscale bronzé,Passeriformes,Icteridae,Agelaiinae,Quiscalus,Quiscalus quiscula,,,,,,Habitat Generalist,Temperate North America,Icteridae,landbird,M,other,native,67132986,61123537,74085853,2006,2015,PIF0615,BBS7017,1970,2017,82979125.77,73933518.93,92454560.05,79756716.13,86273630.06,67132985.88,61123536.5,74085852.5,0.408425194,0.055505963,200,1.25
Cooper's Hawk,Accipiter cooperii,COHA,ACCCOO,COHA,"Rosenfield et al., 2020","Rosenfield, R. N., Madden, K. K., Bielefeldt, J., & Curtis, O. E. (2020). Cooper’s Hawk (Accipiter cooperii), version 1.0. Birds of the World. https://doi.org/10.2173/bow.coohaw.01species_shared.bow.project_name",336.4,Long Point Bird Observatory,forests,birds,tree,aerial forager,low concern,Carnivore,air,hawker,Cooper's Hawk,Accipiter cooperii,cooper's hawk,Cooper's hawk,Cooper's hawk,"(Bonaparte, 1828)",Épervier de Cooper,Cooper's Hawk,Épervier de Cooper,Accipitriformes,Accipitridae,Accipitrinae,Accipiter,Accipiter cooperii,,,,,,Forest Generalist,Widespread,Accipitridae,landbird,M,other,native,844899,770821,925643,2006,2015,PIF0615,BBS7017,1970,2017,-797391.4002,-923902.4986,-681504.1168,-838337.3392,-756987.508,844899.446,770820.5,925643,0.266253374,0.002707433,125,2
Common Nighthawk,Chordeiles minor,CONI,CHOMIN,CONI,"Brigham et al., 2020","Brigham, R. M., Ng, J., Poulin, R. G., & Grindal, S. D. (2020). Common Nighthawk (Chordeiles minor), version 1.0. Birds of the World. https://doi.org/10.2173/bow.comnig.01species_shared.bow.project_name",79.3,Birds of the World,grasslands,insects,ground,aerial forager,common bird in steep decline,Insectivore,air,screener,Common Nighthawk,Chordeiles minor,common nighthawk,common nighthawk,Common nighthawk,"(Forster, 1771)",Engoulevent d'Amérique,Common Nighthawk,Engoulevent d'Amérique,Caprimulgiformes,Caprimulgidae,Chordeilinae,Chordeiles,Chordeiles minor,,,,,,Habitat Generalist,South America,Caprimulgidae,landbird,M,AI,native,21789605,19345867,24683737,2006,2015,PIF0615,BBS7017,1970,2017,25989825.55,22044492.66,30281368.46,24582540.53,27422670.46,21789605.22,19345867,24683737,2.15054635,0.015134556,300,2
Common Yellowthroat,Geothlypis trichas,COYE,GEOTRI,COYE,"Guzy and Ritchison, 2020","Guzy, M. J., & Ritchison, G. (2020). Common Yellowthroat (Geothlypis trichas), version 1.0. Birds of the World. https://doi.org/10.2173/bow.comyel.01species_shared.bow.project_name",10.46,Long Point Bird Observatory,scrub,insects,shrub,foliage gleaner,low concern,Insectivore,lower-canopy,gleaner,Common Yellowthroat,Geothlypis trichas,common yellowthroat,common yellowthroat,Common yellowthroat,"(Linnaeus, 1766)",Paruline masquée,Common Yellowthroat,Paruline masquée,Passeriformes,Parulidae,,Geothlypis,Geothlypis trichas,,,,,,Habitat Generalist,Widespread,Parulidae,landbird,M,other,native,75588462,70946562,80532206,2006,2015,PIF0615,BBS7017,1970,2017,35511230.11,29832666.32,41334660.23,33528490.82,37463004.49,75588461.56,70946561.5,80532205.5,0.105097389,0.010027601,125,2
Chestnut-sided Warbler,Setophaga pensylvanica,CSWA,SETPEN,CSWA,"Byers et al., 2020","Byers, B. E., Richardson, M., & Brauning, D. W. (2020). Chestnut-sided Warbler (Setophaga pensylvanica), version 1.0. Birds of the World. https://doi.org/10.2173/bow.chswar.01species_shared.bow.project_name",9.77,Long Point Bird Observatory,open woodlands,insects,shrub,foliage gleaner,low concern,Insectivore,lower-canopy,gleaner,Chestnut-sided Warbler,Setophaga pensylvanica,chestnut-sided warbler,chestnut-sided warbler,Chestnut-sided warbler,"(Linnaeus, 1766)",Paruline à flancs marron,Chestnut-sided Warbler,Paruline à flancs marron,Passeriformes,Parulidae,,Setophaga,Setophaga pensylvanica,,,,,,Eastern Forest,Mexico-Central America,Parulidae,landbird,M,other,native,18265512,16119410,20584431,2006,2015,PIF0615,BBS7017,1970,2017,11944485.17,9323966.206,14756127.43,10993906.55,12889519.97,18265512.41,16119409.5,20584431,0.207905027,0.009565074,125,2
Chuck-will's-widow,Antrostomus carolinensis,CWWI,ANTCAR,CWWI,"Straight and Cooper, 2020","Straight, C. A., & Cooper, R. J. (2020). Chuck-will’s-widow (Antrostomus carolinensis), version 1.0. Birds of the World. https://doi.org/10.2173/bow.chwwid.01species_shared.bow.project_name",108.9,Birds of the World,open woodlands,insects,ground,aerial forager,common bird in steep decline,Insectivore,air,screener,Chuck-will's-widow,Antrostomus carolinensis,chuck-will's-widow,chuck-will's-widow,Chuck-will's-widow,"(Gmelin, 1789)",Engoulevent de Caroline,Chuck-will's-widow,Engoulevent de Caroline,Caprimulgiformes,Caprimulgidae,Caprimulginae,Antrostomus,Antrostomus carolinensis,,,,,,Eastern Forest,Mexico-Central America,Caprimulgidae,landbird,M,AI,native,5642111,4800407,6606314,2006,2015,PIF0615,BBS7017,1970,2017,9545318.844,7869201.451,11235616.48,8976950.556,10121134.85,5642111.344,4800407,6606314,3.018785009,0.008504079,300,2
Downy Woodpecker,Dryobates pubescens,DOWO,DRYPUB,DOWO,"Jackson and Ouellet, 2020","Jackson, J. A., & Ouellet, H. R. (2020). Downy Woodpecker (Dryobates pubescens), version 1.0. Birds of the World. https://doi.org/10.2173/bow.dowwoo.01species_shared.bow.project_name",26.91,Long Point Bird Observatory,forests,insects,cavity,bark forager,low concern,Insectivore,bark,gleaner,Downy Woodpecker,Dryobates pubescens,downy woodpecker,downy woodpecker,Downy woodpecker,"(Linnaeus, 1766)",Pic mineur,Downy Woodpecker,Pic mineur,Piciformes,Picidae,Picinae,Dryobates,Dryobates pubescens,,Downy Woodpecker,Pa-pa'-se,"Cracking, from the noise the bird makes in pecking at trees. Picoides arcticus and Sphyrapicus varius occur, but are not distinguished from Picus Villosns",Picus villosus,Forest Generalist,Temperate North America,Picidae,landbird,R,other,native,13422111,12764602,14141250,2006,2015,PIF0615,BBS7017,1970,2017,-272579.7707,-1113823.719,535941.1548,-557745.5941,3753.167454,13422110.68,12764601.5,14141250,0.297784285,0.00653134,125,2
Eastern Bluebird,Sialia sialis,EABL,SIASIA,EABL,"Gowaty and Plissner, 2020","Gowaty, P. A., & Plissner, J. H. (2020). Eastern Bluebird (Sialia sialis), version 1.0. Birds of the World. https://doi.org/10.2173/bow.easblu.01species_shared.bow.project_name",29.2,Long Point Bird Observatory,grasslands,insects,cavity,ground forager,low concern,Insectivore,ground,gleaner,Eastern Bluebird,Sialia sialis,eastern bluebird,eastern bluebird,Eastern bluebird,"(Linnaeus, 1758)",Merlebleu de l'Est,Eastern Bluebird,Merlebleu de l'Est,Passeriformes,Turdidae,,Sialia,Sialia sialis,,Bluebird,O-zou-wash'-ko-bi-ne'-shi,The blue colored bird - Ozouwashko bineshi,Sialia sialis,Eastern Forest,Temperate North America,Turdidae,landbird,M,other,native,21439020,20142880,22957637,2006,2015,PIF0615,BBS7017,1970,2017,-10779212.81,-13724713.85,-8273352.598,-11748663.12,-9892269.551,21439019.66,20142880,22957636.5,0.161933803,0.010916627,125,1.5
Eastern Kingbird,Tyrannus tyrannus,EAKI,TYRTYR,EAKI,"Murphy and Pyle, 2020","Murphy, M. T., & Pyle, P. (2020). Eastern Kingbird (Tyrannus tyrannus), version 1.0. Birds of the World. https://doi.org/10.2173/bow.easkin.01species_shared.bow.project_name",39.5,Long Point Bird Observatory,grasslands,insects,tree,flycatching,low concern,Insectivore,air,sallier,Eastern Kingbird,Tyrannus tyrannus,eastern kingbird,eastern kingbird,Eastern kingbird,"(Linnaeus, 1758)",Tyran tritri,Eastern Kingbird,Tyran tritri,Passeriformes,Tyrannidae,Tyranninae,Tyrannus,Tyrannus tyrannus,,,,,,Grassland,South America,Tyrannidae,landbird,M,AI,native,25924168,24123810,27704273,2006,2015,PIF0615,BBS7017,1970,2017,17516040.08,15312357.16,19904184.33,16740968.55,18314825.8,25924167.79,24123809.5,27704273,0.144573269,0.008622775,125,1.75
Eastern Meadowlark,Sturnella magna,EAME,STUMAG,EAME,"Jaster et al., 2022","Jaster, L. A., Jensen, W. E., Lanyon, W. E., & Mlodinow, S. G. (2022). Eastern Meadowlark (Sturnella magna), version 1.1. Birds of the World. https://doi.org/10.2173/bow.easmea.01.1species_shared.bow.project_name",84.2,Long Point Bird Observatory,grasslands,insects,ground,ground forager,common bird in steep decline,Insectivore,ground,gleaner,Eastern Meadowlark,Sturnella magna,eastern meadowlark,eastern meadowlark,Eastern meadowlark,"(Linnaeus, 1758)",Sturnelle des prés,Eastern Meadowlark,Sturnelle des prés,Passeriformes,Icteridae,Sturnellinae,Sturnella,Sturnella magna,,,,,,Grassland,Temperate North America,Icteridae,landbird,M,other,native,24431724,21928274,27309341,2006,2015,PIF0615,BBS7017,1970,2017,73964321.47,65250234.14,83087759,70911710.84,76898314.22,24431724.27,21928273.5,27309340.5,0.245182991,0.017067785,200,1.75
Eastern Phoebe,Sayornis phoebe,EAPH,SAYPHO,EAPH,"Weeks Jr., 2020","Weeks Jr., H. P. (2020). Eastern Phoebe (Sayornis phoebe), version 1.0. Birds of the World. https://doi.org/10.2173/bow.easpho.01species_shared.bow.project_name",18.49,Long Point Bird Observatory,open woodlands,insects,building,flycatching,low concern,Insectivore,air,sallier,Eastern Phoebe,Sayornis phoebe,eastern phoebe,eastern phoebe,Eastern phoebe,"(Latham, 1790)",Moucherolle phébi,Eastern Phoebe,Moucherolle phébi,Passeriformes,Tyrannidae,Fluvicolinae,Sayornis,Sayornis phoebe,,,,,,Eastern Forest,Temperate North America,Tyrannidae,landbird,M,other,native,34684436,32601625,37210378,2006,2015,PIF0615,BBS7017,1970,2017,-6237994.553,-11569888.33,-1599972.353,-7929945.083,-4557281.527,34684436.25,32601624.5,37210378,0.898152488,0.011850315,125,2
Eastern Screech-Owl,Megascops asio,EASO,MEGASI,EASO,"Ritchison et al., 2020","Ritchison, G., Gehlbach, F. R., Pyle, P., & Patten, M. A. (2020). Eastern Screech-Owl (Megascops asio), version 1.0. Birds of the World. https://doi.org/10.2173/bow.easowl1.01species_shared.bow.project_name",152.3,Long Point Bird Observatory,forests,small animals,cavity,aerial dive,low concern,Insectivore,ground,hawker,Eastern Screech-Owl,Megascops asio,eastern screech-owl,eastern screech-owl,Eastern screech-owl,"(Linnaeus, 1758)",Petit-duc maculé,Eastern Screech-Owl,Petit-duc maculé,Strigiformes,Strigidae,,Megascops,Megascops asio,,,,,,Eastern Forest,Temperate North America,Strigidae,landbird,R,other,native,496240,378219,645235,2006,2015,PIF0615,BBS7017,1970,2017,218413.2463,124949.7518,323159.2699,184260.0128,253383.0037,496240.296,378218.5,645235,2.114649232,0.001820302,125,2
Eastern Towhee,Pipilo erythrophthalmus,EATO,PIPERY,EATO,"Greenlaw, 2020","Greenlaw, J. S. (2020). Eastern Towhee (Pipilo erythrophthalmus), version 1.0. Birds of the World. https://doi.org/10.2173/bow.eastow.01species_shared.bow.project_name",38.94,Long Point Bird Observatory,scrub,omnivore,ground,ground forager,low concern,Omnivore,ground,forage,Eastern Towhee,Pipilo erythrophthalmus,eastern towhee,eastern towhee,Eastern towhee,"(Linnaeus, 1758)",Tohi à flancs roux,Eastern Towhee,Tohi à flancs roux,Passeriformes,Passerellidae,,Pipilo,Pipilo erythrophthalmus,,,,,,Eastern Forest,Temperate North America,Passerellidae,landbird,M,other,native,29338492,27153590,31703146,2006,2015,PIF0615,BBS7017,1970,2017,23885937.55,21115303.59,26746898.51,22944886.75,24854886.86,29338491.92,27153590,31703145.5,0.302646684,0.016049386,125,2
Eastern Wood-Pewee,Contopus virens,EAWP,CONVIR,EAWP,"Watt et al., 2020","Watt, D. J., McCarty, J. P., Kendrick, S. W., Newell, F. L., & Pyle, P. (2020). Eastern Wood-Pewee (Contopus virens), version 1.0. Birds of the World. https://doi.org/10.2173/bow.eawpew.01species_shared.bow.project_name",14.1,Long Point Bird Observatory,forests,insects,tree,flycatching,low concern,Insectivore,air,sallier,Eastern Wood-pewee,Contopus virens,eastern wood-pewee,eastern wood-pewee,Eastern wood-pewee,"(Linnaeus, 1766)",Pioui de l'Est,Eastern Wood-Pewee,Pioui de l'Est,Passeriformes,Tyrannidae,Fluvicolinae,Contopus,Contopus virens,,,,,,Eastern Forest,South America,Tyrannidae,landbird,M,AI,native,6454082,5897588,7036229,2006,2015,PIF0615,BBS7017,1970,2017,5199068.396,4563751.338,5878004.75,4979383.189,5432502.567,6454082.25,5897587.5,7036229,0.110277554,0.008288144,200,2
European Starling,Sturnus vulgaris,EUST,STUVUL,EUST,"Cabe, 2020","Cabe, P. R. (2020). European Starling (Sturnus vulgaris), version 1.0. Birds of the World. https://doi.org/10.2173/bow.eursta.01species_shared.bow.project_name",77.07,Birds of the World,towns,insects,cavity,ground forager,low concern,Omnivore,ground,forager,European Starling,Sturnus vulgaris,european starling,european starling,European starling,"(Linnaeus, 1758)",Étourneau sansonnet,European Starling,Étourneau sansonnet,Passeriformes,Sturnidae,,Sturnus,Sturnus vulgaris,I,,,,,Introduced,Introduced,Sturnidae,other,Introduced,other,Introduced,93371907,85941592,102256039,2006,2015,PIF0615,BBS7017,1970,2017,83350978.13,72594864.68,94770107,79563581.94,87124508.54,93371906.9,85941592,102256038.5,0.455644428,0.068393305,200,1
Eastern Whip-poor-will,Antrostomus vociferus,EWPW,ANTVOC,EWPW,"Cink et al., 2020","Cink, C. L., Pyle, P., & Patten, M. A. (2020). Eastern Whip-poor-will (Antrostomus vociferus), version 1.0. Birds of the World. https://doi.org/10.2173/bow.whip-p1.01species_shared.bow.project_name",53.4,Long Point Bird Observatory,open woodlands,insects,ground,aerial forager,declining,Insectivore,air,screener,Eastern Whip-poor-will,Antrostomus vociferus,eastern whip-poor-will,eastern whip-poor-will,Eastern whip-poor-will,"(Wilson, 1812)",Engoulevent bois-pourri,Eastern Whip-poor-will,Engoulevent bois-pourri,Caprimulgiformes,Caprimulgidae,Caprimulginae,Antrostomus,Antrostomus vociferus,,,,,,Eastern Forest,Mexico-Central America,Caprimulgidae,landbird,M,AI,native,1829892,1442373,2231099,2006,2015,PIF0615,BBS7017,1970,2017,4073303.177,3167558.722,5043394.939,3755959.657,4396909.548,1829892.412,1442373,2231098.5,3.32522679,0.00433927,300,2
Field Sparrow,Spizella pusilla,FISP,SPIPUS,FISP,"Carey et al., 2020","Carey, M., Burhans, D. E., & Nelson, D. A. (2020). Field Sparrow (Spizella pusilla), version 1.0. Birds of the World. https://doi.org/10.2173/bow.fiespa.01species_shared.bow.project_name",12.04,Long Point Bird Observatory,scrub,insects,ground,ground forager,common bird in steep decline,Omnivore,ground,forage,Field Sparrow,Spizella pusilla,field sparrow,field sparrow,Field sparrow,"(Wilson, 1810)",Bruant des champs,Field Sparrow,Bruant des champs,Passeriformes,Passerellidae,,Spizella,Spizella pusilla,,,,,,Eastern Forest,Temperate North America,Passerellidae,landbird,M,other,native,9333611,8343751,10393211,2006,2015,PIF0615,BBS7017,1970,2017,16311718.95,14318722.81,18466928.12,15619987.63,17003536.32,9333610.712,8343751,10393211,0.080762136,0.009480465,200,2
Great Crested Flycatcher,Myiarchus crinitus,GCFL,MYICRI,GCFL,"Miller and Lanyon, 2020","Miller, K. E., & Lanyon, W. E. (2020). Great Crested Flycatcher (Myiarchus crinitus), version 1.0. Birds of the World. https://doi.org/10.2173/bow.grcfly.01species_shared.bow.project_name",34.7,Long Point Bird Observatory,open woodlands,insects,cavity,flycatching,low concern,Insectivore,air,sallier,Great Crested Flycatcher,Myiarchus crinitus,great crested flycatcher,great crested flycatcher,Great crested flycatcher,"(Linnaeus, 1758)",Tyran huppé,Great Crested Flycatcher,Tyran huppé,Passeriformes,Tyrannidae,Tyranninae,Myiarchus,Myiarchus crinitus,,,,,,Eastern Forest,Mexico-Central America,Tyrannidae,landbird,M,other,native,8799301,7950620,9769449,2006,2015,PIF0615,BBS7017,1970,2017,-62367.58929,-526726.854,384674.2572,-216835.3196,93743.71008,8799301.04,7950620,9769448.5,0.223953898,0.009044568,200,1.75
Great Horned Owl,Bubo virginianus,GHOW,BUBVIR,GHOW,"Artuso et al., 2022","Artuso, C., Houston, C. S., Smith, D. G., & Rohner, C. (2022). Great Horned Owl (Bubo virginianus), version 1.1. Birds of the World. https://doi.org/10.2173/bow.grhowl.01.1species_shared.bow.project_name",1505,Birds of the World,forests,mammals,tree,aerial dive,low concern,Carnivore,ground,hawker,Great Horned Owl,Bubo virginianus,great horned owl,great horned owl,Great horned owl,"(Gmelin, 1788)",Grand-duc d'Amérique,Great Horned Owl,Grand-duc d'Amérique,Strigiformes,Strigidae,,Bubo,Bubo virginianus,,Great Horned Owl ,O-tow'-i-ge-o-ko'-ko-ko-o',horned owl,Bubo virginianus,Habitat Generalist,Widespread,Strigidae,landbird,R,other,native,3784896,3310994,4288285,2006,2015,PIF0615,BBS7017,1970,2017,527838.3646,169392.6535,873174.1969,407990.5842,644859.0379,3784896.465,3310993.5,4288284.5,2.450156066,0.003001912,300,2
Gray Catbird,Dumetella carolinensis,GRCA,DUMCAR,GRCA,"Smith et al., 2020","Smith, R. J., Hatch, M. I., Cimprich, D. A., & Moore, F. R. (2020). Gray Catbird (Dumetella carolinensis), version 1.0. Birds of the World. https://doi.org/10.2173/bow.grycat.01species_shared.bow.project_name",35.68,Long Point Bird Observatory,open woodlands,insects,shrub,ground forager,low concern,Omnivore,ground,forager,Gray Catbird,Dumetella carolinensis,gray catbird,gray catbird,Gray catbird,"(Linnaeus, 1766)",Moqueur chat,Gray Catbird,Moqueur chat,Passeriformes,Mimidae,,Dumetella,Dumetella carolinensis,,,,,,Eastern Forest,Mexico-Central America,Mimidae,landbird,M,other,native,28700211,26885945,30804790,2006,2015,PIF0615,BBS7017,1970,2017,-748542.1412,-2385990.751,805912.1651,-1308625.667,-201772.8452,28700211.15,26885944.5,30804790,0.424676515,0.013687414,125,2
Green Heron,Butorides virescens,GRHE,BUTVIR,GRHE,"Davis Jr. and Kushlan, 2020","Davis Jr., W. E., & Kushlan, J. A. (2020). Green Heron (Butorides virescens), version 1.0. Birds of the World. https://doi.org/10.2173/bow.grnher.01species_shared.bow.project_name",241,Long Point Bird Observatory,marshes,fish,tree,stalking,common bird in steep decline,Crustaceovore,water,ambusher,Green Heron,Butorides virescens,green heron,green heron,Green heron,"(Linnaeus, 1758)",Héron vert,Green Heron,Héron vert,Pelecaniformes,Ardeidae,,Butorides,Butorides virescens,,,,,,Wetland,Widespread,Ardeidae,waterbird,M,other,native,772671,689060,862103,2006,2015,PIF0615,BBS7017,1970,2017,941979.0444,817552.7588,1070626.977,898654.9583,985896.3321,772670.619,689059.575,862103.375,0.098627595,0.008045328,200,1.5
Hairy Woodpecker,Dryobates villosus,HAWO,DRYVIL,HAWO,"Jackson et al., 2020","Jackson, J. A., Ouellet, H. R., & Jackson, B. J. (2020). Hairy Woodpecker (Dryobates villosus), version 1.0. Birds of the World. https://doi.org/10.2173/bow.haiwoo.01species_shared.bow.project_name",69.55,Birds of the World,forests,insects,cavity,bark forager,low concern,Insectivore,bark,gleaner,Hairy Woodpecker,Dryobates villosus,hairy woodpecker,hairy woodpecker,Hairy woodpecker,"(Linnaeus, 1766)",Pic chevelu,Hairy Woodpecker,Pic chevelu,Piciformes,Picidae,Picinae,Dryobates,Dryobates villosus,,Hairy Woodpecker,Pa-pa'-se,"Cracking, from the noise the bird makes in pecking at trees. Picoides arcticus and Sphyrapicus varius occur, but are not distinguished from Picus Villosns",Picus pubescens,Forest Generalist,Temperate North America,Picidae,landbird,R,other,native,8681068,7874994,9508689,2006,2015,PIF0615,BBS7017,1970,2017,-3096167.204,-3779136.476,-2478796.686,-3329311.323,-2872675.464,8681068.233,7874993.5,9508688.5,0.249314168,0.004190679,125,2
House Finch,Haemorhous mexicanus,HOFI,HAEMEX,HOFI,"Badyaev et al., 2020","Badyaev, A. V., Belloni, V., & Hill, G. E. (2020). House Finch (Haemorhous mexicanus), version 1.0. Birds of the World. https://doi.org/10.2173/bow.houfin.01species_shared.bow.project_name",21.7,Long Point Bird Observatory,towns,seeds,tree,ground forager,low concern,Frugivore,ground,gleaner,House Finch,Haemorhous mexicanus,house finch,house finch,House finch,"(Müller, 1776)",Roselin familier,House Finch,Roselin familier,Passeriformes,Fringillidae,Carduelinae,Haemorhous,Haemorhous mexicanus,,,,,,Habitat Generalist,Widespread,Fringillidae,landbird,R,other,native,33246130,29546633,37992529,2006,2015,PIF0615,BBS7017,1970,2017,-2183693.583,-6518744.309,1624152.097,-3574123.952,-819799.6318,33246130.07,29546633,37992528.5,0.106257564,0.012699766,125,1.75
Hooded Merganser,Lophodytes cucullatus,HOME,LOPCUC,HOME,"Dugger et al., 2020","Dugger, B. D., Dugger, K. M., & Fredrickson, L. H. (2020). Hooded Merganser (Lophodytes cucullatus), version 1.0. Birds of the World. https://doi.org/10.2173/bow.hoomer.01species_shared.bow.project_name",680,Birds of the World,lakes and ponds,fish,cavity,surface dive,low concern,Piscivore,freshwater,diver,Hooded Merganser,Lophodytes cucullatus,hooded merganser,hooded merganser,Hooded merganser,"(Linnaeus, 1758)",Harle couronné,Hooded Merganser,Harle couronné,Anseriformes,Anatidae,Anatinae,Lophodytes,Lophodytes cucullatus,,Hooded Sheldrake,Gi-ni-ko-ne'-shib,Sharp-billed duck,Lophodytes cucullatus,Wetland,Temperate North America,Anatidae,waterfowl,M,other,native,485000,363750,606250,2004,2006,SeDu07,BBS7017,1970,2017,-745842.7555,-1096336.677,-488241.8015,-855318.4162,-645439.4023,Missing,,,,,,
Indigo Bunting,Passerina cyanea,INBU,PASCYA,INBU,"Payne, 2020","Payne, R. B. (2020). Indigo Bunting (Passerina cyanea), version 1.0. Birds of the World. https://doi.org/10.2173/bow.indbun.01species_shared.bow.project_name",14.26,Birds of the World,open woodlands,insects,shrub,foliage gleaner,low concern,Omnivore,lower-canopy,forager,Indigo Bunting,Passerina cyanea,indigo bunting,indigo bunting,Indigo bunting,"(Linnaeus, 1766)",Passerin indigo,Indigo Bunting,Passerin indigo,Passeriformes,Cardinalidae,,Passerina,Passerina cyanea,,,,,,Eastern Forest,Mexico-Central America,Cardinalidae,landbird,M,other,native,77494167,73235841,82041052,2006,2015,PIF0615,BBS7017,1970,2017,31485545.8,26846871.73,36179743.59,29841978.44,33097888.23,77494166.61,73235840.5,82041051.5,0.334016374,0.015511967,125,2
Killdeer,Charadrius vociferus,KILL,CHAVOC,KILL,"Jackson and Jackson, 2020","Jackson, B. J., & Jackson, J. A. (2020). Killdeer (Charadrius vociferus), version 1.0. Birds of the World. https://doi.org/10.2173/bow.killde.01species_shared.bow.project_name",58.63,Long Point Bird Observatory,grasslands,insects,ground,ground forager,low concern,Insectivore,ground,gleaner,Killdeer,Charadrius vociferus,killdeer,killdeer,Killdeer,"(Linnaeus, 1758)",Pluvier kildir,Killdeer,Pluvier kildir,Charadriiformes,Charadriidae,Charadriinae,Charadrius,Charadrius vociferus,,Killdeer,Mus-ko-de'-chi-ji'-twish-ki-wen',big prairie sandpiper,Oxyechus vociferus,Habitat Generalist,Widespread,Charadriidae,shorebird,M,other,native,2000000,800000,5000000,2011,2013,Shoreb12,BBS7017,1970,2017,1040696.862,0.561577308,2162056.544,666954.9784,1415029.206,Missing,,,,,,
Least Bittern,Botaurus exilis,LEBI,BOTEXI,LEBI,"Poole et al., 2020","Poole, A. F., Lowther, P. E., Gibbs, J. P., Reid, F. A., & Melvin, S. M. (2020). Least Bittern (Ixobrychus exilis), version 1.0. Birds of the World. https://doi.org/10.2173/bow.leabit.01species_shared.bow.project_name",92.42,Long Point Bird Observatory,marshes,fish,ground,stalking,low concern,Piscivore,water,ambusher,Least Bittern,Ixobrychus exilis,least bittern,least bittern,Least bittern,"(Gmelin, 1789)",Petit Blongios,Least Bittern,Petit Blongios,Pelecaniformes,Ardeidae,,Ixobrychus,Ixobrychus exilis,,,,,,Wetland,Widespread,Ardeidae,waterbird,M,other,native,131773,66196,217720,2006,2015,PIF0615,BBS7017,1970,2017,-33842.43549,-88287.4324,-2668.341178,-49909.49119,-20955.62235,131772.637,66195.85,217720.175,0.290920543,0.026400578,125,2
Least Flycatcher,Empidonax minimus,LEFL,EMPMIN,LEFL,"Tarof and Briskie, 2020","Tarof, S., & Briskie, J. V. (2020). Least Flycatcher (Empidonax minimus), version 1.0. Birds of the World. https://doi.org/10.2173/bow.leafly.01species_shared.bow.project_name",10.06,Long Point Bird Observatory,forests,insects,tree,flycatching,common bird in steep decline,Insectivore,air,sallier,Least Flycatcher,Empidonax minimus,least flycatcher,least flycatcher,Least flycatcher,"(Baird and Baird, 1843)",Moucherolle tchébec,Least Flycatcher,Moucherolle tchébec,Passeriformes,Tyrannidae,Fluvicolinae,Empidonax,Empidonax minimus,,,,,,Eastern Forest,Mexico-Central America,Tyrannidae,landbird,M,other,native,27244220,24465739,30286260,2006,2015,PIF0615,BBS7017,1970,2017,31461126.11,27285888.62,36051548.25,30008696.81,32967790.84,27244220.04,24465738.5,30286260,0.087097838,0.009253083,125,2
Mallard,Anas platyrhynchos,MALL,ANAPLA,MALL,"Drilling et al., 2020","Drilling, N., Titman, R. D., & McKinney, F. (2020). Mallard (Anas platyrhynchos), version 1.0. Birds of the World. https://doi.org/10.2173/bow.mallar3.01species_shared.bow.project_name",1113,Birds of the World,lakes and ponds,omnivore,ground,dabbler,low concern,Granivore,ground,gleaner,Mallard,Anas platyrhynchos,mallard,mallard,Mallard,"(Linnaeus, 1758)",Canard colvert,Mallard,Canard colvert,Anseriformes,Anatidae,Anatinae,Anas,Anas platyrhynchos,,Mallard,I-ni'-ni-shib,man duck. Shib is the ending meaning Duck. The female mallard is called Wab'-i-ni-ni-shib' which means white mallard,,Wetland,Widespread,Anatidae,waterfowl,M,other,native,11477600,10557400,12397900,2013,2017,FWS1317,FWS7017,1970,2017,-2031438.348,-4193861.069,-96565.82041,-2737642.35,-1342687.44,Missing,,,,,,
Magnolia Warbler,Setophaga magnolia,MAWA,SETMAG,MAWA,"Dunn and Hall, 2020","Dunn, E. H., & Hall, G. A. (2020). Magnolia Warbler (Setophaga magnolia), version 1.0. Birds of the World. https://doi.org/10.2173/bow.magwar.01species_shared.bow.project_name",8.65,Long Point Bird Observatory,forests,insects,tree,foliage gleaner,low concern,Insectivore,lower-canopy,gleaner,Magnolia Warbler,Setophaga magnolia,magnolia warbler,magnolia warbler,Magnolia warbler,"(Wilson, 1811)",Paruline à tête cendrée,Magnolia Warbler,Paruline à tête cendrée,Passeriformes,Parulidae,,Setophaga,Setophaga magnolia,,,,,,Boreal Forest,Mexico-Central America,Parulidae,landbird,M,other,native,38757259,33706369,44351863,2006,2015,PIF0615,BBS7017,1970,2017,-9625429.979,-16715589.75,-3953675.465,-11927486.15,-7556023.99,38757258.66,33706368.5,44351862.5,0.128230092,0.011292731,125,2
Marsh Wren,Cistothorus palustris,MAWR,CISPAL,MAWR,"Kroodsma and Verner, 2020","Kroodsma, D. E., & Verner, J. (2020). Marsh Wren (Cistothorus palustris), version 1.0. Birds of the World. https://doi.org/10.2173/bow.marwre.01species_shared.bow.project_name",11.52,Long Point Bird Observatory,marshes,insects,shrub,ground forager,low concern,Insectivore,marsh,gleaner,Marsh Wren,Cistothorus palustris,marsh wren,marsh wren,Marsh wren,"(Wilson, 1810)",Troglodyte des marais,Marsh Wren,Troglodyte des marais,Passeriformes,Troglodytidae,,Cistothorus,Cistothorus palustris,,Marsh wren,Mus-ko'-zi-bi-ne 'shi,"Marsh bird, not distinguished from the two wrens or swamp sparrow - Muskozi bineshi",Telmatodytes palustris,Wetland,Temperate North America,Troglodytidae,landbird,M,other,native,10846904,8009975,14414465,2006,2015,PIF0615,BBS7017,1970,2017,-7736661.809,-11814194.38,-4705166.659,-8982393.385,-6603144.212,10846903.9,8009974.5,14414465,0.865362685,0.017776852,125,2
Mourning Dove,Zenaida macroura,MODO,ZENMAC,MODO,"Otis et al., 2020","Otis, D. L., Schulz, J. H., Miller, D., Mirarchi, R. E., & Baskett, T. S. (2020). Mourning Dove (Zenaida macroura), version 1.0. Birds of the World. https://doi.org/10.2173/bow.moudov.01species_shared.bow.project_name",131.52,Long Point Bird Observatory,open woodlands,seeds,tree,ground forager,low concern,Granivore,ground,gleaner,Mourning Dove,Zenaida macroura,mourning dove,mourning dove,Mourning dove,"(Linnaeus, 1758)",Tourterelle triste,Mourning Dove,Tourterelle triste,Columbiformes,Columbidae,,Zenaida,Zenaida macroura,,,,,,Habitat Generalist,Widespread,Columbidae,landbird,M,other,native,133072464,123233806,143006188,2006,2015,PIF0615,BBS7017,1970,2017,22343283.75,13783135.51,31436579.55,19386864.86,25298364.26,133072463.8,123233806,143006188,0.316423592,0.022409558,200,1.75
Northern House Wren,Troglodytes aedon,NHWR,TROAED,HOWR,"Johnson, 2020","Johnson, L. S. (2020). House Wren (Troglodytes aedon), version 1.0. Birds of the World. https://doi.org/10.2173/bow.houwre.01species_shared.bow.project_name",10.67,Birds of the World,scrub,insects,cavity,foliage gleaner,low concern,Insectivore,lower-canopy,gleaner,House Wren,Troglodytes aedon,house wren,house wren,House wren,"(Vieillot, 1809)",Troglodyte familier,House Wren,Troglodyte familier,Passeriformes,Troglodytidae,,Troglodytes,Troglodytes aedon,,House wren,O-du-na'-mis-sug-ud-da-we'-shi ,"Making a big noise for its size, not distinguished from winter wren",Troglodytes aedon,Forest Generalist,Temperate North America,Troglodytidae,landbird,M,other,native,43318358,39758949,47473572,2006,2015,PIF0615,BBS7017,1970,2017,-6013778.814,-10036719.82,-2356280.051,-7353318.35,-4734259.512,Missing,,,,,,
Northern Cardinal,Cardinalis cardinalis,NOCA,CARCAI,NOCA,"Halkin et al., 2021","Halkin, S. L., Shustack, D. P., DeVries, M. S., Jawor, J. M., & Linville, S. U. (2021). Northern Cardinal (Cardinalis cardinalis), version 2.0. Birds of the World. https://doi.org/10.2173/bow.norcar.02species_shared.bow.project_name",42.03,Long Point Bird Observatory,open woodlands,seeds,shrub,ground forager,low concern,Omnivore,ground,forager,Northern Cardinal,Cardinalis cardinalis,northern cardinal,northern cardinal,Northern cardinal,"(Linnaeus, 1758)",Cardinal rouge,Northern Cardinal,Cardinal rouge,Passeriformes,Cardinalidae,,Cardinalis,Cardinalis cardinalis,,,,,,Eastern Forest,Temperate North America,Cardinalidae,landbird,R,other,native,118228958,107977674,129207132,2006,2015,PIF0615,BBS7017,1970,2017,-11511445.41,-17729540.31,-5578104.101,-13610481.42,-9435178.934,118228958.3,107977674,129207131.5,0.866690425,0.028147857,200,2
Northern Flicker,Colaptes auratus,NOFL,COLAUT,YSFL,"Wiebe and Moore, 2023","Wiebe, K. L., & Moore, W. S. (2023). Northern Flicker (Colaptes auratus), version 2.0. Birds of the World. https://doi.org/10.2173/bow.norfli.02species_shared.bow.project_name",127.12,Birds of the World,open woodlands,insects,cavity,ground forager,low concern,Insectivore,ground,gleaner,Northern Flicker,Colaptes auratus,northern flicker,northern flicker,Northern flicker,"(Linnaeus, 1758)",Pic flamboyant,Northern Flicker,Pic flamboyant,Piciformes,Picidae,Picinae,Colaptes,Colaptes auratus,,Yellow-shafted flicker,Mo-ning'-gua-ne',Bird with the dirty coloured wings,Colaptes auratus,Forest Generalist,Widespread,Picidae,landbird,M,other,native,10997056,10030079,12029437,2006,2015,PIF0615,BBS7017,1970,2017,7961296.059,6849653.556,9122472.269,7572993.114,8352821.463,10997055.7,10030078.5,12029436.5,0.263105839,0.045989788,200,1.25
Northern Mockingbird,Mimus polyglottos,NOMO,MIMPOL,NOMO,"Farnsworth et al., 2020","Farnsworth, G., Londono, G. A., Martin, J. U., Derrickson, K. C., & Breitwisch, R. (2020). Northern Mockingbird (Mimus polyglottos), version 1.0. Birds of the World. https://doi.org/10.2173/bow.normoc.01species_shared.bow.project_name",48.05,Long Point Bird Observatory,towns,omnivore,shrub,ground forager,low concern,Omnivore,ground,forager,Northern Mockingbird,Mimus polyglottos,northern mockingbird,northern mockingbird,Northern mockingbird,"(Linnaeus, 1758)",Moqueur polyglotte,Northern Mockingbird,Moqueur polyglotte,Passeriformes,Mimidae,,Mimus,Mimus polyglottos,,,,,,Habitat Generalist,Temperate North America,Mimidae,landbird,M,other,native,33748673,30589410,37047818,2006,2015,PIF0615,BBS7017,1970,2017,10508038.39,7913822.776,13219745.83,9603651.306,11437382.37,33748673.11,30589410,37047817.5,0.099038838,0.013748544,200,1.5
Northern Rough-winged Swallow,Stelgidopteryx serripennis,NRWS,STESER,NRWS,"De Jong, 2020","De Jong, M. J. (2020). Northern Rough-winged Swallow (Stelgidopteryx serripennis), version 1.0. Birds of the World. https://doi.org/10.2173/bow.nrwswa.01species_shared.bow.project_name",16.15,Birds of the World,rivers and streams,insects,burrow,aerial forager,low concern,Insectivore,air,screener,Northern Rough-winged Swallow,Stelgidopteryx serripennis,northern rough-winged swallow,northern rough-winged swallow,Northern rough-winged swallow,"(Audubon, 1838)",Hirondelle à ailes hérissées,Northern Rough-winged Swallow,Hirondelle à ailes hérissées,Passeriformes,Hirundinidae,Hirundininae,Stelgidopteryx,Stelgidopteryx serripennis,,,,,,Habitat Generalist,Widespread,Hirundinidae,landbird,M,AI,native,19956056,15363114,26977637,2006,2015,PIF0615,BBS7017,1970,2017,3927098.669,1950256.101,6264861.751,3220706.244,4694796.695,19956055.95,15363114,26977637,0.303402591,0.013563681,125,1.75
Northern Saw-whet Owl,Aegolius acadicus,NSWO,AEGACA,NSWO,"Rasmussen et al., 2020","Rasmussen, J. L., Sealy, S. G., & Cannings, R. J. (2020). Northern Saw-whet Owl (Aegolius acadicus), version 1.0. Birds of the World. https://doi.org/10.2173/bow.nswowl.01species_shared.bow.project_name",104.25,Birds of the World,forests,mammals,cavity,aerial dive,low concern,Carnivore,ground,hawker,Northern Saw-whet Owl,Aegolius acadicus,northern saw-whet owl,northern saw-whet owl,Northern saw-whet owl,"(Gmelin, 1788)",Petite Nyctale,Northern Saw-whet Owl,Petite Nyctale,Strigiformes,Strigidae,,Aegolius,Aegolius acadicus,,,,,,Forest Generalist,Temperate North America,Strigidae,landbird,M,other,native,2000000,500000,3500000,2007,2009,ACAD,CBC7017,1970,2017,-1351854.884,-2943058.295,-316621.931,-1804762.745,-957152.7845,Missing,,,,,,
Orchard Oriole,Icterus spurius,OROR,ICTSPU,OROR,"Scharf and Kren, 2022","Scharf, W. C., & Kren, J. (2022). Orchard Oriole (Icterus spurius), version 2.0. Birds of the World. https://doi.org/10.2173/bow.orcori.02species_shared.bow.project_name",21.17,Long Point Bird Observatory,open woodlands,insects,tree,foliage gleaner,low concern,Insectivore,upper-canopy,gleaner,Orchard Oriole,Icterus spurius,orchard oriole,orchard oriole,Orchard oriole,"(Linnaeus, 1766)",Oriole des vergers,Orchard Oriole,Oriole des vergers,Passeriformes,Icteridae,Icterinae,Icterus,Icterus spurius,,,,,,Eastern Forest,Mexico-Central America,Icteridae,landbird,M,other,native,10894813,9896563,11930180,2006,2015,PIF0615,BBS7017,1970,2017,4551645.762,3494192.558,5651655.434,4182952.909,4923404.014,10894813.27,9896562.5,11930180,0.099898312,0.00769728,125,1.75
Pied-billed Grebe,Podilymbus podiceps,PBGR,PODPOD,PBGR,"Muller and Storer, 2020","Muller, M. J., & Storer, R. W. (2020). Pied-billed Grebe (Podilymbus podiceps), version 1.0. Birds of the World. https://doi.org/10.2173/bow.pibgre.01species_shared.bow.project_name",416,Birds of the World,lakes and ponds,aquatic invertebrates,floating,surface dive,low concern,Insectivore,freshwater,diver,Pied-billed Grebe,Podilymbus podiceps,pied-billed grebe,pied-billed grebe,Pied-billed grebe,"(Linnaeus, 1758)",Grèbe à bec bigarré,Pied-billed Grebe,Grèbe à bec bigarré,Podicipediformes,Podicipedidae,,Podilymbus,Podilymbus podiceps,,Thick-Billed Grebe,Shin'-gi-bis,deformed,Podilymbus podiceps,Wetland,Widespread,Podicipedidae,waterbird,M,other,native,1138963,905996,1412585,2006,2015,PIF0615,BBS7017,1970,2017,-316527.816,-723216.2792,-30089.89251,-444441.9448,-209270.7381,1138962.713,905996.05,1412585.075,0.282039569,0.01985522,200,1.5
Pine Warbler,Setophaga pinus,PIWA,SETPIN,PIWA,"Rodewald et al., 2020","Rodewald, P. G., Withgott, J. H., & Smith, K. G. (2020). Pine Warbler (Setophaga pinus), version 1.0. Birds of the World. https://doi.org/10.2173/bow.pinwar.01species_shared.bow.project_name",11.53,Long Point Bird Observatory,forests,insects,tree,bark forager,low concern,Insectivore,bark,gleaner,Pine Warbler,Setophaga pinus,pine warbler,pine warbler,Pine warbler,"(Linnaeus, 1776)",Paruline des pins,Pine Warbler,Paruline des pins,Passeriformes,Parulidae,,Setophaga,Setophaga pinus,,,,,,Eastern Forest,Temperate North America,Parulidae,landbird,M,other,native,13108682,11923661,14327429,2006,2015,PIF0615,BBS7017,1970,2017,-4543752.196,-6379468.241,-2950225.837,-5134314.657,-4003254.415,13108682.1,11923660.5,14327428.5,0.092765876,0.010964286,125,2
Prothonotary Warbler,Protonotaria citrea,PROW,PROCIT,PROW,"Petit, 2020","Petit, L. J. (2020). Prothonotary Warbler (Protonotaria citrea), version 1.0. Birds of the World. https://doi.org/10.2173/bow.prowar.01species_shared.bow.project_name",14.67,Birds of the World,forests,insects,cavity,foliage gleaner,declining,Insectivore,lower-canopy,gleaner,Prothonotary Warbler,Protonotaria citrea,prothonotary warbler,prothonotary warbler,Prothonotary warbler,"(Boddaert, 1783)",Paruline orangée,Prothonotary Warbler,Paruline orangée,Passeriformes,Parulidae,,Protonotaria,Protonotaria citrea,,,,,,Eastern Forest,Mexico-Central America,Parulidae,landbird,M,other,native,2069931,1633108,2645686,2006,2015,PIF0615,BBS7017,1970,2017,1278490,891442.2451,1711154.115,1141924.916,1420549.114,2069931.142,1633107.5,2645686,0.170661673,0.007759922,125,2
Rose-breasted Grosbeak,Pheucticus ludovicianus,RBGR,PHELUD,RBGR,"Wyatt and Francis, 2020","Wyatt, V. E., & Francis, C. M. (2020). Rose-breasted Grosbeak (Pheucticus ludovicianus), version 1.0. Birds of the World. https://doi.org/10.2173/bow.robgro.01species_shared.bow.project_name",45.91,Long Point Bird Observatory,forests,insects,tree,foliage gleaner,low concern,Omnivore,upper-canopy,forager,Rose-breasted Grosbeak,Pheucticus ludovicianus,rose-breasted grosbeak,rose-breasted grosbeak,Rose-breasted grosbeak,"(Linnaeus, 1766)",Cardinal à poitrine rose,Rose-breasted Grosbeak,Cardinal à poitrine rose,Passeriformes,Cardinalidae,,Pheucticus,Pheucticus ludovicianus,,,,,,Eastern Forest,Widespread Neotropical,Cardinalidae,landbird,M,other,native,4715733,4058034,5474743,2006,2015,PIF0615,BBS7017,1970,2017,1965604.565,1416636.396,2584608.339,1774277.72,2162242.821,4715732.546,4058034,5474743,0.152079089,0.007135443,200,2
Red-breasted Nuthatch,Sitta canadensis,RBNU,SITCAN,RBNU,"Ghalambor and Martin, 2020","Ghalambor, C. K., & Martin, T. E. (2020). Red-breasted Nuthatch (Sitta canadensis), version 1.0. Birds of the World. https://doi.org/10.2173/bow.rebnut.01species_shared.bow.project_name",10.48,Birds of the World,forests,insects,cavity,bark forager,low concern,Insectivore,bark,gleaner,Red-breasted Nuthatch,Sitta canadensis,red-breasted nuthatch,red-breasted nuthatch,Red-breasted nuthatch,"Linnaeus, 1766",Sittelle à poitrine rousse,Red-breasted Nuthatch,Sittelle à poitrine rousse,Passeriformes,Sittidae,Sittinae,Sitta,Sitta canadensis,,Red-bellied nuthatch ,Ki-ki-bi'-di-ko-me'-shi,"Imitation of song, some claim that this is another name for S. carolinensis",Sitta canadensis,Forest Generalist,Temperate North America,Sittidae,landbird,M,other,native,19689413,17772520,21658078,2006,2015,PIF0615,BBS7017,1970,2017,-8767892.306,-12561305.87,-5695489.405,-9961003.571,-7667907.083,19689413.19,17772520,21658078,0.218424232,0.008984852,125,1.75
Red-bellied Woodpecker,Melanerpes carolinus,RBWO,MELCAR,RBWO,"Miller et al., 2020","Miller, K. E., Leonard Jr., D. L., Shackelford, C. E., Brown, R. E., & Conner, R. N. (2020). Red-bellied Woodpecker (Melanerpes carolinus), version 1.0. Birds of the World. https://doi.org/10.2173/bow.rebwoo.01species_shared.bow.project_name",72.54,Birds of the World,forests,insects,cavity,bark forager,low concern,Insectivore,bark,gleaner,Red-bellied Woodpecker,Melanerpes carolinus,red-bellied woodpecker,red-bellied woodpecker,Red-bellied woodpecker,"(Linnaeus, 1758)",Pic à ventre roux,Red-bellied Woodpecker,Pic à ventre roux,Piciformes,Picidae,Picinae,Melanerpes,Melanerpes carolinus,,,,,,Eastern Forest,Temperate North America,Picidae,landbird,R,other,native,15518241,14095781,16973039,2006,2015,PIF0615,BBS7017,1970,2017,-6477117.155,-7555175.867,-5469824.8,-6835596.233,-6122244.078,15518241.24,14095780.5,16973038.5,0.364972699,0.012239403,200,1.75
Red-eyed Vireo,Vireo olivaceus,REVI,VIROLI,REVI,"Cimprich et al., 2020","Cimprich, D. A., Moore, F. R., & Guilfoyle, M. P. (2020). Red-eyed Vireo (Vireo olivaceus), version 1.0. Birds of the World. https://doi.org/10.2173/bow.reevir1.01species_shared.bow.project_name",17.29,Long Point Bird Observatory,forests,insects,tree,foliage gleaner,low concern,Insectivore,upper-canopy,gleaner,Red-eyed Vireo,Vireo olivaceus,red-eyed vireo,red-eyed vireo,Red-eyed vireo,"(Linnaeus, 1766)",Viréo aux yeux rouges,Red-eyed Vireo,Viréo aux yeux rouges,Passeriformes,Vireonidae,,Vireo,Vireo olivaceus,,,,,,Forest Generalist,South America,Vireonidae,landbird,M,other,native,130756817,121405110,141235333,2006,2015,PIF0615,BBS7017,1970,2017,-43805241.4,-53622217.41,-34563497.6,-47056909.56,-40543275.48,130756816.5,121405109.5,141235332.5,0.250511261,0.017879662,125,2
Red-headed Woodpecker,Melanerpes erythrocephalus,RHWO,MELERY,RHWO,"Frei et al., 2020","Frei, B., Smith, K. G., Withgott, J. H., Rodewald, P. G., Pyle, P., & Patten, M. A. (2020). Red-headed Woodpecker (Melanerpes erythrocephalus), version 1.0. Birds of the World. https://doi.org/10.2173/bow.rehwoo.01species_shared.bow.project_name",70.78,Long Point Bird Observatory,open woodlands,omnivore,cavity,flycatching,declining,Insectivore,air,sallier,Red-headed Woodpecker,Melanerpes erythrocephalus,red-headed woodpecker,red-headed woodpecker,Red-headed woodpecker,"(Linnaeus, 1758)",Pic à tête rouge,Red-headed Woodpecker,Pic à tête rouge,Piciformes,Picidae,Picinae,Melanerpes,Melanerpes erythrocephalus,,Red-headed woodpecker,Pa'que-a-mo',The bird that breaks off pieces ,Melanerpes erythrocephalus,Eastern Forest,Temperate North America,Picidae,landbird,M,other,native,1802639,1587954,2066531,2006,2015,PIF0615,BBS7017,1970,2017,2438935.875,2062909.125,2843254.105,2303392.958,2577543.791,1802638.606,1587953.5,2066531,0.27695727,0.007585097,200,1.25
Red-tailed Hawk,Buteo jamaicensis,RTHA,BUTJAM,RTHA,"Preston and Beane, 2020","Preston, C. R., & Beane, R. D. (2020). Red-tailed Hawk (Buteo jamaicensis), version 1.0. Birds of the World. https://doi.org/10.2173/bow.rethaw.01species_shared.bow.project_name",1126,Birds of the World,forests,small animals,tree,soaring,low concern,Carnivore,ground,hawker,Red-tailed Hawk,Buteo jamaicensis,red-tailed hawk,red-tailed hawk,Red-tailed hawk,"(Gmelin, 1788)",Buse à queue rousse,Red-tailed Hawk,Buse à queue rousse,Accipitriformes,Accipitridae,Accipitrinae,Buteo,Buteo jamaicensis,,Red-tailed hawk,Mis'qua-na-ni'-si,small red hawk,Buteo borealis,Habitat Generalist,Widespread,Accipitridae,landbird,M,other,native,2808115,2579824,3052334,2006,2015,PIF0615,BBS7017,1970,2017,-1649717.682,-1868102.332,-1451141.522,-1724720.45,-1577264.274,2808115.479,2579824,3052334,0.437107989,0.008314715,300,1.25
Ruby-throated Hummingbird,Archilochus colubris,RTHU,ARCCOL,RTHU,"Weidensaul et al., 2020","Weidensaul, S., Robinson, T. R., Sargent, R. R., Sargent, M. B., & Zenzal, T. J. (2020). Ruby-throated Hummingbird (Archilochus colubris), version 1.0. Birds of the World. https://doi.org/10.2173/bow.rthhum.01species_shared.bow.project_name",3.2,Birds of the World,open woodlands,nectar,tree,hovering,low concern,Omnivore,floral,hover-gleaner,Ruby-throated Hummingbird,Archilochus colubris,ruby-throated hummingbird,ruby-throated hummingbird,Ruby-throated hummingbird,"(Linnaeus, 1758)",Colibri à gorge rubis,Ruby-throated Hummingbird,Colibri à gorge rubis,Apodiformes,Trochilidae,Trochilinae,Archilochus,Archilochus colubris,,,,,,Eastern Forest,Mexico-Central America,Trochilidae,landbird,M,other,native,35777111,31236693,40921667,2006,2015,PIF0615,BBS7017,1970,2017,-17301713.5,-20866674.69,-14105515.55,-18484655.78,-16147615.86,35777111.08,31236693,40921666.5,0.296114683,0.004821445,50,2
Red-winged Blackbird,Agelaius phoeniceus,RWBL,AGEPHO,RWBL,"Yasukawa and Searcy, 2020","Yasukawa, K., & Searcy, W. A. (2020). Red-winged Blackbird (Agelaius phoeniceus), version 1.0. Birds of the World. https://doi.org/10.2173/bow.rewbla.01species_shared.bow.project_name",58.02,Birds of the World,marshes,insects,shrub,ground forager,low concern,Omnivore,ground,forage,Red-winged Blackbird,Agelaius phoeniceus,red-winged blackbird,red-winged blackbird,Red-winged blackbird,"(Linnaeus, 1766)",Carouge à épaulettes,Red-winged Blackbird,Carouge à épaulettes,Passeriformes,Icteridae,Agelaiinae,Agelaius,Agelaius phoeniceus,,,,,,Habitat Generalist,Temperate North America,Icteridae,landbird,M,other,native,172973570,154908749,196698929,2006,2015,PIF0615,BBS7017,1970,2017,92754827.79,77318657.23,109047181,87286801.73,98222647.17,172973569.9,154908748.5,196698928.5,0.294722634,0.048341194,200,1.25
Scarlet Tanager,Piranga olivacea,SCTA,PIROLI,SCTA,"Mowbray, 2020","Mowbray, T. B. (2020). Scarlet Tanager (Piranga olivacea), version 1.0. Birds of the World. https://doi.org/10.2173/bow.scatan.01species_shared.bow.project_name",29.44,Long Point Bird Observatory,forests,insects,tree,foliage gleaner,low concern,Insectivore,upper-canopy,gleaner,Scarlet Tanager,Piranga olivacea,scarlet tanager,scarlet tanager,Scarlet tanager,"(Gmelin, 1789)",Piranga écarlate,Scarlet Tanager,Piranga écarlate,Passeriformes,Cardinalidae,,Piranga,Piranga olivacea,,Scarlet Tanager,O-da'-gi-na-ma-ne'-shi,Don’t know meaning other name is Ish'-ko-de-bin-ne'-shi which means fire bird ,Pyranga rubra,Eastern Forest,South America,Cardinalidae,landbird,M,other,native,2574915,2256623,2956329,2006,2015,PIF0615,BBS7017,1970,2017,301716.2588,117878.5541,497516.1301,236828.2597,368151.8566,2574914.813,2256622.5,2956329,0.101735649,0.006773229,200,2
Sora,Porzana carolina,SORA,PORCAR,SORA,"Melvin and Gibbs, 2020","Melvin, S. M., & Gibbs, J. P. (2020). Sora (Porzana carolina), version 1.0. Birds of the World. https://doi.org/10.2173/bow.sora.01species_shared.bow.project_name",89.33,Long Point Bird Observatory,marshes,seeds,floating,ground forager,low concern,Omnivore,fresh-marsh,forager,Sora,Porzana carolina,sora,sora,Sora,"(Linnaeus, 1758)",Marouette de Caroline,Sora,Marouette de Caroline,Gruiformes,Rallidae,,Porzana,Porzana carolina,,Sora Rail,"Mo-no'-min-i-kesh-I, Manoomin bineshi","Rice bird. From its living in the swamps of wild rice, the only rail that the locals are familiar with, use the same name for all other rails",Porzana Carolina,Wetland,Temperate North America,Rallidae,waterbird,M,other,native,4428137,3481892,5601019,2006,2015,PIF0615,BBS7017,1970,2017,-895238.9762,-3035397.166,512670.6551,-1551784.942,-353288.1243,4428137.329,3481892.403,5601018.712,0.288164849,0.012031816,200,2
Song Sparrow,Melospiza melodia,SOSP,MELMEL,SOSP,"Arcese et al., 2020","Arcese, P., Sogge, M. K., Marr, A. B., & Patten, M. A. (2020). Song Sparrow (Melospiza melodia), version 1.0. Birds of the World. https://doi.org/10.2173/bow.sonspa.01species_shared.bow.project_name",20.68,Birds of the World,open woodlands,insects,shrub,ground forager,low concern,Omnivore,lower-canopyforager,ground,Song Sparrow,Melospiza melodia,song sparrow,song sparrow,Song sparrow,"(Wilson, 1810)",Bruant chanteur,Song Sparrow,Bruant chanteur,Passeriformes,Passerellidae,,Melospiza,Melospiza melodia,,,,,,Habitat Generalist,Temperate North America,Passerellidae,landbird,M,other,native,126053605,118934257,133938545,2006,2015,PIF0615,BBS7017,1970,2017,55082452.28,44568048.84,65846626.07,51610368.03,58699961.08,126053605,118934257,133938545,0.377871011,0.025177923,125,2
Spotted Sandpiper,Actitis macularius,SPSA,ACTMAC,SPSA,"Reed et al., 2020","Reed, J. M., Oring, L. W., & Gray, E. M. (2020). Spotted Sandpiper (Actitis macularius), version 1.0. Birds of the World. https://doi.org/10.2173/bow.sposan.01species_shared.bow.project_name",40.65,Long Point Bird Observatory,shorelines,small animals,ground,probing,low concern,Insectivore,shoreline,gleaner,Spotted Sandpiper,Actitis macularius,spotted sandpiper,spotted sandpiper,Spotted sandpiper,"(Linnaeus, 1766)",Chevalier grivelé,Spotted Sandpiper,Chevalier grivelé,Charadriiformes,Scolopacidae,Tringinae,Actitis,Actitis macularius,,,,,,Wetland,Widespread,Scolopacidae,shorebird,M,other,native,660000,264000,1650000,2011,2013,Shoreb12,BBS7017,1970,2017,582634.1363,0.954426626,1223862.053,368898.5304,803088.975,Missing,,,,,,
Sharp-shinned Hawk,Accipiter striatus,SSHA,ACCSTR,SSHA,"Bildstein et al., 2020","Bildstein, K. L., Meyer, K. D., White, C. M., Marks, J. S., & Kirwan, G. M. (2020). Sharp-shinned Hawk (Accipiter striatus), version 1.0. Birds of the World. https://doi.org/10.2173/bow.shshaw.01species_shared.bow.project_name",141.25,Birds of the World,forests,birds,tree,aerial dive,low concern,Carnivore,air,hawker,Sharp-shinned Hawk,Accipiter striatus,sharp-shinned hawk,sharp-shinned hawk,Sharp-shinned hawk,"(Vieillot, 1808)",Épervier brun,Sharp-shinned Hawk,Épervier brun,Accipitriformes,Accipitridae,Accipitrinae,Accipiter,Accipiter striatus,,Sharp-shinned hawk,Ke-kek',,Accipiter fuscus,Forest Generalist,Widespread,Accipitridae,landbird,M,other,native,405947,303414,524274,2006,2015,PIF0615,BBS7017,1970,2017,-183725.485,-261124.6762,-121986.8553,-208630.987,-160915.4719,405946.836,303414,524274,0.19572212,0.001721087,125,2
Swamp Sparrow,Melospiza georgiana,SWSP,MELGEO,SWSP,"Herbert and Mowbray, 2020","Herbert, J. A., & Mowbray, T. B. (2020). Swamp Sparrow (Melospiza georgiana), version 1.0. Birds of the World. https://doi.org/10.2173/bow.swaspa.01species_shared.bow.project_name",16.41,Long Point Bird Observatory,marshes,insects,shrub,ground forager,low concern,Omnivore,ground,forager,Swamp Sparrow,Melospiza georgiana,swamp sparrow,swamp sparrow,Swamp sparrow,"(Latham, 1790)",Bruant des marais,Swamp Sparrow,Bruant des marais,Passeriformes,Passerellidae,,Melospiza,Melospiza georgiana,,Swamp sparrow,Mus-ko'-zi-bi-ne 'shi,"Marsh bird, not distinguished from the two wrens  - Muskozi bineshi",Melospisa palustris,Wetland,Temperate North America,Passerellidae,landbird,M,other,native,23261464,20193095,26315495,2006,2015,PIF0615,BBS7017,1970,2017,-10270405.77,-14464894.8,-6799244.026,-11683436.55,-9009435.792,23261463.98,20193095,26315494.5,0.505455805,0.013070146,125,2
Tree Swallow,Tachycineta bicolor,TRES,TACBIC,TRES,"Winkler et al., 2020","Winkler, D. W., Hallinger, K. K., Ardia, D. R., Robertson, R. J., Stutchbury, B. J., & Cohen, R. R. (2020). Tree Swallow (Tachycineta bicolor), version 1.0. Birds of the World. https://doi.org/10.2173/bow.treswa.01species_shared.bow.project_name",21.55,Long Point Bird Observatory,lakes and ponds,insects,cavity,aerial forager,low concern,Insectivore,air,screener,Tree Swallow,Tachycineta bicolor,tree swallow,tree swallow,Tree swallow,"(Vieillot, 1808)",Hirondelle bicolore,Tree Swallow,Hirondelle bicolore,Passeriformes,Hirundinidae,Hirundininae,Tachycineta,Tachycineta bicolor,,,,,,Habitat Generalist,Widespread,Hirundinidae,landbird,M,AI,native,18581775,16732180,20563777,2006,2015,PIF0615,BBS7017,1970,2017,12732185.49,10394535.39,15211117.96,11947497.3,13571231.65,18581775.27,16732180,20563777,0.136023938,0.016419183,200,1.75
Veery,Catharus fuscescens,VEER,CATFUN,VEER,"Heckscher et al., 2020","Heckscher, C. M., Bevier, L. R., Poole, A. F., Moskoff, W., Pyle, P., & Patten, M. A. (2020). Veery (Catharus fuscescens), version 1.0. Birds of the World. https://doi.org/10.2173/bow.veery.01species_shared.bow.project_name",31.63,Long Point Bird Observatory,forests,insects,ground,ground forager,low concern,Omnivore,ground,forager,Veery,Catharus fuscescens,veery,veery,Veery,"(Stephens, 1817)",Grive fauve,Veery,Grive fauve,Passeriformes,Turdidae,,Catharus,Catharus fuscescens,,,,,,Forest Generalist,South America,Turdidae,landbird,M,other,native,11186101,9451271,13166545,2006,2015,PIF0615,BBS7017,1970,2017,6970872.267,5334513.942,8781439.255,6398073.304,7560334.787,11186101.15,9451270.5,13166544.5,0.483652865,0.014851972,200,2
Virginia Rail,Rallus limicola,VIRA,RALLIM,VIRA,"Conway, 2020","Conway, C. J. (2020). Virginia Rail (Rallus limicola), version 1.0. Birds of the World. https://doi.org/10.2173/bow.virrai.01species_shared.bow.project_name",81.28,Long Point Bird Observatory,marshes,aquatic invertebrates,ground,probing,low concern,Insectivore,marsh,prober,Virginia Rail,Rallus limicola,virginia rail,Virginia rail,Virginia rail,"(Vieillot, 1819)",Râle de Virginie,Virginia Rail,Râle de Virginie,Gruiformes,Rallidae,,Rallus,Rallus limicola,,,,,,Wetland,Temperate North America,Rallidae,waterbird,M,other,native,232547,160326,321031,2006,2015,PIF0615,BBS7017,1970,2017,-125520.1581,-212323.8732,-64428.35419,-151928.4973,-101401.1321,232547.22,160325.725,321030.975,0.252412972,0.03342029,125,2
Warbling Vireo,Vireo gilvus,WAVI,VIRGIL,WAVI,"Gardali and Ballard, 2020","Gardali, T., & Ballard, G. (2020). Warbling Vireo (Vireo gilvus), version 1.0. Birds of the World. https://doi.org/10.2173/bow.warvir.01species_shared.bow.project_name",13.47,Long Point Bird Observatory,open woodlands,insects,tree,foliage gleaner,low concern,Insectivore,upper-canopy,gleaner,Warbling Vireo,Vireo gilvus,warbling vireo,warbling vireo,Warbling vireo,"(Vieillot, 1808)",Viréo mélodieux,Warbling Vireo,Viréo mélodieux,Passeriformes,Vireonidae,,Vireo,Vireo gilvus,,,,,,Forest Generalist,Mexico-Central America,Vireonidae,landbird,M,other,native,52333042,46022570,58752802,2006,2015,PIF0615,BBS7017,1970,2017,-18692213.02,-24456664.29,-13608074.19,-20553992.2,-16923163.59,52333041.82,46022569.5,58752802,0.230417562,0.011166342,125,2
White-breasted Nuthatch,Sitta carolinensis,WBNU,SITCAR,WBNU,"Grubb Jr. and Pravosudov, 2020","Grubb Jr., T. C., & Pravosudov, V. V. (2020). White-breasted Nuthatch (Sitta carolinensis), version 1.0. Birds of the World. https://doi.org/10.2173/bow.whbnut.01species_shared.bow.project_name",20.68,Long Point Bird Observatory,forests,insects,cavity,bark forager,low concern,Insectivore,bark,gleaner,White-breasted Nuthatch,Sitta carolinensis,white-breasted nuthatch,white-breasted nuthatch,White-breasted nuthatch,"(Latham, 1790)",Sittelle à poitrine blanche,White-breasted Nuthatch,Sittelle à poitrine blanche,Passeriformes,Sittidae,Sittinae,Sitta,Sitta carolinensis,,White-bellied nuthatch ,Chi-Chi-ga'-nan-da-we'-shi,Imitation of song ,Sitta carolinensis,Forest Generalist,Temperate North America,Sittidae,landbird,R,other,native,10035072,9249484,10873200,2006,2015,PIF0615,BBS7017,1970,2017,-6484091.202,-7543641.089,-5519823.002,-6829647.015,-6151025.305,10035072.48,9249483.5,10873199.5,0.300171347,0.007606023,125,1.5
White-eyed Vireo,Vireo griseus,WEVI,VIRGRI,WEVI,"Hopp, 2022","Hopp, S. L. (2022). White-eyed Vireo (Vireo griseus), version 2.0. Birds of the World. https://doi.org/10.2173/bow.whevir.02species_shared.bow.project_name",11.04,Long Point Bird Observatory,scrub,insects,shrub,foliage gleaner,low concern,Insectivore,lower-canopy,gleaner,White-eyed Vireo,Vireo griseus,white-eyed vireo,white-eyed vireo,White-eyed vireo,"(Boddaert, 1783)",Viréo aux yeux blancs,White-eyed Vireo,Viréo aux yeux blancs,Passeriformes,Vireonidae,,Vireo,Vireo griseus,,,,,,Eastern Forest,Mexico-Central America,Vireonidae,landbird,M,other,native,22090753,20223913,24179468,2006,2015,PIF0615,BBS7017,1970,2017,-7065591.309,-8978314.323,-5239991.324,-7727956.405,-6425969.123,22090753.38,20223912.5,24179467.5,0.345526823,0.014272054,125,2
Willow Flycatcher,Empidonax traillii,WIFL,EMPTRA,WIFL,"Sedgwick, 2020","Sedgwick, J. A. (2020). Willow Flycatcher (Empidonax traillii), version 1.0. Birds of the World. https://doi.org/10.2173/bow.wilfly.01species_shared.bow.project_name",13.4,Birds of the World,marshes,insects,shrub,flycatching,low concern,Insectivore,air,sallier,Willow Flycatcher,Empidonax traillii,willow flycatcher,willow flycatcher,Willow flycatcher,"(Audubon, 1828)",Moucherolle des saules,Willow Flycatcher,Moucherolle des saules,Passeriformes,Tyrannidae,Fluvicolinae,Empidonax,Empidonax traillii,,,,,,Eastern Forest,Widespread Neotropical,Tyrannidae,landbird,M,other,native,8095093,6902363,9486416,2006,2015,PIF0615,BBS7017,1970,2017,2940723.187,1949423.609,4016124.305,2588134.869,3308645.734,8095093.277,6902362.5,9486415.5,0.192252001,0.007418508,125,2
Wilson's Snipe,Gallinago delicata,WISN,GALDEL,WISN,"Mueller, 2020","Mueller, H. (2020). Wilson’s Snipe (Gallinago delicata), version 1.0. Birds of the World. https://doi.org/10.2173/bow.wilsni1.01species_shared.bow.project_name",112.07,Birds of the World,marshes,aquatic invertebrates,ground,probing,low concern,Vermivore,ground,prober,Wilson's Snipe,Gallinago delicata,wilson's snipe,Wilson's snipe,Wilson's snipe,"(Ord, 1825)",Bécassine de Wilson,Wilson's Snipe,Bécassine de Wilson,Charadriiformes,Scolopacidae,Scolopacinae,Gallinago,Gallinago delicata,,Wilson's snipe,Pa-dash'-ka-an'-ja,bill long and pointed,Gallinago media wilsoni,Wetland,Widespread,Scolopacidae,shorebird,M,other,native,2000000,800000,5000000,2011,2013,Shoreb12,BBS7017,1970,2017,-356660.3324,-1014231.804,-0.240691262,-545459.1726,-197856.6971,Missing,,,,,,
Wild Turkey,Meleagris gallopavo,WITU,MELGAL,WITU,"McRoberts et al., 2020","McRoberts, J. T., Wallace, M. C., & Eaton, S. W. (2020). Wild Turkey (Meleagris gallopavo), version 1.0. Birds of the World. https://doi.org/10.2173/bow.wiltur.01species_shared.bow.project_name",4130,Birds of the World,open woodlands,omnivore,ground,ground forager,low concern,Omnivore,ground,forager,Wild Turkey,Meleagris gallopavo,wild turkey,wild turkey,Wild turkey,"(Linnaeus, 1758)",Dindon sauvage,Wild Turkey,Dindon sauvage,Galliformes,Phasianidae,,Meleagris,Meleagris gallopavo,,,,,,Forest Generalist,Temperate North America,Phasianidae,landbird,R,other,native,6750000,6075000,7425000,2008,2010,BNA2014,BBS7017,1970,2017,-11369566.4,-14551262.31,-8873201.812,-12362236.21,-10471818.03,Missing,,,,,,
Winter Wren,Troglodytes hiemalis,WIWR,TROHIE,WIWR,"Hejl et al., 2020","Hejl, S. J., Holmes, J. A., & Kroodsma, D. E. (2020). Winter Wren (Troglodytes hiemalis), version 1.0. Birds of the World. https://doi.org/10.2173/bow.winwre3.01species_shared.bow.project_name",8.27,Long Point Bird Observatory,forests,insects,cavity,ground forager,low concern,Insectivore,ground,gleaner,Winter Wren,Troglodytes hiemalis,winter wren,winter wren,Winter wren,"(Vieillot, 1819)",Troglodyte des forêts,Winter Wren,Troglodyte des forêts,Passeriformes,Troglodytidae,,Troglodytes,Troglodytes hiemalis,,Winter wren,O-du-na'-mis-sug-ud-da-we'-shi ,"Making a big noise for its size, not distinguished from house wren",,Boreal Forest,Temperate North America,Troglodytidae,landbird,M,other,native,11140437,9052643,13798379,2006,2015,PIF0615,BBS7017,1970,2017,-2182790.915,-5115622.53,23901.20003,-3121130.343,-1350791.466,11140436.66,9052643,13798379,0.450595909,0.010210473,200,1.75
Wood Duck,Aix sponsa,WODU,AIXSPO,WODU,"Hepp and Bellrose, 2020","Hepp, G. R., & Bellrose, F. C. (2020). Wood Duck (Aix sponsa), version 1.0. Birds of the World. https://doi.org/10.2173/bow.wooduc.01species_shared.bow.project_name",657.5,Birds of the World,lakes and ponds,plants,cavity,dabbler,low concern,Granivore,ground,gleaner,Wood Duck,Aix sponsa,wood duck,wood duck,Wood duck,"(Linnaeus, 1758)",Canard branchu,Wood Duck,Canard branchu,Anseriformes,Anatidae,Anatinae,Aix,Aix sponsa,,Wood Duck,Si-a-mo',unknown,Aix sponsa,Wetland,Temperate North America,Anatidae,waterfowl,M,other,native,2148806,1930697,2371212,2006,2015,PIF0615,BBS7017,1970,2017,-1382265.73,-1651780.844,-1141445.038,-1472194.892,-1297891.335,2148805.879,1930697.475,2371211.625,0.255417551,0.006689409,125,1.5
White-throated Sparrow,Zonotrichia albicollis,WTSP,ZONALB,WTSP,"Falls and Kopachena, 2020","Falls, J. B., & Kopachena, J. G. (2020). White-throated Sparrow (Zonotrichia albicollis), version 1.0. Birds of the World. https://doi.org/10.2173/bow.whtspa.01species_shared.bow.project_name",26.1,Long Point Bird Observatory,forests,seeds,ground,ground forager,low concern,Omnivore,ground,forager,White-throated Sparrow,Zonotrichia albicollis,white-throated sparrow,white-throated sparrow,White-throated sparrow,"(Gmelin, 1789)",Bruant à gorge blanche,White-throated Sparrow,Bruant à gorge blanche,Passeriformes,Passerellidae,,Zonotrichia,Zonotrichia albicollis,,,,,,Boreal Forest,Temperate North America,Passerellidae,landbird,M,other,native,162847702,138867549,189194261,2006,2015,PIF0615,BBS7017,1970,2017,93507758.78,71792609.34,118131445.9,85735346.85,101544294.9,162847701.6,138867548.5,189194261,0.810191169,0.028959236,200,2
Yellow-billed Cuckoo,Coccyzus americanus,YBCU,COCAME,YBCU,"Hughes, 2020b","Hughes, J. M. (2020b). Yellow-billed Cuckoo (Coccyzus americanus), version 1.0. Birds of the World. https://doi.org/10.2173/bow.yebcuc.01species_shared.bow.project_name",58.38,Long Point Bird Observatory,open woodlands,insects,tree,foliage gleaner,common bird in steep decline,Insectivore,lower-canopy,gleaner,Yellow-billed Cuckoo,Coccyzus americanus,yellow-billed cuckoo,yellow-billed cuckoo,Yellow-billed cuckoo,"(Linnaeus, 1758)",Coulicou à bec jaune,Yellow-billed Cuckoo,Coulicou à bec jaune,Cuculiformes,Cuculidae,Cuculinae,Coccyzus,Coccyzus americanus,,,,,,Eastern Forest,South America,Cuculidae,landbird,M,other,native,8358126,7571171,9214892,2006,2015,PIF0615,BBS7017,1970,2017,7765674.065,6309631.244,9265539.408,7259180.132,8257017.917,8358125.516,7571170.5,9214892,0.322683865,0.010071364,200,2
Yellow Warbler,Setophaga petechia,YEWA,SETPET,YWAR,"Lowther et al., 2020","Lowther, P. E., Celada, C., Klein, N. K., Rimmer, C. C., & Spector, D. A. (2020). Yellow Warbler (Setophaga petechia), version 1.0. Birds of the World. https://doi.org/10.2173/bow.yelwar.01species_shared.bow.project_name",9.73,Long Point Bird Observatory,open woodlands,insects,shrub,foliage gleaner,low concern,Insectivore,lower-canopy,gleaner,Yellow Warbler,Setophaga petechia,yellow warbler,yellow warbler,Yellow warbler,"(Linnaeus, 1766)",Paruline jaune,Yellow Warbler,Paruline jaune,Passeriformes,Parulidae,,Setophaga,Setophaga petechia,,,,,,Forest Generalist,Widespread Neotropical,Parulidae,landbird,M,other,native,92640979,83231903,102629283,2006,2015,PIF0615,BBS7017,1970,2017,30516332.67,22777261.24,38840679.84,27767230.55,33373984.04,92640979.34,83231903,102629282.5,0.100828316,0.012896374,125,2
Yellow-throated Vireo,Vireo flavifrons,YTVI,VIRFLF,YTVI,"Rodewald and James, 2020","Rodewald, P. G., & James, R. D. (2020). Yellow-throated Vireo (Vireo flavifrons), version 1.0. Birds of the World. https://doi.org/10.2173/bow.yetvir.01species_shared.bow.project_name",16.67,Long Point Bird Observatory,open woodlands,insects,tree,foliage gleaner,low concern,Insectivore,upper-canopy,gleaner,Yellow-throated Vireo,Vireo flavifrons,yellow-throated vireo,yellow-throated vireo,Yellow-throated vireo,"(Vieillot, 1808)",Viréo à gorge jaune,Yellow-throated Vireo,Viréo à gorge jaune,Passeriformes,Vireonidae,,Vireo,Vireo flavifrons,,,,,,Eastern Forest,Mexico-Central America,Vireonidae,landbird,M,other,native,4705278,4250092,5161482,2006,2015,PIF0615,BBS7017,1970,2017,-2146791.291,-2589822.081,-1745189.848,-2293583.276,-2002720.801,4705278.262,4250091.5,5161481.5,0.234056711,0.007699809,125,2
